Page URL;Menu Item;Resource URL;Title;Brief Description;Date;Member Only;Collection;Resource Type;Artificial intelligence;Bone;Cardiovascular;Careers;Coding & HRGs;Diagnostics;Educational;Endocrinology;Equipment;Gastro;Haematology;Infection;Lung;Management;Management and Workforce;Molecular Radiotherapy;Neurology;Oncology;Paediatrics;PET and PET-CT;Physics – dosimetry;Physics – imaging science;Physics – radiation protection;Radiopharmaceutical Development;Radiopharmacy;Renal;Therapeutic;Thyroid;Training;Working in NM
https://drive.google.com/drive/folders/1UgITKsr9gQ360Qywq7Ah3woxoT3wPo2B;Posters Autumn 2025;https://drive.google.com/file/d/1PGwR0ca8MT0_dInXSl1WZkxOmJ998rWT/view;P01 Determining SPECT/CT semi-quantification ratio cut-offs for guiding surgical man-agement in patients with UCH: A local retrospective study;;2025;Yes;Events;Posters;;;;;;;;X;;;;;;;;;;;;;;;;;;;;;;
https://drive.google.com/drive/folders/1UgITKsr9gQ360Qywq7Ah3woxoT3wPo2B;Posters Autumn 2025;https://drive.google.com/file/d/1T1W6CKB8Gkw55FtfJg_7nM7PicuyG1SL/view;P02 Unmasking The Heart: When Bone Scan Reveals More Than Expected;;2025;Yes;Events;Posters;;;X;;;;;;;;;;;;;;;;;;;;;;;;;;;
https://drive.google.com/drive/folders/1UgITKsr9gQ360Qywq7Ah3woxoT3wPo2B;Posters Autumn 2025;https://drive.google.com/file/d/1OoBZf39lMnup78MRZqAEXzxrp2db4tC3/view;P03 Calcium score as a gatekeeper for myocardial perfusion scan;;2025;Yes;Events;Posters;;;X;;;;;;;;;;;;;;;;;;;;;;;;;;;
https://drive.google.com/drive/folders/1UgITKsr9gQ360Qywq7Ah3woxoT3wPo2B;Posters Autumn 2025;https://drive.google.com/file/d/1zGGh7IzhUfN-5hY3lRxmV9BgbYKjp6L5/view;"P04 “Reversible Myocardial Injury” in Cardiac Transplant Rejection: A Case Report
Highlighting the Role of 18F-FDG and 82Rb-PET Imaging";;2025;Yes;Events;Posters;;;X;;;;;;;;;;;;;;;;;X;;;;;;;;;;
https://drive.google.com/drive/folders/1UgITKsr9gQ360Qywq7Ah3woxoT3wPo2B;Posters Autumn 2025;https://drive.google.com/file/d/1znJ4TG5dW8vGR2sh9qWUMjuiOF43Aw5G/view;P05 Streamlining current protocols in octreotide imaging;;2025;Yes;Events;Posters;;;;;;X;;;;;;;;;;;;;;;;;;;;;;;;
https://drive.google.com/drive/folders/1UgITKsr9gQ360Qywq7Ah3woxoT3wPo2B;Posters Autumn 2025;https://drive.google.com/file/d/1j6eO7olZZmou2Bwa3462LC-jQd86be05/view;P07 How bad is bad? Diagnostic Efficacy of Modified SehCAT Protocols of Bile Acid Malabsorption In Frimley Park Hospital;;2025;Yes;Events;Posters;;;;;;;;;;X;;;;;;;;;;;;;;;;;;;;
https://drive.google.com/drive/folders/1UgITKsr9gQ360Qywq7Ah3woxoT3wPo2B;Posters Autumn 2025;https://drive.google.com/file/d/1m0yufw2A4E5kh1WqhN46k0A0Q9byG15a/view;P08 MHRA Trusted Advisory Group (TAG);;2025;Yes;Events;Posters;;;;;;;;;;;;;;X;;;;;;;;;;;;;;;;
https://drive.google.com/drive/folders/1UgITKsr9gQ360Qywq7Ah3woxoT3wPo2B;Posters Autumn 2025;https://drive.google.com/file/d/1IVRb73LVCcTQfSnE1jFnaiNl9FInRobw/view;"P09 Supporting research capacity in Nuclear Medicine – a synergistic relationship
between clinical practice and Research & Development";;2025;Yes;Events;Posters;;;;;;;;;;;;;;;X;;;;;;;;;;;;;;;
https://drive.google.com/drive/folders/1UgITKsr9gQ360Qywq7Ah3woxoT3wPo2B;Posters Autumn 2025;https://drive.google.com/file/d/16XBEpFbPWc5bN1o3CMC1NGG6QK8LOjXp/view;"P10 Development of a Standardised Training Documentation Template for 
Nuclear Medicine Practice in London";;2025;Yes;Events;Posters;;;;;;;;;;;;;;;;;;;;;;;;;;;;;X;
https://drive.google.com/drive/folders/1UgITKsr9gQ360Qywq7Ah3woxoT3wPo2B;Posters Autumn 2025;https://drive.google.com/file/d/1Yg4uAPI0lOvrMwpWtQUR0paQQTca4SXf/view;P11 Transition from Conventional PET to Long Axial Field of View (LAFOV) PET Scanners;;2025;Yes;Events;Posters;;;;;;;;;;;;;;;;;;;;X;;;;;;;;;;
https://drive.google.com/drive/folders/1UgITKsr9gQ360Qywq7Ah3woxoT3wPo2B;Posters Autumn 2025;https://drive.google.com/file/d/1ttVfb6yBTJSv08WzaeGwOgmLgplMpWuv/view;P12 Implementing the TOTEM study with two newly installed LAFOV PET/CT scanners;;2025;Yes;Events;Posters;;;;;;;;;;;;;;;;;;;;X;;;;;;;;;;
https://drive.google.com/drive/folders/1UgITKsr9gQ360Qywq7Ah3woxoT3wPo2B;Posters Autumn 2025;https://drive.google.com/file/d/1ayUFvR-473IXZYqAhPDvh77D-Eat4Ua3/view;P13 A Weighty Problem: GLP-1 Agonists and the Altered Images of FDG PET-CT;;2025;Yes;Events;Posters;;;;;;;;;;;;;;;;;;;;X;;;;;;;;;;
https://drive.google.com/drive/folders/1UgITKsr9gQ360Qywq7Ah3woxoT3wPo2B;Posters Autumn 2025;https://drive.google.com/file/d/13f8snzJiQDrI0A_63v1kRc8ruyQzGnpN/view;P15 Local Evaluation of PSMA PET/CT: Added Value Over Conventional Imaging in Metastatic Prostate Cancer Detection;;2025;Yes;Events;Posters;;;;;;;;;;;;;;;;;;;;X;;;;;;;;;;
https://drive.google.com/drive/folders/1UgITKsr9gQ360Qywq7Ah3woxoT3wPo2B;Posters Autumn 2025;https://drive.google.com/file/d/1hUy8CNeOBXhGKPTVkXBjRnpu0188nx99/view;P16 Unexpected [131I] uptake in a benign ovarian serous adenomatous cyst in a patient with synchronous de-differentiating papillary thyroid carcinoma and elevated thyroglobulin resembling metastatic disease;;2025;Yes;Events;Posters;;;;;;;;;;;;;;;;;;;;;;;;;;;;X;;
https://drive.google.com/drive/folders/1UgITKsr9gQ360Qywq7Ah3woxoT3wPo2B;Posters Autumn 2025;https://drive.google.com/file/d/1snVgd8Lk9-AFPEGj2RxQPIyCwNnHT44W/view;P17 Feasibility of Reduced Scan Time per Bed Position in 68Ga-DOTATATE PET/CT Imaging;;2025;Yes;Events;Posters;;;;;;;;;;;;;;;;;;;;X;;;;;;;;;;
https://drive.google.com/drive/folders/1UgITKsr9gQ360Qywq7Ah3woxoT3wPo2B;Posters Autumn 2025;https://drive.google.com/file/d/1tfoI9i6SwgyIW1M8W0EMXuBC9a1AraEp/view;"P19 Building confidence, ensuring quality: The role of accreditation in 
Nuclear Medicine and Medical Physics";;2025;Yes;Events;Posters;;;;;;;X;;;;;;;;;;;;;;;X;;;;;;;;
https://drive.google.com/drive/folders/1UgITKsr9gQ360Qywq7Ah3woxoT3wPo2B;Posters Autumn 2025;https://drive.google.com/file/d/15ou2N6LzuVoPoYSapIeJbyPEacHSopbU/view;"P20 Cutting the Search Time: Artificial Intelligence Improves Efficiency in Nuclear
Medicine Standard operating procedures’ Access";;2025;Yes;Events;Posters;X;;;;;;;;;;;;;;;;;;;;;;;;;;;;;
https://drive.google.com/drive/folders/1UgITKsr9gQ360Qywq7Ah3woxoT3wPo2B;Posters Autumn 2025;https://drive.google.com/file/d/1UmJWersCT8ryb7NaZWd-8U8tcaU77csM/view;P21Radiation Made Visible Wristband Policy;;2025;Yes;Events;Posters;;;;;;;;;;;;;;;;;;;;;;;X;;;;;;;
https://drive.google.com/drive/folders/1UgITKsr9gQ360Qywq7Ah3woxoT3wPo2B;Posters Autumn 2025;https://drive.google.com/file/d/1izdsNmp5uskX3ha0VF0m-q0Udk8N5Eq-/view;P22 Dosimetrically guided high administered activity [131I] meta Iodobenzylguanidine therapy for metastatic high-risk neuroblastoma – a single centre experience of 102 patients;;2025;Yes;Events;Posters;;;;;;;;;;;;;;;;;;;X;;;;;;;;;;;
https://drive.google.com/drive/folders/1UgITKsr9gQ360Qywq7Ah3woxoT3wPo2B;Posters Autumn 2025;https://drive.google.com/file/d/1Z2zs9_XZqGdl54x07N-PlYy4gt9i2-XI/view;P24 Enabling Safer 212Pb Therapy – CAN* paves the way for UK Clinical Trials;;2025;Yes;Events;Posters;;;;;;;;;;;;;;;;X;;;;;;;;;;;;;;
https://drive.google.com/drive/folders/1UgITKsr9gQ360Qywq7Ah3woxoT3wPo2B;Posters Autumn 2025;https://drive.google.com/file/d/13h44-Ghx_ETX_F0AdOnzrqFkpeDwmO2d/view;P26 Development of UK Supply Chain for Copper Medical Isotopes;;2025;Yes;Events;Posters;;;;;;;;;;;;;;;;;;;;;;;;X;;;;;;
https://drive.google.com/drive/folders/1UgITKsr9gQ360Qywq7Ah3woxoT3wPo2B;Posters Autumn 2025;https://drive.google.com/file/d/1ltGMquzFwACf3rIy-0sKrpOOf2ZPlGvX/view;P27 Development of a PET tracer [68Ga]Ga-BP2P for early inflammation detection in Metabolic Dysfunction–Associated Steatotic Liver Disease (MASLD);;2025;Yes;Events;Posters;;;;;;;;;;X;;;;;;;;;;;;;;;;;;;;
https://drive.google.com/drive/folders/1rXUspTPOcsfteSSL8vYcDy2IXNPlcI9G;Posters Spring 2025;https://drive.google.com/file/d/1Y66HaJfyMX1hAx1MdQNXTCPm31W2h19s/view;P001 Bone scan as a pre-operative assessment prior to deep brain stimulation in Parkinson’s disease;;2025;Yes;Events;Posters;;X ;;;;;;;;;;;;;;;;;;;;;;;;;;;;
https://drive.google.com/drive/folders/1rXUspTPOcsfteSSL8vYcDy2IXNPlcI9G;Posters Spring 2025;https://drive.google.com/file/d/1BXjB4Onm5_a4qST-3Zf_-mQjMbhsccRn/view;P002 DISH-ing out the details: An interesting incidental finding of Diffuse Idiopathic Skeletal Hyperostosis on SPECT-CT;;2025;Yes;Events;Posters;;X;;;;;;;;;;;;;;;;;;;;;;;;;;;;
https://drive.google.com/drive/folders/1rXUspTPOcsfteSSL8vYcDy2IXNPlcI9G;Posters Spring 2025;https://drive.google.com/file/d/1SzYkUSx065Q4-JJ3V-uNLL_kGyt-KVI4/view;P004 Imaging spectrum of intraarticular osteoid osteoma: Role of F18 bone scan;Winner of Ignac Fogelman Memorial Prize and Certificate of Merit;2025;Yes;Events;Posters;;X;;;;;;;;;;;;;;;;;;;;;;;;;;;;
https://drive.google.com/drive/folders/1rXUspTPOcsfteSSL8vYcDy2IXNPlcI9G;Posters Spring 2025;https://drive.google.com/file/d/1bGJWZ5qjnBvI35g2YBya-NmEYj_qixmw/view;"P005 Global assessment of bone metabolism in chronic kidney disease-mineral bone
disease (CKD-MBD) using novel method of quantification with Na[18F]F PET";;2025;Yes;Events;Posters;;X;;;;;;;;;;;;;;;;;;;;;;;;;;;;
https://drive.google.com/drive/folders/1rXUspTPOcsfteSSL8vYcDy2IXNPlcI9G;Posters Spring 2025;https://drive.google.com/file/d/1DRtrbpvpqsScOKszxGD0djx7B_g12dPY/view;"P006 Prevalence of skeletal metastases in patients referred by primary care for
[99mTc]Tc-HDP bone scan";;2025;Yes;Events;Posters;;X;;;;;;;;;;;;;;;;;;;;;;;;;;;;
https://drive.google.com/drive/folders/1rXUspTPOcsfteSSL8vYcDy2IXNPlcI9G;Posters Spring 2025;https://drive.google.com/file/d/1VFMklkBgdTL9xvDJ8LSxcoeOLqDGxI0-/view;P008 Prevalence of bone metastases in patients with a history of cancer presenting with musculoskeletal pain;;2025;Yes;Events;Posters;;X;;;;;;;;;;;;;;;;;;;;;;;;;;;;
https://drive.google.com/drive/folders/1rXUspTPOcsfteSSL8vYcDy2IXNPlcI9G;Posters Spring 2025;https://drive.google.com/file/d/1Du3yV-EkNzYB68eMKpXtGBVcw6dOHAfA/view;P010 Identification of Cardiac Amyloidosis on Bone Scintigraphy – a streamlined approach;Winner of 2nd Poster Prize and Certificate of Merit;2025;Yes;Events;Posters;;;X;;;;;;;;;;;;;;;;;;;;;;;;;;;
https://drive.google.com/drive/folders/1rXUspTPOcsfteSSL8vYcDy2IXNPlcI9G;Posters Spring 2025;https://drive.google.com/file/d/1OVWQdsgnirAMAK3C5fXozZ3QNuhUj-jE/view;P011 Use of SUV SPECT in [99mTc] DPD Imaging for Cardiac Amyloidosis;;2025;Yes;Events;Posters;;;X;;;;;;;;;;;;;;;;;;;;;;;;;;;
https://drive.google.com/drive/folders/1rXUspTPOcsfteSSL8vYcDy2IXNPlcI9G;Posters Spring 2025;https://drive.google.com/file/d/1Kj6DsJ3v3IAZvQU9MYD3ME6har14QN8F/view;P013 Image Reconstruction & Analysis of Atherosclerosis Imaging by [18F]FDG PET/CT using Digital PET Technology;;2025;Yes;Events;Posters;;;;;;;;;;;;;;;;;;;;X;;;;;;;;;;
https://drive.google.com/drive/folders/1rXUspTPOcsfteSSL8vYcDy2IXNPlcI9G;Posters Spring 2025;https://drive.google.com/file/d/1wMqN9knlzkMxHgJ4lyAa7wnwMTY7u8p0/view;P014 Assessment of Prone+: a tool for artefact reduction in Dual-Position SPECT-only Myocardial Perfusion Imaging;;2025;Yes;Events;Posters;;;X;;;;;;;;;;;;;;;;;;;;;;;;;;;
https://drive.google.com/drive/folders/1rXUspTPOcsfteSSL8vYcDy2IXNPlcI9G;Posters Spring 2025;https://drive.google.com/file/d/1PYwcdsXYIf9vvXYde45WhIwZtptpExip/view;P015 Drop in Ejection Fraction between Stress and Rest Myocardial Perfusion Imaging studies: Incidence and possible Clinical Relevance;;2025;Yes;Events;Posters;;;X;;;;;;;;;;;;;;;;;;;;;;;;;;;
https://drive.google.com/drive/folders/1rXUspTPOcsfteSSL8vYcDy2IXNPlcI9G;Posters Spring 2025;https://drive.google.com/file/d/1iinSJ3FqO3V3ghjPmBAbVgYVYFFnkq82/view;P016 [Tc99m]Tc-HDP incidentalomas – is our NM heart in it?;;2025;Yes;Events;Posters;;;X;;;;;;;;;;;;;;;;;;;;;;;;;;;
https://drive.google.com/drive/folders/1rXUspTPOcsfteSSL8vYcDy2IXNPlcI9G;Posters Spring 2025;https://drive.google.com/file/d/1vAb73CpTkb8sYniPHETSZtIrreU53rmF/view;P017 Effect of deep learning attenuation correction on quantification of myocardial perfusion SPECT;;2025;Yes;Events;Posters;;;X;;;;;;;;;;;;;;;;;;;;;;;;;;;
https://drive.google.com/drive/folders/1rXUspTPOcsfteSSL8vYcDy2IXNPlcI9G;Posters Spring 2025;https://drive.google.com/file/d/1LPnRCGU1fKl4uqoyc-VtOdg-bgLsb12Y/view;P018 Dual-position Myocardial Perfusion Imaging (MPI): minimising patient dose by reducing the number of required rest scans.;;2025;Yes;Events;Posters;;;X;;;;;;;;;;;;;;;;;;;;;;;;;;;
https://drive.google.com/drive/folders/1rXUspTPOcsfteSSL8vYcDy2IXNPlcI9G;Posters Spring 2025;https://drive.google.com/file/d/1nuQOt9n2pdNKaDTwYWu9O4o_9cMvCoBQ/view;P019 Pictorial Review of the Benefits of SPECT CT in Myocardial Perfusion Imaging;;2025;Yes;Events;Posters;;;X;;;;;;;;;;;;;;;;;;;;;;;;;;;
https://drive.google.com/drive/folders/1rXUspTPOcsfteSSL8vYcDy2IXNPlcI9G;Posters Spring 2025;https://drive.google.com/file/d/1z_oSKTFm6-8UdFPOgyl6emlUJ8AtQ864/view;P020 Evaluation of Myocardial Uptake Suppression in [18F]FDG PET-CT Imaging for Cardiac Sarcoidosis;;2025;Yes;Events;Posters;;;X;;;;;;;;;;;;;;;;;;;;;;;;;;;
https://drive.google.com/drive/folders/1rXUspTPOcsfteSSL8vYcDy2IXNPlcI9G;Posters Spring 2025;https://drive.google.com/file/d/12aP0wTRerSDM27yaWgTxn2CDizp8ZY8e/view;"P021 A Forgotten Nuclear Medicine Test Saves the Day: Diagnosing Multifocal Splenosis When All Else Failed – A Rare Case with Critical Lessons for Clinicians and 
Radiologists";;2025;Yes;Events;Posters;;;;;;X;;;;;;;;;;;;;;;;;;;;;;;;
https://drive.google.com/drive/folders/1rXUspTPOcsfteSSL8vYcDy2IXNPlcI9G;Posters Spring 2025;https://drive.google.com/file/d/19w8w8BBNFDIV0gCFjcRtcaBo7Owc8XQz/view;P023 Case study of radiation induced erythema from extravasated 18F[FDG]: A technologist’s experience;;2025;Yes;Events;Posters;;;;;;;;;;;;;;;;;;;;;;;X;;;;;;;
https://drive.google.com/drive/folders/1rXUspTPOcsfteSSL8vYcDy2IXNPlcI9G;Posters Spring 2025;https://drive.google.com/file/d/15aGPJ0EtJK9TEwUz-T71RVUsq2D-lkcI/view;P024 Unexpected finding of diffuse high grade [18F]PSMA-1007 uptake by the entire vasculature;;2025;Yes;Events;Posters;;;;;;;;;;;;;;;;;;X;;;;;;;;;;;;
https://drive.google.com/drive/folders/1rXUspTPOcsfteSSL8vYcDy2IXNPlcI9G;Posters Spring 2025;https://drive.google.com/file/d/17X5yS3Ho9YXFCzkaY2JGPv1q0nwfhQkj/view;P025 [18F]PSMA-positive splenic haemangiomas - avoiding the trap of misdiagnosis: A case report and literature review.;;2025;Yes;Events;Posters;;;;;;;;;;;;;;;;;;;;;;;;;;X;;;;
https://drive.google.com/drive/folders/1rXUspTPOcsfteSSL8vYcDy2IXNPlcI9G;Posters Spring 2025;https://drive.google.com/file/d/1PJBpgkiAjf6fI850IXZcS7CeKcfNZPF_/view;P026 A case of Acute Renal Graft Pyelonephritis Detected on [99mTc]Tc-DMSA Renal Scintigraphy;;2025;Yes;Events;Posters;;;;;;;;;;;;;;;;;;;;;;;;;;X;;;;
https://drive.google.com/drive/folders/1rXUspTPOcsfteSSL8vYcDy2IXNPlcI9G;Posters Spring 2025;https://drive.google.com/file/d/12qgRyayVsvK8xLVf9OrJjDiAQvVcaVHH/view;P027 Renal Cell Carcinoma vs Renal Pseudo-Tumour The role of [99mTc] Tc-DMSA SPECT/CT in non-invasive diagnosis;;2025;Yes;Events;Posters;;;;;;;;;;;;;;;;;;;;;;;;;;X;;;;
https://drive.google.com/drive/folders/1rXUspTPOcsfteSSL8vYcDy2IXNPlcI9G;Posters Spring 2025;https://drive.google.com/file/d/1d1CuhN1AKf4VyCBIreBNbsCK9hG5f_MV/view;P028 Incidential [18F]PSMA-Positive Renal Oncocytoma in a Prostate Cancer Patient: A Case Report;;2025;Yes;Events;Posters;;;;;;;;;;;;;;;;;;;;;;;;;;X;;;;
https://drive.google.com/drive/folders/1rXUspTPOcsfteSSL8vYcDy2IXNPlcI9G;Posters Spring 2025;https://drive.google.com/file/d/1AWky7BpGgfoFxu4T7-_jAwjAE3imksE0/view;P029 The Benefits of Implementing a Single Sample Glomerular Filtration Rate (GFR) Protocol;;2025;Yes;Events;Posters;;;;;;;;;;;;;;X;;;;;;;;;;;;;;;;
https://drive.google.com/drive/folders/1rXUspTPOcsfteSSL8vYcDy2IXNPlcI9G;Posters Spring 2025;https://drive.google.com/file/d/1N46iQklxzqwL6qbE-zo7gOPn7162iD-d/view;P031 Should we replace the planar with Single Photon Emission Computed Tomography (SPECT) for Tc 99m Dimercaptosuccinic acid (DMSA)?;;2025;Yes;Events;Posters;;;;;;;;;;;;;;;;;;;;;;X;;;;;;;;
https://drive.google.com/drive/folders/1rXUspTPOcsfteSSL8vYcDy2IXNPlcI9G;Posters Spring 2025;https://drive.google.com/file/d/1lyN5g2GiUDUiM312rWl4e3nTtRe8vDU8/view;P032 Efficacy of Radioactive Iodine Therapy with Activity-adjusted for Nodular Size Regimen in Patients with Toxic Adenoma;;2025;Yes;Events;Posters;;;;;;;;;;;;;;;;;;;;;;;;;;;;X;;
https://drive.google.com/drive/folders/1rXUspTPOcsfteSSL8vYcDy2IXNPlcI9G;Posters Spring 2025;https://drive.google.com/file/d/12fwh4nOCCRyWGsu2vlTW1WSqIkUzR50H/view;P033 Characterisation of the cause of hyperthyroidism: Comparison of initial clinical impression and [99mTc]Pertechnetate thyroid scans.;;2025;Yes;Events;Posters;;;;;;;;;;;;;;;;;;;;;;;;;;;;X;;
https://drive.google.com/drive/folders/1rXUspTPOcsfteSSL8vYcDy2IXNPlcI9G;Posters Spring 2025;https://drive.google.com/file/d/1JjMyVJ34uMIMnyxwPpMljRL0IlxTb0zL/view;P034 Can CT texture analysis assist in the identification of parathyroid adenomas?;Winner of Certificate of Merit;2025;Yes;Events;Posters;;;;;;;;X;;;;;;;;;;;;;;;;;;;;;;
https://drive.google.com/drive/folders/1rXUspTPOcsfteSSL8vYcDy2IXNPlcI9G;Posters Spring 2025;https://drive.google.com/file/d/16LeDASPixWEnFBobFkAoeZz6md5yCoWu/view;P035 Significant impact of matrix size on localisation of parathyroid adenomas using 18F-Choline PET-CT;;2025;Yes;Events;Posters;;;;;;;;X;;;;;;;;;;;;;;;;;;;;;;
https://drive.google.com/drive/folders/1rXUspTPOcsfteSSL8vYcDy2IXNPlcI9G;Posters Spring 2025;https://drive.google.com/file/d/1SRPGBoHum9AoT9l2QXZxbeRbRpEPE-nq/view;P036 Dissecting the parathyroid adenoma scanning protocol!;;2025;Yes;Events;Posters;;;;;;;;X;;;;;;;;;;;;;;;;;;;;;;
https://drive.google.com/drive/folders/1rXUspTPOcsfteSSL8vYcDy2IXNPlcI9G;Posters Spring 2025;https://drive.google.com/file/d/1aff7PBCabckj-wViwgpqXOUHzZtPO8OD/view;P037 Shaping Surgical Decisions: The Real-World Impact of Parathyroid Imaging with Single/Dual Tracer SPECT/CT;;2025;Yes;Events;Posters;;;;;;;;X;;;;;;;;;;;;;;;;;;;;;;
https://drive.google.com/drive/folders/1rXUspTPOcsfteSSL8vYcDy2IXNPlcI9G;Posters Spring 2025;https://drive.google.com/file/d/1FJ3hoEDgXCvTMRPCQquHbls1cS4broYn/view;P038 Comparing the Impact of USS, 4D-CT, Dual-Tracer Subtraction, and [99mTc]-MIBI SPECT/CT on Clinical Decision-Making in Primary Hyperparathyroidism;;2025;Yes;Events;Posters;;;;;;;;;;X;;;;;;;;;;;;;;;;;;;;
https://drive.google.com/drive/folders/1rXUspTPOcsfteSSL8vYcDy2IXNPlcI9G;Posters Spring 2025;https://drive.google.com/file/d/1SaaODlQoil981-QW-37V0n00fa1W299v/view;P039 Variability in SeHCAT cutoff values for diagnosis and severity classification: Clinical implications;;2025;Yes;Events;Posters;;;;;;;;;;X;;;;;;;;;;;;;;;;;;;;
https://drive.google.com/drive/folders/1rXUspTPOcsfteSSL8vYcDy2IXNPlcI9G;Posters Spring 2025;https://drive.google.com/file/d/1ddS9tGG9AzPyP9KoEx0myWTMDuL4Jsq5/view;P040 Retrospective study assessing the utility of the liquid phase of the dual gastric emptying study;;2025;Yes;Events;Posters;;;;;;;;;;X;;;;;;;;;;;;;;;;;;;;
https://drive.google.com/drive/folders/1rXUspTPOcsfteSSL8vYcDy2IXNPlcI9G;Posters Spring 2025;https://drive.google.com/file/d/1LoIwVCvgJsu5LyyYr0PfvzEjbc-h-dtw/view;P041 Optimisation of Gastric Emptying Studies in South West Wales;;2025;Yes;Events;Posters;;;;;;;;;;X;;;;;;;;;;;;;;;;;;;;
https://drive.google.com/drive/folders/1rXUspTPOcsfteSSL8vYcDy2IXNPlcI9G;Posters Spring 2025;https://drive.google.com/file/d/1ncoxakSL4Lh6-t9Ua-BhS34jzh0CGWhu/view;P042 SeHCAT test: Cholecystectomy does not increase the likelihood of an abnormal result beyond normal incidence.;;2025;Yes;Events;Posters;;;;;;;;;;X;;;;;;;;;;;;;;;;;;;;
https://drive.google.com/drive/folders/1rXUspTPOcsfteSSL8vYcDy2IXNPlcI9G;Posters Spring 2025;https://drive.google.com/file/d/1eRzKhkOCPwkPyeowentiE0mPYXeqLLIu/view;P043 Mitigating metformin-related bowel uptake in a patient with caecal lymphoma: An interesting case report;;2025;Yes;Events;Posters;;;;;;;;;;X;;;;;;;;;;;;;;;;;;;;
https://drive.google.com/drive/folders/1rXUspTPOcsfteSSL8vYcDy2IXNPlcI9G;Posters Spring 2025;https://drive.google.com/file/d/1s4F6H75vPECIe33vjkMSfyTy4XrbnpnL/view;P044 PET-CT in Rosai Dorfman Disease;;2025;Yes;Events;Posters;;;;;;;;;;;X;;;;;;;;;;;;;;;;;;;
https://drive.google.com/drive/folders/1rXUspTPOcsfteSSL8vYcDy2IXNPlcI9G;Posters Spring 2025;https://drive.google.com/file/d/1tI_daRTvnQ1h5inEVBJlag9I5cBfHZ0w/view;P045 Comparing Deauville Score on PET response assessment scans in Hodgkin's Lymphoma using Time-of-Flight iterative and Q.Clear reconstruction algorithms;;2025;Yes;Events;Posters;;;;;;;;;;;X;;;;;;;;;;;;;;;;;;;
https://drive.google.com/drive/folders/1rXUspTPOcsfteSSL8vYcDy2IXNPlcI9G;Posters Spring 2025;https://drive.google.com/file/d/1ENarOftOzUrqMVqei6UVTWHv_DFBqzUV/view;P046 Assessment of treatment response for skull base osteomyelitis. -Should we insist on a baseline pre-treatment scan?;;2025;Yes;Events;Posters;;;;;;;;;;;;X;;;;;;;;;;;;;;;;;;
https://drive.google.com/drive/folders/1rXUspTPOcsfteSSL8vYcDy2IXNPlcI9G;Posters Spring 2025;https://drive.google.com/file/d/1X0jvo02Bm39tkIUPpcLF-cwIJaORwYhl/view;P047 Clinical utility of temporal bone SPECT using Ga-67 against conventional CT and MRI for management of necrotising otitis externa;;2025;Yes;Events;Posters;;;;;;;;;;;;X;;;;;;;;;;;;;;;;;;
https://drive.google.com/drive/folders/1rXUspTPOcsfteSSL8vYcDy2IXNPlcI9G;Posters Spring 2025;https://drive.google.com/file/d/1Gj_QUT6rh_2yIy8wmnPvl1-b7M-Xd4SW/view;P048 Clinical impact of 18F FDG PET-CT in the management of patients with infection;Winner of Joint 2nd Student Prize;2025;Yes;Events;Posters;;;;;;;;;;;;X;;;;;;;;;;;;;;;;;;
https://drive.google.com/drive/folders/1rXUspTPOcsfteSSL8vYcDy2IXNPlcI9G;Posters Spring 2025;https://drive.google.com/file/d/1gDSxoWKJ5d9NWNImBir43SQy7yGGebUZ/view;P050 Introduction and Service Evaluation of VQ SPECT-CT for Quantitative Lung Assessment;;2025;Yes;Events;Posters;;;;;;;;;;;;;X;;;;;;;;;;;;;;;;;
https://drive.google.com/drive/folders/1rXUspTPOcsfteSSL8vYcDy2IXNPlcI9G;Posters Spring 2025;https://drive.google.com/file/d/1xeasG51U0KELfdny80zYVPBmvPOYvFHp/view;P052 Enhancing V/Q SPECT with CT: The added value of low-dose CT in uncovering critical clinical findings;;2025;Yes;Events;Posters;;;;;;;;;;;;;X;;;;;;;;;;;;;;;;;
https://drive.google.com/drive/folders/1rXUspTPOcsfteSSL8vYcDy2IXNPlcI9G;Posters Spring 2025;https://drive.google.com/file/d/12xJn7Fq8jOTAYL-faWMgr91ta2xVZ3iy/view;P053 When the Clot Thickens: Decoding Perfusion Defects in V/Q Scans;Winner of Certificate of Merit;2025;Yes;Events;Posters;;;;;;;;;;;;;X;;;;;;;;;;;;;;;;;
https://drive.google.com/drive/folders/1rXUspTPOcsfteSSL8vYcDy2IXNPlcI9G;Posters Spring 2025;https://drive.google.com/file/d/1unPo1RnYvWRFGy0mLg7nwogH7ipvpKrq/view;P054 From Unreliable Generators to Reliable Care: Implementing Technegas for Lung Ventilation SPECT/CT;;2025;Yes;Events;Posters;;;;;;;;;;;;;X;;;;;;;;;;;;;;;;;
https://drive.google.com/drive/folders/1rXUspTPOcsfteSSL8vYcDy2IXNPlcI9G;Posters Spring 2025;https://drive.google.com/file/d/1Qj-HVcSv3V_WqyD_EnxXSJTDdk7InPpR/view;P055 Negative VQ scan – are we good at excluding CTEPH?;;2025;Yes;Events;Posters;;;;;;X;;;;;;;;;;;;;;;;;;;;;;;;
https://drive.google.com/drive/folders/1rXUspTPOcsfteSSL8vYcDy2IXNPlcI9G;Posters Spring 2025;https://drive.google.com/file/d/1zldwIGLMNgR3Uksiq0A6DwX52gRIZNeD/view;P056 Improving the Pathway for [123I]Ioflupane Imaging using Quality Improvement Methodology;;2025;Yes;Events;Posters;;;;;;;;;;;;;;;;;X;;;;;;;;;;;;;
https://drive.google.com/drive/folders/1rXUspTPOcsfteSSL8vYcDy2IXNPlcI9G;Posters Spring 2025;https://drive.google.com/file/d/1AVXaSD4NuCFuSFrW6gfM4j6ISlMSQ_iq/view;P058 Evaluating the use of Ceiling Monitors to Determine Restriction Periods for I-131 Ablation Therapy In-Patients;;2025;Yes;Events;Posters;;;;;;;;;;;;;;;;;;;;;;;X;;;;;;;
https://drive.google.com/drive/folders/1rXUspTPOcsfteSSL8vYcDy2IXNPlcI9G;Posters Spring 2025;https://drive.google.com/file/d/1QJeEBhOU5Sr053w27IoJynxUplu7aaFN/view;P059 Audit of Skeletal Muscle Update on [311]-MIBG Post-Therapy Imaging;;2025;Yes;Events;Posters;;X;;;;;;;;;;;;;;;;;;;;;;;;;;;;
https://drive.google.com/drive/folders/1rXUspTPOcsfteSSL8vYcDy2IXNPlcI9G;Posters Spring 2025;https://drive.google.com/file/d/1kQabsmnHhqxnffGda8wdGJQcyyXsQRep/view;"P060 A multinational, multicenter, prospective, randomized, controlled, open-label, phase 3 study of Lutetium (177Lu) rosopatamab tetraxetan in combination with standard of care versus standard of care alone in patients with prostate-specific membrane antigen
(PSMA) positive metastatic castration-resistant prostate cancer (mCRPC) after androgen receptor pathway inhibitor (ARPI) treatment";;2025;Yes;Events;Posters;;;;;;;;;;;;;;;;X;;;;;;;;;;;;;;
https://drive.google.com/drive/folders/1rXUspTPOcsfteSSL8vYcDy2IXNPlcI9G;Posters Spring 2025;https://drive.google.com/file/d/1TFg3E19CUszpM-U23s91tKKpeOitg6SR/view;"P061 Safe Intravenous Administration of Radioiodine for Patients with Complex
Needs.";;2025;Yes;Events;Posters;;;;;;;;;;;;;;;;;;;;;;;;;;;;X;;
https://drive.google.com/drive/folders/1rXUspTPOcsfteSSL8vYcDy2IXNPlcI9G;Posters Spring 2025;https://drive.google.com/file/d/14N1ie-2ymX-8tiyB-5u2YmOO1L9Oyon6/view;P062 Coordination is Key! A Research Nuclear Medicine Technologist’s Perspective of Implementing Complex Radionuclide Therapy Trials;Winner of Certificate of Merit;2025;Yes;Events;Posters;;;;;;;;;;;;;;;;X;;;;;;;;;;;;;;
https://drive.google.com/drive/folders/1rXUspTPOcsfteSSL8vYcDy2IXNPlcI9G;Posters Spring 2025;https://drive.google.com/file/d/15y9cEOX4FrTOtRTcASZOYDUdQmVGN9T0/view;P063 Technologist role in bridging clinical Practise and Research-Insight from Citadel trial;;2025;Yes;Events;Posters;;;;X;;;;;;;;;;;;;;;;;;;;;;;;;;
https://drive.google.com/drive/folders/1rXUspTPOcsfteSSL8vYcDy2IXNPlcI9G;Posters Spring 2025;https://drive.google.com/file/d/1KsSr-QnYTO61xkaJl69Z_5dlCcwJToBd/view;P064 1-Dimension, a Lot of Physics;;2025;Yes;Events;Posters;;;;;;;;;;;;;;;;;;;;;;X;;;;;;;;
https://drive.google.com/drive/folders/1rXUspTPOcsfteSSL8vYcDy2IXNPlcI9G;Posters Spring 2025;https://drive.google.com/file/d/1pd4J3sXw1FhLYXWheq4GKXt7-ivgdUbl/view;"P065 Setting up a Phase I Clinical Trial...The CITADEL-123 Trial: A Physicist’s Perspective
";Winner of Saul Hertz Radiotherapy Poster Prize and Certificate of Merit;2025;Yes;Events;Posters;;;;;;;;;;;;;;;;X;;;;;;;;;;;;;;
https://drive.google.com/drive/folders/1rXUspTPOcsfteSSL8vYcDy2IXNPlcI9G;Posters Spring 2025;https://drive.google.com/file/d/1Iguu0FvGxUbtBMqOdU8qeKOZHUwSAZ1i/view;P066 Delivery of [177Lu] Lutetium-PSMA therapy: Our experience;;2025;Yes;Events;Posters;;;;;;;;;;;;;;;;;;;;;;;;;;;X;;;
https://drive.google.com/drive/folders/1rXUspTPOcsfteSSL8vYcDy2IXNPlcI9G;Posters Spring 2025;https://drive.google.com/file/d/1BqPntlywzFgEEEYGn0qnaTFsZAGZwF57/view;P068 Effectiveness of [131I]mIBG Therapy in High-Risk Neuroblastoma;;2025;Yes;Events;Posters;;;;;;;;;;;;;;;;X;;;;;;;;;;;;;;
https://drive.google.com/drive/folders/1rXUspTPOcsfteSSL8vYcDy2IXNPlcI9G;Posters Spring 2025;https://drive.google.com/file/d/1_aD__OoGOsOGqM62cC3_mRDr5Fd4Q4nJ/view;P070 Enhancing Patient-Centred Care in Dementia Diagnostics: Streamlining PET-CT Workflow with Florbetaben Scans;;2025;Yes;Events;Posters;;;;;;;;;;;;;;;;;X;;;;;;;;;;;;;
https://drive.google.com/drive/folders/1rXUspTPOcsfteSSL8vYcDy2IXNPlcI9G;Posters Spring 2025;https://drive.google.com/file/d/1SCI74Y8rruxLPsgZldOB9fLLs1OHHsAx/view;P071 Venlafaxine's effect on DaTSCAN: Myth or Reality?;;2025;Yes;Events;Posters;;;;;;;;;;;;;;;;;X;;;;;;;;;;;;;
https://drive.google.com/drive/folders/1rXUspTPOcsfteSSL8vYcDy2IXNPlcI9G;Posters Spring 2025;https://drive.google.com/file/d/1jn9yVTIpaAAPp68asfMUHsBZdlbhKOeV/view;P072 NHSGGC Nuclear Medicine [123I] FP-CIT Protocol Audit and Optimisation 2024;;2025;Yes;Events;Posters;;;;;;;;;;;;;;;;;X;;;;;;;;;;;;;
https://drive.google.com/drive/folders/1rXUspTPOcsfteSSL8vYcDy2IXNPlcI9G;Posters Spring 2025;https://drive.google.com/file/d/1rM8kFlFt-19Zg9m3lIMT7ENPf3-0PW9U/view;P073 Colour Table Display for I-123 FP-CIT (DaTSCAN);;2025;Yes;Events;Posters;;;;;;;;;;;;;;;;;X;;;;;;;;;;;;;
https://drive.google.com/drive/folders/1rXUspTPOcsfteSSL8vYcDy2IXNPlcI9G;Posters Spring 2025;https://drive.google.com/file/d/1B8Q50QJlLsZpt2AZ0vy_qbJwwk8VzXze/view;P074 How to report an “atypical” 123I-FP-CIT SPECT scan;;2025;Yes;Events;Posters;;;;;;;;;;;;;;;;;X;;;;;;;;;;;;;
https://drive.google.com/drive/folders/1rXUspTPOcsfteSSL8vYcDy2IXNPlcI9G;Posters Spring 2025;https://drive.google.com/file/d/1mpD323VIiNZZIngYkYmY_c9Z8ObEa_nH/view;P075 Evaluating the impact of quantification on diagnostic confidence in DATScan interpretation.;;2025;Yes;Events;Posters;;;;;;;;;;;;;;;;;X;;;;;;;;;;;;;
https://drive.google.com/drive/folders/1rXUspTPOcsfteSSL8vYcDy2IXNPlcI9G;Posters Spring 2025;https://drive.google.com/file/d/1123QBBDjaD1Ve8YtCAHtrQkmzQJIYn4-/view;P076 The Value of Dual Tracer Multimodality Imaging in the Diagnosis of Multisystem Atrophy (MSA) and Differential Diagnoses of Atypical Parkinsonian Syndromes (APS)): An Educational Case Report and Literature Review;Winner of Certificate of Merit;2025;Yes;Events;Posters;;;;;;;;;;;;;;X;;;;;;;;;;;;;;;;
https://drive.google.com/drive/folders/1rXUspTPOcsfteSSL8vYcDy2IXNPlcI9G;Posters Spring 2025;https://drive.google.com/file/d/1rjJcTR5z9tgHnE1wDSO8WHF513c-rbOb/view;P077 Stability and Sterility of Stabilised 99mTc HMPAO for Ictal SPECT Services;;2025;Yes;Events;Posters;;;;;;;;;;;;;;;;;;;;;;;;;X;;;;;
https://drive.google.com/drive/folders/1rXUspTPOcsfteSSL8vYcDy2IXNPlcI9G;Posters Spring 2025;https://drive.google.com/file/d/1_kcntJcNO333SUJh0lm_x3zbmLzdiuSK/view;P078 Influence of Follow up 123I-FP-CIT Scans on Clinical Management;;2025;Yes;Events;Posters;;;;;;;;;;;;;;X;;;;;;;;;;;;;;;;
https://drive.google.com/drive/folders/1rXUspTPOcsfteSSL8vYcDy2IXNPlcI9G;Posters Spring 2025;https://drive.google.com/file/d/1PMK4Pq6-T5oBQuJ3pSRWR_OP9LUoIToL/view;P079 Evaluation of Chang attenuation corrected versus non -corrected semiquantitative analysis ( DaTQUANT) by comparison with visual analysis in [123I] Ioflupane SPECT (DaTSCAN );;2025;Yes;Events;Posters;;;;;;;;;;;;;;;;;;;;;;X;;;;;;;;
https://drive.google.com/drive/folders/1rXUspTPOcsfteSSL8vYcDy2IXNPlcI9G;Posters Spring 2025;https://drive.google.com/file/d/1DNaGIenNTJfdCp84WzwGPUPddlB8iaJv/view;P080 Huntingdon's disease with Parkinson-like symptoms and abnormal [123I] Iofluplane SPECT-CT (DaTs). A Case Report and Literature Review;;2025;Yes;Events;Posters;;;;;;;;;;;;;;;;;X;;;;;;;;;;;;;
https://drive.google.com/drive/folders/1rXUspTPOcsfteSSL8vYcDy2IXNPlcI9G;Posters Spring 2025;https://drive.google.com/file/d/10NoaY8Pf0w8szupGsL8NX3iv9w9CAuUH/view;P081 The use and effect of listening to music to reduce anxiety in patients during PET/CT imaging protocol;;2025;Yes;Events;Posters;;;;;;;;;;;;;;;;;;;;X;;;;;;;;;;
https://drive.google.com/drive/folders/1rXUspTPOcsfteSSL8vYcDy2IXNPlcI9G;Posters Spring 2025;https://drive.google.com/file/d/1jabhsH21ndV0U3P6DfAJyzgW-QJvpIER/view;P082 Investigation of the Tumour Sink Effect in 99mTc-EDDA/HYNIC-TOC quantitative SPECT-CT;Winner of Lee Jenkins Memorial Poster Prize;2025;Yes;Events;Posters;;;;;;;;;;;;;;;;;;X;;;;;;;;;;;;
https://drive.google.com/drive/folders/1rXUspTPOcsfteSSL8vYcDy2IXNPlcI9G;Posters Spring 2025;https://drive.google.com/file/d/1CFj-U54eR2N7qlkVCQOFGmNwwWfWm2DO/view;"P084 Advancing PET-CT Services in England: AI and BI-Driven Insights for Equitable
Access and Operational Efficiency";;2025;Yes;Events;Posters;X;;;;;;;;;;;;;;;;;;;;;;;;;;;;;
https://drive.google.com/drive/folders/1rXUspTPOcsfteSSL8vYcDy2IXNPlcI9G;Posters Spring 2025;https://drive.google.com/file/d/1qb5jXBimHNt2bzw4H87BTJ5rerIZy74D/view;P085 Intravenous Applications of [99mTc] Tc=Nanocolloid for Splenic Tissue and Presacral Myelolipoma Imaging;;2025;Yes;Events;Posters;;;;;;;;;;;X;;;;;;;;;;;;;;;;;;;
https://drive.google.com/drive/folders/1rXUspTPOcsfteSSL8vYcDy2IXNPlcI9G;Posters Spring 2025;https://drive.google.com/file/d/1EK5Ns3c5QHkXozJdtKpKzp28R-t8imDX/view;P086 Clinical implementation of quantitative [123I]mIBG SPECT/CT;;2025;Yes;Events;Posters;;;;;;;;;;;;;;;;X;;;;;;;;;;;;;;
https://drive.google.com/drive/folders/1rXUspTPOcsfteSSL8vYcDy2IXNPlcI9G;Posters Spring 2025;https://drive.google.com/file/d/1CQAf-vHFZ0n2JD62tRgZbPyYhWOJHNa9/view;P088 Optimisation of 99mTc /111 In Labelled Octreotide Planar Imaging Protocol;;2025;Yes;Events;Posters;;;;;;;;;;;;;;;;;;;;;;X;;;;;;;;
https://drive.google.com/drive/folders/1rXUspTPOcsfteSSL8vYcDy2IXNPlcI9G;Posters Spring 2025;https://drive.google.com/file/d/1azRhvtWAcZaSV_xwWbp56v1UhqtCVG7L/view;"P089 Change in sentinel lymph node imaging protocol leading to camera time 
savings – single centre experience";;2025;Yes;Events;Posters;;;;;;;;;;;;;;;;;;X;;;;;;;;;;;;
https://drive.google.com/drive/folders/1rXUspTPOcsfteSSL8vYcDy2IXNPlcI9G;Posters Spring 2025;https://drive.google.com/file/d/11lYvqcnLFwyeSVVy2dCTRAxSsuLlG6On/view;P090 Downstaging of oesophageal cancer pre-surgery: Does a short interval PET CT scan help?;;2025;Yes;Events;Posters;;;;;;;;;;;;;;;;;;;;X;;;;;;;;;;
https://drive.google.com/drive/folders/1rXUspTPOcsfteSSL8vYcDy2IXNPlcI9G;Posters Spring 2025;https://drive.google.com/file/d/1K0qV6xa2e7kyBeG4H_3jq1l7S8_qhfCH/view;P091 A PET peeve-the overuse of PET-CT in breast cancer imaging;;2025;Yes;Events;Posters;;;;;;;;;;;;;;;;;;X;;;;;;;;;;;;
https://drive.google.com/drive/folders/1rXUspTPOcsfteSSL8vYcDy2IXNPlcI9G;Posters Spring 2025;https://drive.google.com/file/d/1vqbX0BotTI3nREd_KJNiKfvN7GFD5gR5/view;P092 Comparison of Deauville scores using standard and resolution modelling approaches with long-axial-field-of-view PET/CT systems- initial experience at two UK centres.;;2025;Yes;Events;Posters;;;;;;;;;;;;;;;;;;;;X;;;;;;;;;;
https://drive.google.com/drive/folders/1rXUspTPOcsfteSSL8vYcDy2IXNPlcI9G;Posters Spring 2025;https://drive.google.com/file/d/1fdZHHTXpcuUoAP1uTt7QKLuzfPyKGDhV/view;P093 Retrospective Analysis of Head and Neck SPECT CT in Melanoma Patients for Sentinel Lymph Node Identification;;2025;Yes;Events;Posters;;;;;;X;;;;;;;;;;;;;;;;;;;;;;;;
https://drive.google.com/drive/folders/1rXUspTPOcsfteSSL8vYcDy2IXNPlcI9G;Posters Spring 2025;https://drive.google.com/file/d/1QQ-CFA-OhNYFEybhy4RcsWFjhsGrTxOk/view;P094 Does Written Clinical Indication Truly Impact Final [F]FDG PET/CT Conclusion?;;2025;Yes;Events;Posters;;;;;;;;;;;;;;;;;;;;X;;;;;;;;;;
https://drive.google.com/drive/folders/1rXUspTPOcsfteSSL8vYcDy2IXNPlcI9G;Posters Spring 2025;https://drive.google.com/file/d/1KXwTVe6tfOkQ_XXIAF19LV1S_M6ByDG7/view;P095 Case study: Staging of breast cancer in an 8-month pregnant patient with ultra-low dose [18F]FDG PET/CT on a long axial field-of-view scanner;;2025;Yes;Events;Posters;;;;;;;;;;;;;;;;;;;;X;;;;;;;;;;
https://drive.google.com/drive/folders/1rXUspTPOcsfteSSL8vYcDy2IXNPlcI9G;Posters Spring 2025;https://drive.google.com/file/d/1k39whCn8xmHrpPp2I3RlPLBChIU6lc9L/view;P096 Optimization of follow up in long term differentiated thyroid cancer patients in remission;Winner of 3rd Poster Prize;2025;Yes;Events;Posters;;;;;;;;;;;;;;;;;;;;;;;;;;;;X;;
https://drive.google.com/drive/folders/1rXUspTPOcsfteSSL8vYcDy2IXNPlcI9G;Posters Spring 2025;https://drive.google.com/file/d/1nHs65-hrC6lkWoGoVNu9I4W2WU0TpQme/view;P098 Value of [18F]FDG-PET-CT in patients with cervix Ca in comparison with MRI and against Royal College of Radiologists (RCR) and Royal College of Physicians (RCP) 2022 PET-CT guidelines from the UHBW January 2022-October 2024.;;2025;Yes;Events;Posters;;;;;;;;;;;;;;;;;;;;X;;;;;;;;;;
https://drive.google.com/drive/folders/1rXUspTPOcsfteSSL8vYcDy2IXNPlcI9G;Posters Spring 2025;https://drive.google.com/file/d/1k_vXz6O00nEXb3_WwkpNhTsPbYKQbmq_/view;P099 3D half-body lymphoscintigraphy with Veriton SPECT-CT: a case study;;2025;Yes;Events;Posters;;;;;;;;;;;;;;;;;;X;;;;;;;;;;;;
https://drive.google.com/drive/folders/1rXUspTPOcsfteSSL8vYcDy2IXNPlcI9G;Posters Spring 2025;https://drive.google.com/file/d/1ll24eXvo0bTIIFPw7uacDaSXNiK-N5Vs/view;P100 Incidence of Hiatal Hernias and focal uptake on FDG Whole Body PET-CT scans.;;2025;Yes;Events;Posters;;;;;;;;;;;;;;;;;;;;X;;;;;;;;;;
https://drive.google.com/drive/folders/1rXUspTPOcsfteSSL8vYcDy2IXNPlcI9G;Posters Spring 2025;https://drive.google.com/file/d/1ebJnAAjuMyDqnKaVGDRvEmdNkz4kd0Kj/view;P101 Splenic uptake – A “pancreatic” tail of two tracers;;2025;Yes;Events;Posters;;;;;;;;X;;;;;;;;;;;;;;;;;;;;;;
https://drive.google.com/drive/folders/1rXUspTPOcsfteSSL8vYcDy2IXNPlcI9G;Posters Spring 2025;https://drive.google.com/file/d/1-WvrWRIFEzsWMHSIc-_iCr3ymS_6uBQR/view;P102 Chasing the Leak: Solving the Case with SPECTacular Lymphoscintigraphy;;2025;Yes;Events;Posters;;;;;;;;X;;;;;;;;;;;;;;;;;;;;;;
https://drive.google.com/drive/folders/1rXUspTPOcsfteSSL8vYcDy2IXNPlcI9G;Posters Spring 2025;https://drive.google.com/file/d/1lK8C1wQjRM7oK5_GxZGuYvGUDsG-fuVU/view;P103 The Feasibility of Ultra-Fast [18F]FDG PET-CT Imaging in Paediatric Patients: Image Quality and Quantitative PET Parameters in a Second-Generation Digital 32cm PET Scanner;Winner of RTNG Poster Prize and Certificate of Merit;2025;Yes;Events;Posters;;;;;;;;;;;;;;;;;;;;X;;;;;;;;;;
https://drive.google.com/drive/folders/1rXUspTPOcsfteSSL8vYcDy2IXNPlcI9G;Posters Spring 2025;https://drive.google.com/file/d/13BJ5Dz6uyyqbAFn__caBLBenGcxqGINU/view;P104 The administration and retention of diagnostic and therapeutic radiopharmaceuticals associated with central venous access devices (CVADs);;2025;Yes;Events;Posters;;;;;;;;;;;;;;;;;;;;;;;;;X;;;;;
https://drive.google.com/drive/folders/1rXUspTPOcsfteSSL8vYcDy2IXNPlcI9G;Posters Spring 2025;https://drive.google.com/file/d/1BFXBLNvEYy92hW_0XCCEuLoa8yWSA3Uw/view;P107 Supporting the Nuclear Medicine Technologist Workforce: A Local Experience of Developing Pathways into the Profession;Winner of Certificate of Merit;2025;Yes;Events;Posters;;;;;;;;;;;;;;;X;;;;;;;;;;;;;;;
https://drive.google.com/drive/folders/1rXUspTPOcsfteSSL8vYcDy2IXNPlcI9G;Posters Spring 2025;https://drive.google.com/file/d/1sF_U2k77K7qY8VSfmPAoSHzNwnK0PTTG/view;"P108 Radiation Imaging worker’s Knowledge, Attitude and Perception towards
Artificial Intelligence (AI)";;2025;Yes;Events;Posters;X;;;;;;;;;;;;;;;;;;;;;;;;;;;;;
https://drive.google.com/drive/folders/1rXUspTPOcsfteSSL8vYcDy2IXNPlcI9G;Posters Spring 2025;https://drive.google.com/file/d/1bhUJS41sWEJxpNEzG3neYpkDHpH0ovUM/view;"P109 Exploring the Current Status of Advanced Clinical Practitioners in Nuclear Medicine 
in Scotland";;2025;Yes;Events;Posters;;;;X;;;;;;;;;;;;;;;;;;;;;;;;;;
https://drive.google.com/drive/folders/1rXUspTPOcsfteSSL8vYcDy2IXNPlcI9G;Posters Spring 2025;https://drive.google.com/file/d/1rAAAuJ5UGYaV31nFIQqDHph3jhNb5GY6/view;P110 The Newcastle Veriton solid state SPECT-CT scanner: From business case to initial clinical experience;;2025;Yes;Events;Posters;;;;;;;;;X;;;;;;;;;;;;;;;;;;;;;
https://drive.google.com/drive/folders/1rXUspTPOcsfteSSL8vYcDy2IXNPlcI9G;Posters Spring 2025;https://drive.google.com/file/d/1xGu-zdvEtDo5qt6GhnsPLYVW5fu6SDGT/view;P111 Experience of the first Nuclear Medicine Department to achieve MPACE Accreditation;;2025;Yes;Events;Posters;;;;;;;;;;;;;;;;;;;;;;;;;;;;;;X
https://drive.google.com/drive/folders/1rXUspTPOcsfteSSL8vYcDy2IXNPlcI9G;Posters Spring 2025;https://drive.google.com/file/d/1E2YMaOYVFSz7ZSJ9KYpVHeu2mNt-X_Hf/view;P112 Exploring Nuclear Medicine Imaging for Biodistribution and Health Impacts of Microplastics: A Literature Review;;2025;Yes;Events;Posters;;;;;;;X;;;;;;;;;;;;;;;;;;;;;;;
https://drive.google.com/drive/folders/1rXUspTPOcsfteSSL8vYcDy2IXNPlcI9G;Posters Spring 2025;https://drive.google.com/file/d/1hlZtZH4Y86Z8ycItVfiD7a5JKgw9YOmq/view;P113 Business case development in Nuclear Medicine – what do Clinical Scientists need to know?;;2025;Yes;Events;Posters;;;;X;;;;;;;;;;;;;;;;;;;;;;;;;;
https://drive.google.com/drive/folders/1rXUspTPOcsfteSSL8vYcDy2IXNPlcI9G;Posters Spring 2025;https://drive.google.com/file/d/1LjZwK77JEn4WiJ6khz7_FkBz67OUuBQE/view;P114 What is the Breast Practice?;;2025;Yes;Events;Posters;;;;;;;;;;;;;;;;;;X;;;;;;;;;;;;
https://drive.google.com/drive/folders/1rXUspTPOcsfteSSL8vYcDy2IXNPlcI9G;Posters Spring 2025;https://drive.google.com/file/d/1K1u4dydzXZhXlmUrLG9GAsD7MNnpClfv/view;P115 Creating Team Objectives for an Effective Nuclear Medicine Physics Service;;2025;Yes;Events;Posters;;;;;;;;;;;;;;;X;;;;;;;;;;;;;;;
https://drive.google.com/drive/folders/1rXUspTPOcsfteSSL8vYcDy2IXNPlcI9G;Posters Spring 2025;https://drive.google.com/file/d/10urNSjL_pWN_oYQ3Grb89UX3VBildqbr/view;P116 Optimising SPECT/CT Quantitative Radioiodine Imaging: A study on Resolution Recovery Methods;;2025;Yes;Events;Posters;;;;;;;;;;;;;;;;;;;;;;;;;;;;X;;
https://drive.google.com/drive/folders/1rXUspTPOcsfteSSL8vYcDy2IXNPlcI9G;Posters Spring 2025;https://drive.google.com/file/d/1W9gOfwuL8PTZTxqPvKkyBnOV2pKBOQ_s/view;P117 Dosimetry Analysis in 177Lu PSMA Therapy with Different Dialysis Timings and Its Impact on Organs at Risk: Case report from SQCCCRC, OMAN;;2025;Yes;Events;Posters;;;;;;;;;;;;;;;;X;;;;;;;;;;;;;;
https://drive.google.com/drive/folders/1rXUspTPOcsfteSSL8vYcDy2IXNPlcI9G;Posters Spring 2025;https://drive.google.com/file/d/1clxJWys2XZqj7Y6fEXCdG9PFC4DlbhFC/view;P118 Dose Changes with the Introduction of a Cyclotron-Produced 68-Gallium Service: Would we do it all again?;;2025;Yes;Events;Posters;;;;;;;;;;;;;;;;;;;;;;;;;X;;;;;
https://drive.google.com/drive/folders/1rXUspTPOcsfteSSL8vYcDy2IXNPlcI9G;Posters Spring 2025;https://drive.google.com/file/d/1l2NPn-JvV0g7zYTjBTs3aOqzu2NLyoBX/view;P119 Comparison of whole-body dosimetry methods and evaluation of operator variability for organ level dosimetry with third-party software;;2025;Yes;Events;Posters;;;;;;;;;;;;;;;;;;;;;X;;;;;;;;;
https://drive.google.com/drive/folders/1rXUspTPOcsfteSSL8vYcDy2IXNPlcI9G;Posters Spring 2025;https://drive.google.com/file/d/1MjGsYF9GAoRydk9eyRTQfRUj5nS8Dx6n/view;P120 Imaging and Dosimetry for 177Lu-DOTATATE Therapy for PRRT: An Overview in the UK.;;2025;Yes;Events;Posters;;;;;;;;;;;;;;;;X;;;;;;;;;;;;;;
https://drive.google.com/drive/folders/1rXUspTPOcsfteSSL8vYcDy2IXNPlcI9G;Posters Spring 2025;https://drive.google.com/file/d/1liBQRLCeMc_OH9tEpNsZyjr6WBVD2iWo/view;P121 Enhancing Correction Accuracy in Bremsstrahlung Dosimetry for 90Y-Ibritumomab Tiuxetan Therapy Using Machine Learning-Based Algorithms;Winner of Joint 2nd Student Prize;2025;Yes;Events;Posters;X;;;;;;;;;;;;;;;;;;;;;;;;;;;;;
https://drive.google.com/drive/folders/1rXUspTPOcsfteSSL8vYcDy2IXNPlcI9G;Posters Spring 2025;https://drive.google.com/file/d/16YDdRSx-rhBxCtjzRqzrM4iyGpe6KdzM/view;P122 A protocol to measure skin dose from extravasations using a cardiac dedicated CZT gamma camera;;2025;Yes;Events;Posters;;;;;;;;;;;;;;;;;;;;;X;;;;;;;;;
https://drive.google.com/drive/folders/1rXUspTPOcsfteSSL8vYcDy2IXNPlcI9G;Posters Spring 2025;https://drive.google.com/file/d/1QJNnGLnDq6QTY6afeZocEyi0v684hydZ/view;P124 Acceptance testing and Quality Control requirements for a novel specimen PET CT scanner;;2025;Yes;Events;Posters;;;;;;;;;X;;;;;;;;;;;;;;;;;;;;;
https://drive.google.com/drive/folders/1rXUspTPOcsfteSSL8vYcDy2IXNPlcI9G;Posters Spring 2025;https://drive.google.com/file/d/1H26kXbFgRhVqQc8Mnb12N6_1McJdUEYA/view;P125 Experience commissioning SMARTZOOM HRX collimators on the Siemens Pro.Specta;;2025;Yes;Events;Posters;;;;;;;;;X;;;;;;;;;;;;;;;;;;;;;
https://drive.google.com/drive/folders/1rXUspTPOcsfteSSL8vYcDy2IXNPlcI9G;Posters Spring 2025;https://drive.google.com/file/d/1wgkZoPFsDpUgLBYfkXbWnOr3Cy4vxbE_/view;P126 Assessment of tin filter on CT image quality, radiation dose and radionuclide attenuation coefficients;;2025;Yes;Events;Posters;;;;;;;;;;;;;;;;;;;;;;x;;;;;;;;
https://drive.google.com/drive/folders/1rXUspTPOcsfteSSL8vYcDy2IXNPlcI9G;Posters Spring 2025;https://drive.google.com/file/d/1RzoadjrugQATBvsOguHG0vWdxGOOWM0-/view;P127 Inter-Batch Variability Assessment of TruNode Single-Use Gamma Probes and Acceptance Testing Against NEMA Guidelines;;2025;Yes;Events;Posters;;;;;;;;;X;;;;;;;;;;;;;;;;;;;;;
https://drive.google.com/drive/folders/1rXUspTPOcsfteSSL8vYcDy2IXNPlcI9G;Posters Spring 2025;https://drive.google.com/file/d/1p8EbHpyKd5pOzoQyPpgGh8IhRuCpbXQg/view;P128 Pitfalls of gamma probe count rate non- linearity;;2025;Yes;Events;Posters;;;;;;;;;;;;;;;;;;;;;;X;;;;;;;;
https://drive.google.com/drive/folders/1rXUspTPOcsfteSSL8vYcDy2IXNPlcI9G;Posters Spring 2025;https://drive.google.com/file/d/1p3Mrp_ZS84N-tDlSdQTPEgrZJo1HMQTl/view;P129 Optimising SeHCAT Imaging Time without Compromising Diagnostic Integrity;;2025;Yes;Events;Posters;;;;;;;;;;X;;;;;;;;;;;;;;;;;;;;
https://drive.google.com/drive/folders/1rXUspTPOcsfteSSL8vYcDy2IXNPlcI9G;Posters Spring 2025;https://drive.google.com/file/d/1Etq7fpijjI3F5qeWQD1-jd6BpcnMGB1u/view;P130 Daily 99mTc sensitivity as a proxy for 123I phantom acquisitions to support quantitative imaging in paediatric oncology;;2025;Yes;Events;Posters;;;;;;;;;;;;;;;;;;;X;;;;;;;;;;;
https://drive.google.com/drive/folders/1rXUspTPOcsfteSSL8vYcDy2IXNPlcI9G;Posters Spring 2025;https://drive.google.com/file/d/1CHFdso0c1JMxIyCMsUJhGE609O7Mlf8b/view;P131 Quality Control Protocols for Adjuvant CT: The Case for a Bespoke Approach;Winner of Certificate of Merit;2025;Yes;Events;Posters;;;;;;;;;;;;;;;;;;;;;;X;;;;;;;;
https://drive.google.com/drive/folders/1rXUspTPOcsfteSSL8vYcDy2IXNPlcI9G;Posters Spring 2025;https://drive.google.com/file/d/1AprIG2NX2MmPcydt5rRlpCxBY1jcavYv/view;P132 When should we bring a new [57Co] flood source into use?;;2025;Yes;Events;Posters;;;;;;;;;X;;;;;;;;;;;;;;;;;;;;;
https://drive.google.com/drive/folders/1rXUspTPOcsfteSSL8vYcDy2IXNPlcI9G;Posters Spring 2025;https://drive.google.com/file/d/1h3SaUCuySnQe6BzbhIKbPw-1Liga7neC/view;P133 A Novel Phantom to Investigate Dynamic Renal Imaging using 3D CZT SPECT/CT.;;2025;Yes;Events;Posters;;;;;;;;;;;;;;;;;;;;;;;;;;X;;;;
https://drive.google.com/drive/folders/1rXUspTPOcsfteSSL8vYcDy2IXNPlcI9G;Posters Spring 2025;https://drive.google.com/file/d/1lN7Fau8We--x6UDBkpMHDmhhiXb_J68k/view;P134 Optimisation of acquisition time of post-therapy scans for [177Lu]Lu-DOTA-TATE patients;;2025;Yes;Events;Posters;;;;;;;;;;;;;;;;X;;;;;;;;;;;;;;
https://drive.google.com/drive/folders/1rXUspTPOcsfteSSL8vYcDy2IXNPlcI9G;Posters Spring 2025;https://drive.google.com/file/d/1T7tsftRrrxoWz3nhTWshipWt6sqnB0Wn/view;P135 Keeping the faith with ALARP in a ≥106cm world;;2025;Yes;Events;Posters;;;;;;;;;;;;;;;;;;;;;;;X;;;;;;;
https://drive.google.com/drive/folders/1rXUspTPOcsfteSSL8vYcDy2IXNPlcI9G;Posters Spring 2025;https://drive.google.com/file/d/1CsvwxuZGHmVCR-p0vqr7uN4-dAXz7eWH/view;P136 Siemens Quadra PET/CT: Initial Clinical Oncology Experience How low can we go?;;2025;Yes;Events;Posters;;;;;;;;;;;;;;;;;;;;X;;;;;;;;;;
https://drive.google.com/drive/folders/1rXUspTPOcsfteSSL8vYcDy2IXNPlcI9G;Posters Spring 2025;https://drive.google.com/file/d/1z_xbc5sfHPxGA6cKNUlX773c9eVAb0JQ/view;P137 Setting future image quality standards for 82Rb PET/CT?;;2025;Yes;Events;Posters;;;X;;;;;;;;;;;;;;;;;;;;;;;;;;;
https://drive.google.com/drive/folders/1rXUspTPOcsfteSSL8vYcDy2IXNPlcI9G;Posters Spring 2025;https://drive.google.com/file/d/1ShxRkOjUBm2WAixSV2_4JS3ybJUUbT7_/view;P138 Implementing Derived Planar Images to Optimise [99mTc]Tc-MIBI Parathyroid Washout Studies;;2025;Yes;Events;Posters;;;;;;;;;;;;;;;;;;;;;;;;;;;;X;;
https://drive.google.com/drive/folders/1rXUspTPOcsfteSSL8vYcDy2IXNPlcI9G;Posters Spring 2025;https://drive.google.com/file/d/1nECm8Z_OY6BrbEOjK1kyUw51Qr9C4P4k/view;P139 Goldilocks and the Three (gluten-intolerant) Bears;;2025;Yes;Events;Posters;;;;;;;;;;X;;;;;;;;;;;;;;;;;;;;
https://drive.google.com/drive/folders/1rXUspTPOcsfteSSL8vYcDy2IXNPlcI9G;Posters Spring 2025;https://drive.google.com/file/d/1_5V3fhRZi-CAF9etgXpdCmMqD8nnarb9/view;P141 Epileptogenic Zone Localization on FDG-PET via AI-based signal abnormality detection;;2025;Yes;Events;Posters;X;;;;;;;;;;;;;;;;;;;;;;;;;;;;;
https://drive.google.com/drive/folders/1rXUspTPOcsfteSSL8vYcDy2IXNPlcI9G;Posters Spring 2025;https://drive.google.com/file/d/1u5VkN6U07xY9W41897SjW_xS3F2w3QrY/view;P142 Reducing Lu-177 Peptide Receptor Radionuclide Therapy (PRRT) Post-Therapy Imaging Acquisition Time;;2025;Yes;Events;Posters;;;;;;;;;;;;;;;;X;;;;;;;;;;;;;;
https://drive.google.com/drive/folders/1rXUspTPOcsfteSSL8vYcDy2IXNPlcI9G;Posters Spring 2025;https://drive.google.com/file/d/11JjS8kBOOQM2EA3Ym5BU7Cwv3kB_mBOn/view;P143 System-specific quality control limits for improved gamma camera uniformity artefact detection;Winner of Certificate of Merit;2025;Yes;Events;Posters;;;;;;;;;;;;;;;;;;;;;;X;;;;;;;;
https://drive.google.com/drive/folders/1rXUspTPOcsfteSSL8vYcDy2IXNPlcI9G;Posters Spring 2025;https://drive.google.com/file/d/1-HmNwZhNvKsBQue1Xl8sqvovKddEE7Yw/view;P144 Comparison of two vendor SPECT reconstruction approaches for Tc99m using CTN3 anthropomorphic chest phantom and their impact on Tc99m-MAA for planning SIRT therapy.;;2025;Yes;Events;Posters;;;;;;;;;;;;;;;;;;;;;;X;;;;;;;;
https://drive.google.com/drive/folders/1rXUspTPOcsfteSSL8vYcDy2IXNPlcI9G;Posters Spring 2025;https://drive.google.com/file/d/1hvmlGovOoq-cQbfGIM0CaVObXXbKAzPV/view;P145 SUV Normalisation Bias in PET-CT: A Comparison Between Static and Mobile Units;;2025;Yes;Events;Posters;;;;;;;;;;;;;;;;;;;;X;;;;;;;;;;
https://drive.google.com/drive/folders/1rXUspTPOcsfteSSL8vYcDy2IXNPlcI9G;Posters Spring 2025;https://drive.google.com/file/d/12qJJwRff2MeRA6AQAIumQ8rC5aGhwkNs/view;P146 Harmonisation of conventional and advanced methods of image reconstruction and analysis in the FDG-PET assessment of therapy response in lymphoma;;2025;Yes;Events;Posters;;;;;;;;;;;X;;;;;;;;;;;;;;;;;;;
https://drive.google.com/drive/folders/1rXUspTPOcsfteSSL8vYcDy2IXNPlcI9G;Posters Spring 2025;https://drive.google.com/file/d/1kD6bjkIySfEbEDMTseShcuh2NSd8tANu/view;P147 Evaluation of Data-Driven Respiratory Gating and Resolution Modelling Reconstruction in a conventional Resolution WB PET-CT Scanner for Three Oncology Tracers;;2025;Yes;Events;Posters;;;;;;;;;;;;;;;;;;;;X;;;;;;;;;;
https://drive.google.com/drive/folders/1rXUspTPOcsfteSSL8vYcDy2IXNPlcI9G;Posters Spring 2025;https://drive.google.com/file/d/1NrA3gTfCXu3XBxpBmCJn-0Ql0ehj0Ej7/view;P148 Contact Restrictions after [177Lu]Ly-PSMA Therapy a Comparative Review of Existing Recommendations and a Semi-personalised Approach;;2025;Yes;Events;Posters;;;;;;;;;;;;;;;;X;;;;;;;;;;;;;;
https://drive.google.com/drive/folders/1rXUspTPOcsfteSSL8vYcDy2IXNPlcI9G;Posters Spring 2025;https://drive.google.com/file/d/1f7XLCnbVvAZRsgKb5bwwtRqyDwrhdv7W/view;P149 CT DRLs through the ages: the impact of improved technology on dose optimisation.;;2025;Yes;Events;Posters;;;;;;;;;;;;;;;;;;;;;;;X;;;;;;;
https://drive.google.com/drive/folders/1rXUspTPOcsfteSSL8vYcDy2IXNPlcI9G;Posters Spring 2025;https://drive.google.com/file/d/1WM5saYOS9Aae_7boDUJZzeUj0It9CFmb/view;P150 An Approach to Radiation Risk: Foreseeable Accident Scenarios and VARSKIN+ Calculations;;2025;Yes;Events;Posters;;;;;;;;;;;;;;;;;;;;;;;X;;;;;;;
https://drive.google.com/drive/folders/1rXUspTPOcsfteSSL8vYcDy2IXNPlcI9G;Posters Spring 2025;https://drive.google.com/file/d/1yKg2tu4TokpDYfnib0NMty_wM41cCyoZ/view;P151 Experience of treating a thyrotoxic patient on haemodialysis: Radioiodine risk assessment and treatment;;2025;Yes;Events;Posters;;;;;;;;;;;;;;;;;;;;;;;;;;;;X;;
https://drive.google.com/drive/folders/1rXUspTPOcsfteSSL8vYcDy2IXNPlcI9G;Posters Spring 2025;https://drive.google.com/file/d/18uGrxHXIS3TuYw3gj2T9k5LQE5VX_Np4/view;P152 Framework for derivation of radiation contamination limits;;2025;Yes;Events;Posters;;;;;;;;;;;;;;;;;;;;;;;X;;;;;;;
https://drive.google.com/drive/folders/1rXUspTPOcsfteSSL8vYcDy2IXNPlcI9G;Posters Spring 2025;https://drive.google.com/file/d/1UuRxBVFhSYpnK77vXSWQudUWspwW3mIY/view;P153 Endobronchial Ultrasound (EBUS) after [18F]FDG PET/CT: set up of a one-stop-shop;;2025;Yes;Events;Posters;;;;;;;;;;;;;X;;;;;;;;;;;;;;;;;
https://drive.google.com/drive/folders/1rXUspTPOcsfteSSL8vYcDy2IXNPlcI9G;Posters Spring 2025;https://drive.google.com/file/d/1lTUbj2dbOsbjpSFT-EoYXLJWYQmYCWYX/view;P154 Calculation of [131I]Sodium iodide effective half-life for thyroid carcinoma ablation patients prepared with thyrotropin alfa (Thyrogen);;2025;Yes;Events;Posters;;;;;;;;;;;;;;;;;;;;;;;;;;;;X;;
https://drive.google.com/drive/folders/1rXUspTPOcsfteSSL8vYcDy2IXNPlcI9G;Posters Spring 2025;https://drive.google.com/file/d/1f9E6BDasjR0F4r_4ZLsQ6u1UO7FJUvpp/view;P155 Characterization of AMERCARE Automatic Dose Dispensers (ADD);;2025;Yes;Events;Posters;;;;;;;;;;;;;;;;;;;;;;;;;X;;;;;
https://drive.google.com/drive/folders/1rXUspTPOcsfteSSL8vYcDy2IXNPlcI9G;Posters Spring 2025;https://drive.google.com/file/d/1sihmBs9SKLevjUS6CrO6Lw1Er_k32Qme/view;P156 Make do and mend: Leicester’s experience of relocating and refurbishing in-patient molecular radionuclide therapy facilities;;2025;Yes;Events;Posters;;;;;;;;;;;;;;;;X;;;;;;;;;;;;;;
https://drive.google.com/drive/folders/1rXUspTPOcsfteSSL8vYcDy2IXNPlcI9G;Posters Spring 2025;https://drive.google.com/file/d/1m80fRirLwQLS-7SGc_iY5eKbloARgG3H/view;P157 You want me to what...?!: Practical Radiation Risk-averse Techniques for Novel Lu-177 Radionuclide Therapy Trials;;2025;Yes;Events;Posters;;;;;;;;;;;;;;;;;;;;;;;X;;;;;;;
https://drive.google.com/drive/folders/1rXUspTPOcsfteSSL8vYcDy2IXNPlcI9G;Posters Spring 2025;https://drive.google.com/file/d/1UpHn0SCVRLyf5bAUVM4IBq1Xb1Ar-RhE/view;P158 Radiation protection restrictions applied to [177Lu]Lu-DOTA-TATE: an overview in the UK;;2025;Yes;Events;Posters;;;;;;;;;;;;;;;;;;;;;;;X;;;;;;;
https://drive.google.com/drive/folders/1rXUspTPOcsfteSSL8vYcDy2IXNPlcI9G;Posters Spring 2025;https://drive.google.com/file/d/1-HjyeuOGPP9KZ6jTkqqzp9RRn1pmwFOl/view;P159 Calibration of contamination monitors for surface and skin contamination;;2025;Yes;Events;Posters;;;;;;;;;;;;;;;;;;;;;;;X;;;;;;;
https://drive.google.com/drive/folders/1rXUspTPOcsfteSSL8vYcDy2IXNPlcI9G;Posters Spring 2025;https://drive.google.com/file/d/1hZhgS34lzW6-3AUsmdPsahYat6wFkbgp/view;P160 Challenges and Opportunities in Set-Up of a Quality Improvement Project to Detect, Characterise and Reduce Extravasations of Radiopharmaceuticals using Novel Device;;2025;Yes;Events;Posters;;;;;;;;;;;;;;;;;;;;;;;X;;;;;;;
https://drive.google.com/drive/folders/1rXUspTPOcsfteSSL8vYcDy2IXNPlcI9G;Posters Spring 2025;https://drive.google.com/file/d/1UR5jotEjtGKakiMjh-AhvOLNigqpU-HL/view;P161 Radiation protection advice for a colostrum harvesting patient post lung perfusion imaging;Winner of Certificate of Merit;2025;Yes;Events;Posters;;;;;;;;;;;;;;;;;;;;;;;X;;;;;;;
https://drive.google.com/drive/folders/1rXUspTPOcsfteSSL8vYcDy2IXNPlcI9G;Posters Spring 2025;https://drive.google.com/file/d/1LCknsj2oIE-eriY7ddayDkLGGFnAgoEJ/view;P163 Radiosynthesis and in-silco analysis of 99mTc[Tc]- Sulphasalazine for its potential use as colitis imaging agent for SPECT/CT;;2025;Yes;Events;Posters;;;;;;;;;;;;;;;;;;;;;;;X;;;;;;;
https://drive.google.com/drive/folders/1rXUspTPOcsfteSSL8vYcDy2IXNPlcI9G;Posters Spring 2025;https://drive.google.com/file/d/1xCw7jVp_Wsg2ZFyGs5ImZ_TLo_2tHp7-/view;P164 Synthesis and Radiochemistry of Novel Azamacrocyclic Chelators for [161Tb];;2025;Yes;Events;Posters;;;;;;;;;;;;;;;;;;;;;;;;X;;;;;;
https://drive.google.com/drive/folders/1rXUspTPOcsfteSSL8vYcDy2IXNPlcI9G;Posters Spring 2025;https://drive.google.com/file/d/1IXC3CMmhoyWS2kRFtEt7zhZ43tCe0bv-/view;P165 Sterility testing of an automatic infusion system for extension of multi-dose vial lifespan;Winner of Certificate of Merit;2025;Yes;Events;Posters;;;;;;;;;;;;;;;;;;;;;;;;;X;;;;;
https://drive.google.com/drive/folders/1rXUspTPOcsfteSSL8vYcDy2IXNPlcI9G;Posters Spring 2025;https://drive.google.com/file/d/1ZFjqVaTraXBtktjrvig9C_HMmCqEAK-7/view;P166 Enabling Safer 212Pb Therapy – CAN* paves the way for UK Clinical Trials;Winner of Preclinical Prize;2025;Yes;Events;Posters;;;;;;;;;;;;;;;;X;;;;;;;;;;;;;;
https://drive.google.com/drive/folders/1rXUspTPOcsfteSSL8vYcDy2IXNPlcI9G;Posters Spring 2025;https://drive.google.com/file/d/1QigmlaZYt-stbPt0Uuui2QtAlZDyxAvh/view;P167 Iodine-124 Production and Purification in the UK;;2025;Yes;Events;Posters;;;;;;;;;;;;;;;;;;;;;;;;;;;;X;;
https://drive.google.com/drive/folders/19jNRrHwHroeLUpU7nSHcskAZuq8D9lKz;Posters Autumn 2024;https://drive.google.com/file/d/1aFDuKfMTQyZGA4a332OH_fcxbB5OTLPa/view;P04 Assessment of the Quality of CT Coronary Artery Calcium Score Combined with Myocardial Perfusion Imaging;;2024;Yes;Events;Posters;;;X;;;;;;;;;;;;;;;;;;;;;;;;;;;
https://drive.google.com/drive/folders/19jNRrHwHroeLUpU7nSHcskAZuq8D9lKz;Posters Autumn 2024;https://drive.google.com/file/d/1A7LBrPHzoqUAgCNimUDLOE_Ac__3OE_1/view;P05 Pancreatic Lesions Dilemma;;2024;Yes;Events;Posters;;;;;;;;X;;;;;;;;;;;;;;;;;;;;;;
https://drive.google.com/drive/folders/19jNRrHwHroeLUpU7nSHcskAZuq8D9lKz;Posters Autumn 2024;https://drive.google.com/file/d/1r1JlGTKgLemufAhlWptqr2tcMN1Ly9xr/view;P06 Rare iodine-avid renal lesion identified by [131I] Iodine SPECT-CT of the abdomen in a patient with follicular thyroid carcinoma: A case report and literature review.;;2024;Yes;Events;Posters;;;;;;;;;;;;;;;;;;;;;;;;;;X;;;;
https://drive.google.com/drive/folders/19jNRrHwHroeLUpU7nSHcskAZuq8D9lKz;Posters Autumn 2024;https://drive.google.com/file/d/1tRMsvJ_-ouIvQYplVeKoDpAylSI_SyRo/view;P07 Syphilitic aortitis mimicking Takayasu's large vessel vasculitis on [18F]FDG FDG PET-CT;;2024;Yes;Events;Posters;;;X;;;;;;;;;;;;;;;;;;;;;;;;;;;
https://drive.google.com/drive/folders/19jNRrHwHroeLUpU7nSHcskAZuq8D9lKz;Posters Autumn 2024;https://drive.google.com/file/d/1s1OUVWEfCaPTwrX5lOkLL8yDMM5eNED8/view;P08 Parathyroid scintigraphy with Iodine-123/ Tc99M-Sestamibi: A single centre experience;;2024;Yes;Events;Posters;;;;;;;;;;;;;;;;;;;;;;;;;;;;X;;
https://drive.google.com/drive/folders/19jNRrHwHroeLUpU7nSHcskAZuq8D9lKz;Posters Autumn 2024;https://drive.google.com/file/d/1j7GH915j1_2usFDuA2YeQN8Jtdt9lgA-/view;P09 Effect of blood results on red cell mass (RCM) studies;;2024;Yes;Events;Posters;;;;;;;;;;;X;;;;;;;;;;;;;;;;;;;
https://drive.google.com/drive/folders/19jNRrHwHroeLUpU7nSHcskAZuq8D9lKz;Posters Autumn 2024;https://drive.google.com/file/d/1dijOjsg2C9soXt_1OfMHtXP4wv0RtLqp/view;P11 Hepatopulmonary syndrome shunt assessment in patient with liver failure;;2024;Yes;Events;Posters;;;;;;;;;;;;;X;;;;;;;;;;;;;;;;;
https://drive.google.com/drive/folders/19jNRrHwHroeLUpU7nSHcskAZuq8D9lKz;Posters Autumn 2024;https://drive.google.com/file/d/16yEEOGO8ooyobGK6aD4WbffCRZkiNYaJ/view;P12 Appearance of a case of Fontan Circulation on VQ;;2024;Yes;Events;Posters;;;X;;;;;;;;;;;;;;;;;;;;;;;;;;;
https://drive.google.com/drive/folders/19jNRrHwHroeLUpU7nSHcskAZuq8D9lKz;Posters Autumn 2024;https://drive.google.com/file/d/1L2ESzkGiFhAS_1IPlltxD-KfLg_s2YLz/view;P13 Is there a [68Ga]Ga-PSMA PET signal in the lungs of patients with idiopathic pulmonary fibrosis?;;2024;Yes;Events;Posters;;;;;;;;;;;;;X;;;;;;;;;;;;;;;;;
https://drive.google.com/drive/folders/19jNRrHwHroeLUpU7nSHcskAZuq8D9lKz;Posters Autumn 2024;https://drive.google.com/file/d/1KzweF5WbTIBRJtxmvcts4GM1Pbf80gq7/view;P14 A Local Evaluation of the Single Acquisition SeHCAT Model Evaluating the Efficacy of Implementing a Predicted Baseline Method in Lincoln County Hospital;;2024;Yes;Events;Posters;;;;;;;;;;;;;;;;;;;;;;;;;;;;;;
https://drive.google.com/drive/folders/19jNRrHwHroeLUpU7nSHcskAZuq8D9lKz;Posters Autumn 2024;https://drive.google.com/file/d/1H5noMJh9VVi5Woaofcg7M0JqUnqS_BCa/view;P15 Spotlight on PET-CT indications: Uncovering the Differences in Guidelines and Policies Across the UK;;2024;Yes;Events;Posters;;;;;;;;;;;;;;X;;;;;;;;;;;;;;;;
https://drive.google.com/drive/folders/19jNRrHwHroeLUpU7nSHcskAZuq8D9lKz;Posters Autumn 2024;https://drive.google.com/file/d/1E2Bj8sV6b25teNGX_Fjw9cbDuQ4wM1jV/view;P17 Validation of [123I]Ioflupane SPECT quantification using MIMneuro® against Visual Assessment And Clinical Diagnosis in patients with suspected Neurodegenerative Parkinsonism;;2024;Yes;Events;Posters;;;;;;;;;;;;;;;;;X;;;;;;;;;;;;;
https://drive.google.com/drive/folders/19jNRrHwHroeLUpU7nSHcskAZuq8D9lKz;Posters Autumn 2024;https://drive.google.com/file/d/1hdP_W_sPPQrt7QDDOZxXacF1OPgVa3Ik/view;P19 [18F] Fluorocholine PET CT in the evaluation and staging of parathyroid carcinoma;;2024;Yes;Events;Posters;;;;;;;;;;;;;;;;;;;;;;;;;;;;X;;
https://drive.google.com/drive/folders/19jNRrHwHroeLUpU7nSHcskAZuq8D9lKz;Posters Autumn 2024;https://drive.google.com/file/d/1INDMHHjVswWJTt31j8zhPahA0BinTzEk/view;P22 The utility of PSMA PET-CT compared to bone scans based on CPG classification;;2024;Yes;Events;Posters;;X;;;;;;;;;;;;;;;;X;;;;;;;;;;;;
https://drive.google.com/drive/folders/19jNRrHwHroeLUpU7nSHcskAZuq8D9lKz;Posters Autumn 2024;https://drive.google.com/file/d/1MPt1ya4q2fRnPsf6qIZe5AnMUVICMBu7/view;P26 The Pitfall with Using Artificial Intelligence in Nuclear Medicine and Molecular Imaging;;2024;Yes;Events;Posters;X;;;;;;;;;;;;;;;;;;;;;;;;;;;;;
https://drive.google.com/drive/folders/19jNRrHwHroeLUpU7nSHcskAZuq8D9lKz;Posters Autumn 2024;https://drive.google.com/file/d/1mM5Cj0clz8hBH-zts5g9-qKy_w711qyo/view;P28 C-11 Methionine PET/CT as a tool to aid surgical planning in residual acromegaly – an illustrative case;;2024;Yes;Events;Posters;;;;;;;;X;;;;;;;;;;;;;;;;;;;;;;
https://drive.google.com/drive/folders/19jNRrHwHroeLUpU7nSHcskAZuq8D9lKz;Posters Autumn 2024;https://drive.google.com/file/d/1ZsspDiG61aph05gYt5KdgQc2Jr2WjPZQ/view;P29 Optimisation of acquisition times and Q-Clear beta values in FDG PET/CT;;2024;Yes;Events;Posters;;;;;;;;;;;;;;;;;;;;X;;;;;;;;;;
https://drive.google.com/drive/folders/19jNRrHwHroeLUpU7nSHcskAZuq8D9lKz;Posters Autumn 2024;https://drive.google.com/file/d/1ZwJbKXXWmj66Ypz9LpT-Uesbj85HJkef/view;P30 Which direction do you wear your ring?...Personal Dosimetry in Nuclear Medicine;;2024;Yes;Events;Posters;;;;;;;;;;;;;;;;;;;;;;;X;;;;;;;
https://drive.google.com/drive/folders/19jNRrHwHroeLUpU7nSHcskAZuq8D9lKz;Posters Autumn 2024;https://drive.google.com/file/d/1dOWrj_tCVFOGyKFuUWocI-12RdLYw4hV/view;P31 Implementing a computer model of a Capintec Ionisation Chamber in GEANT4;;2024;Yes;Events;Posters;;;;;;;;;;;;;;;;;;;;;;X;;;;;;;;
https://drive.google.com/drive/folders/19jNRrHwHroeLUpU7nSHcskAZuq8D9lKz;Posters Autumn 2024;https://drive.google.com/file/d/1R2pOEoI1Lc2dNiXv_HJHDmL7n9LqT0H5/view;P32 Improving IR(ME)R Compliance in Theatre Settings with Regulator Feedback;;2024;Yes;Events;Posters;;;;;;;;;;;;;;X;;;;;;;;;;;;;;;;
https://drive.google.com/drive/folders/19jNRrHwHroeLUpU7nSHcskAZuq8D9lKz;Posters Autumn 2024;https://drive.google.com/file/d/1pp7YRhZsGAQN6B1L7Uc18fT7bC_5nTdm/view;P33 Gastric Emptying: Bowls Matter;;2024;Yes;Events;Posters;;;;;;;;;;X;;;;;;;;;;;;;;;;;;;;
https://drive.google.com/drive/folders/19jNRrHwHroeLUpU7nSHcskAZuq8D9lKz;Posters Autumn 2024;https://drive.google.com/file/d/1Z3lbMHmJ4vaEht3lxTVX9aHIhoXPafVt/view;P35 Addressing Nuclear Medicine Staffing Shortages through Radiographer Training;;2024;Yes;Events;Posters;;;;;;;;;;;;;;;;;;;;;;;;;;;;;X;
https://drive.google.com/drive/folders/19jNRrHwHroeLUpU7nSHcskAZuq8D9lKz;Posters Autumn 2024;https://drive.google.com/file/d/11kXR5qHgIDSas72ddbbQaaZN7px3cBsa/view;P36 Acceptance testing of a Radhound-X335 for use in Performing Whole-Body Dosimetry for I-131 Thyroid Cancer Ablation;;2024;Yes;Events;Posters;;;;;;;;;X;;;;;;;;;;;;;;;;;;;;;
https://drive.google.com/drive/folders/19jNRrHwHroeLUpU7nSHcskAZuq8D9lKz;Posters Autumn 2024;https://drive.google.com/file/d/1n6lr-VJoHYDqOwBykkoJoH2pmWqd5JOJ/view;P37 212Pb Hot Cells for UK Hospitals;;2024;Yes;Events;Posters;;;;;;;;;;;;;;;;;;;;;;;;;X;;;;;
https://drive.google.com/drive/folders/1cjaPSepqXmq23lFsaChmiZQ9xEdKyPol;Posters Spring 2024;https://drive.google.com/file/d/1YdJRmP3p39BXEfVmPPbfj9mDvO4d_4GS/view;P001Optimising SeHCATs using Quality Improvement Methodology;;2024;Yes;Events;Posters;;;;;;;;;;X;;;;;;;;;;;;;;;;;;;;
https://drive.google.com/drive/folders/1cjaPSepqXmq23lFsaChmiZQ9xEdKyPol;Posters Spring 2024;https://drive.google.com/file/d/1ueZIW4jnfFAeYJAy30N05npY8qFJo8v3/view;P002 Assessing PET-CT Incidental Findings Following a Change in Protocol: A Retrospective Study in Head and Neck Cancer;;2024;Yes;Events;Posters;;;;;;;;;;;;;;;;;;X;;;;;;;;;;;;
https://drive.google.com/drive/folders/1cjaPSepqXmq23lFsaChmiZQ9xEdKyPol;Posters Spring 2024;https://drive.google.com/file/d/1aODSD_F_VsQli2bw71YkPFz9ucXf2fIV/view;P003 Exploring the Journey of Patients Living With Dementia attending a PET-CT Department for an Amyloid Scan;Winner of Certificate of Merit;2024;Yes;Events;Posters;;;;;;;;;;;;;;;;;X;;;;;;;;;;;;;
https://drive.google.com/drive/folders/1cjaPSepqXmq23lFsaChmiZQ9xEdKyPol;Posters Spring 2024;https://drive.google.com/file/d/1Goo1gFhD5NwkJwD9IxlA5yZhJ0rXP4EJ/view;P004 Are we handling blood samples for GFR measurements correctly?;;2024;Yes;Events;Posters;;;;;;;;;;;;;;;;;;;;;;;;;;X;;;;
https://drive.google.com/drive/folders/1cjaPSepqXmq23lFsaChmiZQ9xEdKyPol;Posters Spring 2024;https://drive.google.com/file/d/1zsKGY50KeKiduTqPyxs9DXQGuofKUknZ/view;P005 Reducing Extravasation of [18F]FDG in PET-CT Through a Change in Administration Technique;;2024;Yes;Events;Posters;;;;;;;;;;;;;;;;;;;;;;;X;;;;;;;
https://drive.google.com/drive/folders/1cjaPSepqXmq23lFsaChmiZQ9xEdKyPol;Posters Spring 2024;https://drive.google.com/file/d/1WL9d-brrbIlVr4Lv7TsXSVeA22lDutls/view;P006 Optimising Diagnostic Quality: A Comparative Study of [99mTc]Tc-HDP SPECT/CT Imaging at Different DRLs;;2024;Yes;Events;Posters;;;;;;;;;;;;;;;;;;;;;X;;;;;;;;;
https://drive.google.com/drive/folders/1cjaPSepqXmq23lFsaChmiZQ9xEdKyPol;Posters Spring 2024;https://drive.google.com/file/d/13wuUAYzOtHYSqzfHtRKZsCDnWIqg86Sa/view;P007 Importance of Document Management System in Nuclear Medicine & PET/CT;;2024;Yes;Events;Posters;;;;;;;;;;;;;;X;;;;;;;;;;;;;;;;
https://drive.google.com/drive/folders/1cjaPSepqXmq23lFsaChmiZQ9xEdKyPol;Posters Spring 2024;https://drive.google.com/file/d/19aAjzukkhk_exXqkRPAbrUmN68saM8f1/view;P008 How to solve a problem... An unusual case for lymphoscintigraphy;Winner of RTNG Poster Prize and Certificate of Merit;2024;Yes;Events;Posters;;;;;;X;;;;;;;;;;;;;;;;;;;;;;;;
https://drive.google.com/drive/folders/1cjaPSepqXmq23lFsaChmiZQ9xEdKyPol;Posters Spring 2024;https://drive.google.com/file/d/1pN-_aV9vGbw7l_5xUkOnwGhFiLCwByRR/view;P009 Chyle Lymphoscintigraphy: A Case Report;;2024;Yes;Events;Posters;;;;;;X;;;;;;;;;;;;;;;;;;;;;;;;
https://drive.google.com/drive/folders/1cjaPSepqXmq23lFsaChmiZQ9xEdKyPol;Posters Spring 2024;https://drive.google.com/file/d/1ghzp0iJu8KQT3NSGZE4tX0N7PVKY9jfo/view;P011 Prevalence of brown adipose tissue (BAT) in FDG-PET/CT scans with regards to patient demographics, deprivation status & temperature;;2024;Yes;Events;Posters;;;;;;;;;;;;;;;;;;;;X;;;;;;;;;;
https://drive.google.com/drive/folders/1cjaPSepqXmq23lFsaChmiZQ9xEdKyPol;Posters Spring 2024;https://drive.google.com/file/d/1ObfG0trezF-Xb77LAQJzxC55Fa7y-zkg/view;P013 Audience response system: The alternative formative tools to enhance academic performance in undergraduate nuclear medicine education;;2024;Yes;Events;Posters;;;;;;;X;;;;;;;;;;;;;;;;;;;;;;;
https://drive.google.com/drive/folders/1cjaPSepqXmq23lFsaChmiZQ9xEdKyPol;Posters Spring 2024;https://drive.google.com/file/d/1qlRQr0SuunR6bUZaw8DPhb9MiQSm4tvT/view;P014 Comparing early and delayed [99mTc]Tc-MIBI SPECT/CT parathyroid scans: Agreement, confidence levels, and clinical predictive factors;;2024;Yes;Events;Posters;;;;;;;;;;;;;;;;;;;;;;;;;;;;X;;
https://drive.google.com/drive/folders/1cjaPSepqXmq23lFsaChmiZQ9xEdKyPol;Posters Spring 2024;https://drive.google.com/file/d/1Js40h60BnpEVf8_tbB7LlWz6r37aZjf6/view;P015 Are AI PDF chatbots accurate and reliable enough to enhance productivity in non-clinical nuclear medicine tasks? – An example case study;;2024;Yes;Events;Posters;X;;;;;;;;;;;;;;;;;;;;;;;;;;;;;
https://drive.google.com/drive/folders/1cjaPSepqXmq23lFsaChmiZQ9xEdKyPol;Posters Spring 2024;https://drive.google.com/file/d/11P8wWOhw-n-U2mvS5yYTJDUKVX7rUE6O/view;P016 Implementing a new EHR System - An EPIC Journey;;2024;Yes;Events;Posters;;;;;;;;;;;;;;X;;;;;;;;;;;;;;;;
https://drive.google.com/drive/folders/1cjaPSepqXmq23lFsaChmiZQ9xEdKyPol;Posters Spring 2024;https://drive.google.com/file/d/159jqEz-4D4tcUiq_gu-DZxRdNRJosikW/view;P017 Sudden Collapse of the Radiopharmacy: Lessons learned in Crisis;Winner of Certificate of Merit;2024;Yes;Events;Posters;;;;;;;;;;;;;;;;;;;;;;;;;X;;;;;
https://drive.google.com/drive/folders/1cjaPSepqXmq23lFsaChmiZQ9xEdKyPol;Posters Spring 2024;https://drive.google.com/file/d/1jkuMkyrNorgAy7A6WrFz1UuZVgMvtC87/view;P018 A case report of the progress of the first application of theragnostics with PSMA radioligand in a resource-limited setting;;2024;Yes;Events;Posters;;;;;;;;;;;;;;;;X;;;;;;;;;;;;;;
https://drive.google.com/drive/folders/1cjaPSepqXmq23lFsaChmiZQ9xEdKyPol;Posters Spring 2024;https://drive.google.com/file/d/1i_gR8MZc6UAaOhz8h2E9SJQzeP3ZFye5/view;P019 The polonium-210 poison;;2024;Yes;Events;Posters;;;;;;;X;;;;;;;;;;;;;;;;;;;;;;;
https://drive.google.com/drive/folders/1cjaPSepqXmq23lFsaChmiZQ9xEdKyPol;Posters Spring 2024;https://drive.google.com/file/d/1be6Cc4-DRlQjJR9iwWI7efAxqATwkGky/view;P020 Blood Sugar levels for interpretation of FDG scans for osteomyelitis. Do they matter?;;2024;Yes;Events;Posters;;;;;;;;;;;;X;;;;;;;;;;;;;;;;;;
https://drive.google.com/drive/folders/1cjaPSepqXmq23lFsaChmiZQ9xEdKyPol;Posters Spring 2024;https://drive.google.com/file/d/1kRh_HBEsz2NVQLgqdMXkmcPek5vAhPzJ/view;P021 Hot patella. An important sign not to be missed on triple phase bone scans.;Winner of Certificate of Merit;2024;Yes;Events;Posters;;X;;;;;;;;;;;;;;;;;;;;;;;;;;;;
https://drive.google.com/drive/folders/1cjaPSepqXmq23lFsaChmiZQ9xEdKyPol;Posters Spring 2024;https://drive.google.com/file/d/1j-tZQA90fHRet2oBXoL39tWeirmMJuM5/view;P022 Applications of SPECT/CT in identifying musculoskeletal pain generators: a pictorial review;;2024;Yes;Events;Posters;;X;;;;;;;;;;;;;;;;;;;;;;;;;;;;
https://drive.google.com/drive/folders/1cjaPSepqXmq23lFsaChmiZQ9xEdKyPol;Posters Spring 2024;https://drive.google.com/file/d/1p4nV6idfqvGfL81chFH7SSCayDmfUG-j/view;P023 Added utility of standard pelvic SPECT to the isotope bone scan. A retrospective review.;;2024;Yes;Events;Posters;;X;;;;;;;;;;;;;;;;;;;;;;;;;;;;
https://drive.google.com/drive/folders/1cjaPSepqXmq23lFsaChmiZQ9xEdKyPol;Posters Spring 2024;https://drive.google.com/file/d/1qmE9Ud7q-Jcc28pgYgLiJtqcqWBoumLJ/view;P024 IGG4-Related Orbital/Ophthalmic Disease on 18F-FDG PET/CT - Added Value to MR Orbits;;2024;Yes;Events;Posters;;;;;;;;;;;;X;;;;;;;;;;;;;;;;;;
https://drive.google.com/drive/folders/1cjaPSepqXmq23lFsaChmiZQ9xEdKyPol;Posters Spring 2024;https://drive.google.com/file/d/1YI6OAruZpzn2s66Ib8XYKcBajHTk3HJL/view;P025 Utility of 18F-FDG PET/CT in Infection/Inflammation: Positive/Negative Rates and Range of Aeitologies Encountered;;2024;Yes;Events;Posters;;;;;;;;;;;;X;;;;;;;;;;;;;;;;;;
https://drive.google.com/drive/folders/1cjaPSepqXmq23lFsaChmiZQ9xEdKyPol;Posters Spring 2024;https://drive.google.com/file/d/1_lf6J7Tv_UZMguHxd8vFBVpvsjVvHtjy/view;P026 The role of limited range [18F]FDG PET-CT in assessment of osteomyelitis;;2024;Yes;Events;Posters;;;;;;;;;;;;X;;;;;;;;;;;;;;;;;;
https://drive.google.com/drive/folders/1cjaPSepqXmq23lFsaChmiZQ9xEdKyPol;Posters Spring 2024;https://drive.google.com/file/d/1Zkov-_FQAs9cah7V8h-YDCpgKyzxerCK/view;P027 Evaluation of LVAD infections with FDG PET-CT;Winner of 1st Poster Prize and Certificate of Merit;2024;Yes;Events;Posters;;;X;;;;;;;;;;;;;;;;;;;;;;;;;;;
https://drive.google.com/drive/folders/1cjaPSepqXmq23lFsaChmiZQ9xEdKyPol;Posters Spring 2024;https://drive.google.com/file/d/1f1uqQ0evirKo7AfbOJWRUkwU7lGcVj3E/view;P028 Thyroid Audit: Success rate of Low activity RAI (400MBq) in Graves' Thyrotoxicosis;;2024;Yes;Events;Posters;;;;;;;;;;;;;;;;;;;;;;;;;;;;X;;
https://drive.google.com/drive/folders/1cjaPSepqXmq23lFsaChmiZQ9xEdKyPol;Posters Spring 2024;https://drive.google.com/file/d/1SAo-C3e2LA0ub-OZ8pygE7rkVp50dy-J/view;P029 Role of CT parameters on hybrid imaging beyond localisation of parathyroid adenomas.;;2024;Yes;Events;Posters;;;;;;;;;;;;;;;;;;;;;;;;;;;;X;;
https://drive.google.com/drive/folders/1cjaPSepqXmq23lFsaChmiZQ9xEdKyPol;Posters Spring 2024;https://drive.google.com/file/d/1LCPPERjvYayAo7c7AfRCfjS1REi4wd-1/view;P030 Is the degree of hypercalcaemia the most successful biomarker for parathyroid adenoma localisation?;Winner of 3rd Poster Prize and Certificate of Merit;2024;Yes;Events;Posters;;;;;;;;X;;;;;;;;;;;;;;;;;;;;;;
https://drive.google.com/drive/folders/1cjaPSepqXmq23lFsaChmiZQ9xEdKyPol;Posters Spring 2024;https://drive.google.com/file/d/1-yI88U4SOHb0M2Kj7F2hsP1GaQ_42ZFa/view;"P031 A pictorial case series of ectopic parathyroid tissue localised with [99mTc]Tc-MIBI single photon emission computed tomography/computed tomography and review of current 
literature";;2024;Yes;Events;Posters;;;;;;;;;;;;;;;;;;;;;;;;;;;;X;;
https://drive.google.com/drive/folders/1cjaPSepqXmq23lFsaChmiZQ9xEdKyPol;Posters Spring 2024;https://drive.google.com/file/d/13wq5RqRr-FTaiRhZMGUDz32LcVJDtLQ-/view;P032 Prophylactic Radioiodine in Cardiac patients to enable safe use of Amiodarone-Ethical and Medical considerations.;;2024;Yes;Events;Posters;;;;;;;;;;;;;;;;;;;;;;;;;;;;X;;
https://drive.google.com/drive/folders/1cjaPSepqXmq23lFsaChmiZQ9xEdKyPol;Posters Spring 2024;https://drive.google.com/file/d/1t4pfknDgzCPDrdlwfN9aiG7g6uIIUr6u/view;P033 Unknown Primary- Usefulness of FDG PET-CT beyond diagnostic yield, a clinical outcome-based review from a UK teaching hospital.;Winner of Certificate of Merit;2024;Yes;Events;Posters;;;;;;;;;;;;;;;;;;X;;;;;;;;;;;;
https://drive.google.com/drive/folders/1cjaPSepqXmq23lFsaChmiZQ9xEdKyPol;Posters Spring 2024;https://drive.google.com/file/d/1dJcJtx572OuJFZ3Wkc0YF3yyDPRxdpNg/view;P034 PET-CT Service Quality:  Review of the Effect of Increased Activity and Reporter Numbers over 8 years;;2024;Yes;Events;Posters;;;;;;;;;;;;;;;X;;;;;;;;;;;;;;;
https://drive.google.com/drive/folders/1cjaPSepqXmq23lFsaChmiZQ9xEdKyPol;Posters Spring 2024;https://drive.google.com/file/d/1kV_LxdxA43zRF2L5jXFw0WnWWBXIbqmz/view;P036 Systematic Review & Comparison of 18F-FDG & 68Ga-FAPI in Breast Cancer;Winner of Joint 2nd Student Prize;2024;Yes;Events;Posters;;;;;;;;;;;;;;;;;;X;;;;;;;;;;;;
https://drive.google.com/drive/folders/1cjaPSepqXmq23lFsaChmiZQ9xEdKyPol;Posters Spring 2024;https://drive.google.com/file/d/1o1vBONPNkw9U_4GrA_SadJsl22OjVK0u/view;P037 Development of a spreadsheet for leakage calculation in isolated limb perfusion procedures;;2024;Yes;Events;Posters;;;;;;;;;;;;;;;;;;;;;X;;;;;;;;;
https://drive.google.com/drive/folders/1cjaPSepqXmq23lFsaChmiZQ9xEdKyPol;Posters Spring 2024;https://drive.google.com/file/d/1k4Kyk_Tjoi4MaAxj0AMV7xLErbcxDvpS/view;P038 Development of evaluation procedure to assess how Lung Quantification software can be used in respiratory image analysis in Nuclear Medicine.;;2024;Yes;Events;Posters;;;;;;;;;;;;;X;;;;;;;;;;;;;;;;;
https://drive.google.com/drive/folders/1cjaPSepqXmq23lFsaChmiZQ9xEdKyPol;Posters Spring 2024;https://drive.google.com/file/d/1P_DAW57NUyjkBcNeeZxiq9JsIEUmMeUB/view;"P039 Comparing the impact of Bayesian Penalized-Likelihood (BPL) PET reconstruction to
traditional Time-of-Flight (TOF) iterative reconstruction on British Thoracic Society 
(BTS) grading of solitary pulmonary nodules";;2024;Yes;Events;Posters;;;;;;;;;;;;;X;;;;;;;;;;;;;;;;;
https://drive.google.com/drive/folders/1cjaPSepqXmq23lFsaChmiZQ9xEdKyPol;Posters Spring 2024;https://drive.google.com/file/d/1C1l_p8KKJKl4IMwr0X4TkspEvONvsptp/view;P040 Rare unilateral basal ganglia hypermetabolism on [18F]FDG-PET-CT;;2024;Yes;Events;Posters;;;;;;;;;;;;;;;;;X;;;;;;;;;;;;;
https://drive.google.com/drive/folders/1cjaPSepqXmq23lFsaChmiZQ9xEdKyPol;Posters Spring 2024;https://drive.google.com/file/d/17PIjB1hZo5A4UYgcz4JYWC5vOqSbpDPv/view;P041 Initial Experiences of [123I] Cardiac MIBG Imaging in Movement Disorders;;2024;Yes;Events;Posters;;;X;;;;;;;;;;;;;;;;;;;;;;;;;;;
https://drive.google.com/drive/folders/1cjaPSepqXmq23lFsaChmiZQ9xEdKyPol;Posters Spring 2024;https://drive.google.com/file/d/1kA_CghS7Nda3OVp5Anq6G4YpQjjN4gFX/view;P042 Audit of [123I]DATScan Reports Across NHS Greater Glasgow & Clyde (NHSGGC) - Frequency of Repeat Imaging Requests;Winner of Certificate of Merit;2024;Yes;Events;Posters;;;;;;;;;;;;;;;;;X;;;;;;;;;;;;;
https://drive.google.com/drive/folders/1cjaPSepqXmq23lFsaChmiZQ9xEdKyPol;Posters Spring 2024;https://drive.google.com/file/d/14w3rQV2A5c9zD4hfQ7hwwcoX0lBeox0e/view;P043 Establishing a quality control action limit for deviations between GFR results calculated by syringe weight and activity methods;;2024;Yes;Events;Posters;;;;;;;;;;;;;;;;;;;;;;;;;;X;;;;
https://drive.google.com/drive/folders/1cjaPSepqXmq23lFsaChmiZQ9xEdKyPol;Posters Spring 2024;https://drive.google.com/file/d/1yzDMzuDCPh_Vo2lgVjkJEZ0siRSb5GWT/view;P044 Audit of the use of the four-sample versus single-sample GFR estimation technique;;2024;Yes;Events;Posters;;;;;;;;;;;;;;;;;;;;;;;;;;X;;;;
https://drive.google.com/drive/folders/1cjaPSepqXmq23lFsaChmiZQ9xEdKyPol;Posters Spring 2024;https://drive.google.com/file/d/1a-TisQ--jDlQZfRul57GAbmW1dO_JmUh/view;P045 Could a 2 sample GFR suffice in patients with mild ascites or high predicted GFRs?;;2024;Yes;Events;Posters;;;;;;;;;;;;;;;;;;;;;;;;;;X;;;;
https://drive.google.com/drive/folders/1cjaPSepqXmq23lFsaChmiZQ9xEdKyPol;Posters Spring 2024;https://drive.google.com/file/d/1jg6XjZlp8H3YGbjJQRUcKd-8DkSmAY8V/view;P046 Ongiong Phase 3 Clinical Trial on the Efficacy of 18F-Florbetaben PET for Diagnosis of Cardiac AL Amyloidosis;Winner of 2nd Poster Prize and Certificate of Merit;2024;Yes;Events;Posters;;;X;;;;;;;;;;;;;;;;;;;;;;;;;;;
https://drive.google.com/drive/folders/1cjaPSepqXmq23lFsaChmiZQ9xEdKyPol;Posters Spring 2024;https://drive.google.com/file/d/1Lh7Lhc0MdmyGvUgCm9fng2hsURv57fJ6/view;P047 Optimisation of administered activity/ image duration in myocardial perfusion imaging using [99mTc]Tetrofosmin on a GE MyoSPECT CZT Cardiac SPECT system;;2024;Yes;Events;Posters;;;X;;;;;;;;;;;;;;;;;;;;;;;;;;;
https://drive.google.com/drive/folders/1cjaPSepqXmq23lFsaChmiZQ9xEdKyPol;Posters Spring 2024;https://drive.google.com/file/d/1u3NwCUypNUJsM-fv0bMD-TBkve3bOnkB/view;P048 Utilizing [18F] FDG-PET/ CT for Monitoring Treatment Response in Culture-Negative LVAD Infection: A Case Report;;2024;Yes;Events;Posters;;;X;;;;;;;;;;;;;;;;;;;;;;;;;;;
https://drive.google.com/drive/folders/1cjaPSepqXmq23lFsaChmiZQ9xEdKyPol;Posters Spring 2024;https://drive.google.com/file/d/1kqhS7L9Jg8XEk5JjOAuVcZwc89kEkEzJ/view;"P049 Analysing the population undergoing breast cancer sentinel node lymphoscintigraphy
at UHCW with regards to levels of deprivation and disease staging – is there evidence
of underlying health inequality?";;2024;Yes;Events;Posters;;;;;;;;;;;;;;;;;;X;;;;;;;;;;;;
https://drive.google.com/drive/folders/1cjaPSepqXmq23lFsaChmiZQ9xEdKyPol;Posters Spring 2024;https://drive.google.com/file/d/1wC7dN4ztc0PdztELxfrUJWM_rXy1rdLx/view;P050 Effect of calcium channel blockers on gall bladder function – A case report;;2024;Yes;Events;Posters;;;;;;;;;;X;;;;;;;;;;;;;;;;;;;;
https://drive.google.com/drive/folders/1cjaPSepqXmq23lFsaChmiZQ9xEdKyPol;Posters Spring 2024;https://drive.google.com/file/d/1c9UB7hYGAJXYYTcNTLA5BtSgpExuZUAW/view;P051 Additional Value of Intragastric Distribution analysis in Gastric Emptying Scintigraphy;;2024;Yes;Events;Posters;;;;;;;;;;X;;;;;;;;;;;;;;;;;;;;
https://drive.google.com/drive/folders/1cjaPSepqXmq23lFsaChmiZQ9xEdKyPol;Posters Spring 2024;https://drive.google.com/file/d/1wJO7H0y2icOo-2u33n7ax869nE9IkfJD/view;P052 18F-FDG PET/CT findigs of primary Ewing sarcoma of the Prostate. A Case Report;;2024;Yes;Events;Posters;;;;;;;;;;;;;;;;;;X;;;;;;;;;;;;
https://drive.google.com/drive/folders/1cjaPSepqXmq23lFsaChmiZQ9xEdKyPol;Posters Spring 2024;https://drive.google.com/file/d/16THUPFr4aR22uXe7Di9PCXEnjMq2O60Y/view;P053 Response of liver metastases in patients with metastatic castration-resistant prostate cancer (mCRPC) undergoing 177Lu-PSMA-617 radioligand therapy;;2024;Yes;Events;Posters;;;;;;;;;;;;;;;;X;;;;;;;;;;;;;;
https://drive.google.com/drive/folders/1cjaPSepqXmq23lFsaChmiZQ9xEdKyPol;Posters Spring 2024;https://drive.google.com/file/d/1HBkRx-mba7FF0q-9EBcT0uFclG-O2Nim/view;"P054 FDG-PET-CT in Suspected Vasculitis: How to Evaluate Clinical Usefulness? A 
Clinical Outcome-Based Review from a UK teaching hospital.";Winner of Certificate of Merit;2024;Yes;Events;Posters;;;;;;;;;;;;X;;;;;;;;;;;;;;;;;;
https://drive.google.com/drive/folders/1cjaPSepqXmq23lFsaChmiZQ9xEdKyPol;Posters Spring 2024;https://drive.google.com/file/d/1xjJCd2nTWsfZzcBPbEe7yacW7QDbqytj/view;P055 FDG Dose and Image Quality on Digital Compared to Analogue PET/CT - Initial Experience;Winner of Certificate of Merit;2024;Yes;Events;Posters;;;;;;;;;;;;;;;;;;;;X;;;;;;;;;;
https://drive.google.com/drive/folders/1cjaPSepqXmq23lFsaChmiZQ9xEdKyPol;Posters Spring 2024;https://drive.google.com/file/d/1bbzSaIE6L7xV7Ges39M1Xe4HgC4o_S4g/view;P056 Octreotide scan practice within Northern Ireland. A quality improvement project;;2024;Yes;Events;Posters;;;;;;;;;;;;;;;;;;X;;;;;;;;;;;;
https://drive.google.com/drive/folders/1cjaPSepqXmq23lFsaChmiZQ9xEdKyPol;Posters Spring 2024;https://drive.google.com/file/d/18njCAHIVRXSyq4j3QPjnHvX2W5hmoWAX/view;"P057 Optimizing Diagnostic Algorithms for Lobular Breast Cancer: Rethinking
the Utility of [18F]FDG PET/CT for Evaluation of Bone Metastasis";Winner of Certificate of Merit;2024;Yes;Events;Posters;;;;;;;;;;;;;;;;;;X;;;;;;;;;;;;
https://drive.google.com/drive/folders/1cjaPSepqXmq23lFsaChmiZQ9xEdKyPol;Posters Spring 2024;https://drive.google.com/file/d/1f-2xbavXNrpvEGPfhhR8st57cfZoUEMb/view;P058 Assessment of Residual Tumor After Resection of high-grade Glioma: 68Ga-PSMA PET/CT A imaging biomarker for target delineation in radiotherapy planning;Winner of Certificate of Merit;2024;Yes;Events;Posters;;;;;;;;;;;;;;;;;X;;;;;;;;;;;;;
https://drive.google.com/drive/folders/1cjaPSepqXmq23lFsaChmiZQ9xEdKyPol;Posters Spring 2024;https://drive.google.com/file/d/1PvxovUr5XHV1_RrhX-q6c9DyY8yflikb/view;P059 A Review of Incidental findings with [18F]PSMA PET-CT and [18F]Choline PET-CT Imaging in the investigation of Prostate Cancer.;;2024;Yes;Events;Posters;;;;;;;;;;;;;;;;;;;;X;;;;;;;;;;
https://drive.google.com/drive/folders/1cjaPSepqXmq23lFsaChmiZQ9xEdKyPol;Posters Spring 2024;https://drive.google.com/file/d/14dpvYLYQI6QjnJ6kbewkLT6a4EgM9M8M/view;P060 Comparison of detection rates for 18F PSMA-1007 vs 18F choline PET/CT in prostate cancer: Experiences at Leicester;;2024;Yes;Events;Posters;;;;;;;;;;;;;;;;;;X;;;;;;;;;;;;
https://drive.google.com/drive/folders/1cjaPSepqXmq23lFsaChmiZQ9xEdKyPol;Posters Spring 2024;https://drive.google.com/file/d/1fFqsLBM2H0EUiYshy-jhLRNOl-x_iV6N/view;P061 Can we rationalise the [18F]FDG PET/CT imaging protocol in patients with melanoma? A retrospective analysis.;;2024;Yes;Events;Posters;;;;;;;;;;;;;;;;;;X;;;;;;;;;;;;
https://drive.google.com/drive/folders/1cjaPSepqXmq23lFsaChmiZQ9xEdKyPol;Posters Spring 2024;https://drive.google.com/file/d/17GdwhjwKk-4iSKV3jWN7kwLjEhpAkd8B/view;P062 A descriptive study of the patterns of nodal metastases seen on the [68Ga]Ga-DOTA-TOC PETCT scans of 198 neuroendocrine tumours with abdominal primary aetiology;Winner of Joint 2nd Student Prize;2024;Yes;Events;Posters;;;;;;;;;;;;;;;;;;X;;;;;;;;;;;;
https://drive.google.com/drive/folders/1cjaPSepqXmq23lFsaChmiZQ9xEdKyPol;Posters Spring 2024;https://drive.google.com/file/d/1e46ojWDQWgvJQpxei7aiMPolsnhfW5mn/view;P063 Real world experience of patients referred for Lu PSMA treatment in a UK teaching hospital: Importance of patient selection.;Winner of Saul Hertz Radiotherapy Poster Prize;2024;Yes;Events;Posters;;;;;;;;;;;;;;;;X;;;;;;;;;;;;;;
https://drive.google.com/drive/folders/1cjaPSepqXmq23lFsaChmiZQ9xEdKyPol;Posters Spring 2024;https://drive.google.com/file/d/1eY06gCz3tMNodjobkKNBN6HyQ2FzVXvV/view;P064 Identifying Radionuclide Therapy Patients in an Emergency Setting;;2024;Yes;Events;Posters;;;;;;;;;;;;;;;;;;;;;;;;;;;X;;;
https://drive.google.com/drive/folders/1cjaPSepqXmq23lFsaChmiZQ9xEdKyPol;Posters Spring 2024;https://drive.google.com/file/d/1luLvTnu2DRQSWYVj2lCrZGEB-cXk2EpB/view;P065 Radiation Doses to the Public Following 131I Thyroid Cancer Therapy;;2024;Yes;Events;Posters;;;;;;;;;;;;;;;;;;;;;;;X;;;;;;;
https://drive.google.com/drive/folders/1cjaPSepqXmq23lFsaChmiZQ9xEdKyPol;Posters Spring 2024;https://drive.google.com/file/d/1lyOJvF7ZGk9cwzspbFWwEjAOX7rXPw_Z/view;P066 Case Report: Practical Experience and Lessons Learned from Treating a Radioiodine Ablation Patient Who Dialyses at Home;Winner of Certificate of Merit;2024;Yes;Events;Posters;;;;;;;;;;;;;;;;;;;;;;;;;;;X;;;
https://drive.google.com/drive/folders/1cjaPSepqXmq23lFsaChmiZQ9xEdKyPol;Posters Spring 2024;https://drive.google.com/file/d/1TKM5zeSw-7iY0x6zymSXnU2Zk-q-2r5r/view;P067 Let’s Get Physical: Why Half-Life Matters in the Development of Therapeutic Radiopharmaceuticals;Winner of Certificate of Merit;2024;Yes;Events;Posters;;;;;;;;;;;;;;;;;;;;;;;;X;;;;;;
https://drive.google.com/drive/folders/1cjaPSepqXmq23lFsaChmiZQ9xEdKyPol;Posters Spring 2024;https://drive.google.com/file/d/1NnCtXchtg03z8Rs2XEHWbiEfIcsr5ZZK/view;P068 Clinical experience of selective internal radiation therapy (SIRT) for the treatment of liver tumours;;2024;Yes;Events;Posters;;;;;;;;;;;;;;;;;;;;;;;;;;;X;;;
https://drive.google.com/drive/folders/1cjaPSepqXmq23lFsaChmiZQ9xEdKyPol;Posters Spring 2024;https://drive.google.com/file/d/12SID6Y7luZP-VNdSUHmTBGeqOuchoLG4/view;P069 Investigation of methods of management of radiopharmaceutical extravasation;Winner of Certificate of Merit;2024;Yes;Events;Posters;;;;;;;;;;;;;;;;;;;;;;;X;;;;;;;
https://drive.google.com/drive/folders/1cjaPSepqXmq23lFsaChmiZQ9xEdKyPol;Posters Spring 2024;https://drive.google.com/file/d/1AMFtb5ahRR8gKI8x1xdg56u2QKLkqTKJ/view;P070 Clinical value of patient-specific dosimetry for [177Lu]Lu-PSMA treatment: two case studies;;2024;Yes;Events;Posters;;;;;;;;;;;;;;;;;;;;;X;;;;;;;;;
https://drive.google.com/drive/folders/1cjaPSepqXmq23lFsaChmiZQ9xEdKyPol;Posters Spring 2024;https://drive.google.com/file/d/1QSYWow-2KUEGAzJ-TuLv86o4Xy8M0UQf/view;"P071 Use of 3D-printed hollow spheres and a Jaszczak Phantom in enabling
quantification of [177Lu]Lu-DOTA-TATE activity using SPECT/CT images";;2024;Yes;Events;Posters;;;;;;;;;;;;;;;;;;;;;;X;;;;;;;;
https://drive.google.com/drive/folders/1cjaPSepqXmq23lFsaChmiZQ9xEdKyPol;Posters Spring 2024;https://drive.google.com/file/d/1SYawh8CwGKAQOki1rWKIGOC-WkE0XII_/view;P072 Practicalities of estimating the dose from an extravasated 177Lu-PSMA administration;;2024;Yes;Events;Posters;;;;;;;;;;;;;;;;;;;;;X;;;;;;;;;
https://drive.google.com/drive/folders/1cjaPSepqXmq23lFsaChmiZQ9xEdKyPol;Posters Spring 2024;https://drive.google.com/file/d/1WFzByEuKBM-wa0HyXnMFTGAPnJsiFduW/view;P073 Validation of a spreadsheet for Lu-177 PSMA dosimetry;;2024;Yes;Events;Posters;;;;;;;;;;;;;;;;;;;;;X;;;;;;;;;
https://drive.google.com/drive/folders/1cjaPSepqXmq23lFsaChmiZQ9xEdKyPol;Posters Spring 2024;https://drive.google.com/file/d/12DveDdT2Zv1R9FcZzGxLhCz8zzWmgaRa/view;P074 Evaluation of the feasibility of using VARSKIN+ for extravasation dosimetry and the effect of source geometry on dose calculations;;2024;Yes;Events;Posters;;;;;;;;;;;;;;;;;;;;;X;;;;;;;;;
https://drive.google.com/drive/folders/1cjaPSepqXmq23lFsaChmiZQ9xEdKyPol;Posters Spring 2024;https://drive.google.com/file/d/1cOPNiQ2dHvAGfB1y5Ha84LVgg_jaqqpd/view;P075 The Establishment, Validation and Investigation of the Potential Applications of Quantitative SPECT CT within 177Lu-Dotatate in Therapy Monitoring;Winner of Lee Jenkins Memorial Poster Prize;2024;Yes;Events;Posters;;;;;;;;;;;;;;;;X;;;;;;;;;;;;;;
https://drive.google.com/drive/folders/1cjaPSepqXmq23lFsaChmiZQ9xEdKyPol;Posters Spring 2024;https://drive.google.com/file/d/1SN8rw44vyCAqe3IkceGWRtt05SzHM-6W/view;P076 Optimisation of F18-PSMA-1007 Isotope Scanning Protocol: Enhancing Efficiency Without Compromising Image Quality.;;2024;Yes;Events;Posters;;;;;;;;;;;;;;;;;;;;X;;;;;;;;;;
https://drive.google.com/drive/folders/1cjaPSepqXmq23lFsaChmiZQ9xEdKyPol;Posters Spring 2024;https://drive.google.com/file/d/11StBo1ZgkARCMN1AQg9gz7U1lypibDLy/view;P077 Revolutionising Radiation Safety: A Comprehensive Study of (PET) Dose Management Software and Protocol Optimisation Across Multiple Sites and Vendors.;;2024;Yes;Events;Posters;;;;;;;;;;;;;;;;;;;;;;;X;;;;;;;
https://drive.google.com/drive/folders/1cjaPSepqXmq23lFsaChmiZQ9xEdKyPol;Posters Spring 2024;https://drive.google.com/file/d/1P8vyWwZnL7LPtWKfhEuXoGVw9pnXUaqJ/view;P078 Validation and optimisation of quantitative SPECT using iodine-123 for the GE StarGuide CZT ring detector camera;;2024;Yes;Events;Posters;;;;;;;;;;;;;;;;;;;;;;X;;;;;;;;
https://drive.google.com/drive/folders/1cjaPSepqXmq23lFsaChmiZQ9xEdKyPol;Posters Spring 2024;https://drive.google.com/file/d/1x_xyOJj0nqlVUMYFuihC9nzjBV2kYsRP/view;P079 Reduction of MUGA local DRL through the use of LEHS collimators and image processing;;2024;Yes;Events;Posters;;;X;;;;;;;;;;;;;;;;;;;;;;;;;;;
https://drive.google.com/drive/folders/1cjaPSepqXmq23lFsaChmiZQ9xEdKyPol;Posters Spring 2024;https://drive.google.com/file/d/1Qfn23ZdnCeIo-Zv4-f-bJccDce2TsDgf/view;P080 The first inclusive pregnancy checking procedure in Wales for nuclear medicine;;2024;Yes;Events;Posters;;;;;;;;;;;;;;X;;;;;;;;;;;;;;;;
https://drive.google.com/drive/folders/1cjaPSepqXmq23lFsaChmiZQ9xEdKyPol;Posters Spring 2024;https://drive.google.com/file/d/1JXL2VpDN0sT6cHlaTlpTXNqwPpXz18sB/view;P081 Utilising multiple pass Continuous Bed Motion acquisition for image optimisation in FDG PET-CT;Winner of Certificate of Merit;2024;Yes;Events;Posters;;;;;;;;;;;;;;;;;;;;X;;;;;;;;;;
https://drive.google.com/drive/folders/1cjaPSepqXmq23lFsaChmiZQ9xEdKyPol;Posters Spring 2024;https://drive.google.com/file/d/1qKQA3S_iH8c38kMyrNLTsMgtR2-vnasV/view;P083 Developing and Performing an Acceptance Testing Programme for a Novel 12-headed CZT SPECT-CT system;Winner of Certificate of Merit;2024;Yes;Events;Posters;;;;;;;;;X;;;;;;;;;;;;;;;;;;;;;
https://drive.google.com/drive/folders/1cjaPSepqXmq23lFsaChmiZQ9xEdKyPol;Posters Spring 2024;https://drive.google.com/file/d/1sis-He3h_RRUwjzAf8imMAsztQCNLVuc/view;P084 Incidental Finding of Gamma Camera Hydration affecting iodine-123 Imaging;;2024;Yes;Events;Posters;;;;;;;;;X;;;;;;;;;;;;;;;;;;;;;
https://drive.google.com/drive/folders/1cjaPSepqXmq23lFsaChmiZQ9xEdKyPol;Posters Spring 2024;https://drive.google.com/file/d/1UUpEZAXOlMWjRFArnOp9w5PkQgbuxVNg/view;P085 Optimisation of Image Quality in 99mTc in SPECT Imaging Using GE LEHRS Collimators;;2024;Yes;Events;Posters;;;;;;;;;;;;;;;;;;;;;;X;;;;;;;;
https://drive.google.com/drive/folders/1cjaPSepqXmq23lFsaChmiZQ9xEdKyPol;Posters Spring 2024;https://drive.google.com/file/d/12EtlEydb0a1rmuPnz42CSJr8aqmzBnQC/view;P086 Optimisation of 18F-PSMA-1007 Prostate Cancer Scanning on a GE Discovery MI Gen2 Digital PET/CT System;;2024;Yes;Events;Posters;;;;;;;;;;;;;;;;;;;;X;;;;;;;;;;
https://drive.google.com/drive/folders/1cjaPSepqXmq23lFsaChmiZQ9xEdKyPol;Posters Spring 2024;https://drive.google.com/file/d/11ircojSX2CMV9PrqQRgurZd6w4i9cAg1/view;P087 Effects of Attenuation and Location in the Field of View in XSPECT Quantification;;2024;Yes;Events;Posters;;;;;;;;;;;;;;;;;;;;;;X;;;;;;;;
https://drive.google.com/drive/folders/1cjaPSepqXmq23lFsaChmiZQ9xEdKyPol;Posters Spring 2024;https://drive.google.com/file/d/198o3HJtxSaExVFteyVeRAEtI8_E5gBdk/view;P088 Incidence of Abnormal Measured GFR in Patients with High Muscle Mass and Low Estimated GFR;Winner of Certificate of Merit;2024;Yes;Events;Posters;;;;;;;;;;;;;;;;;;;;;;;;;;X;;;;
https://drive.google.com/drive/folders/1cjaPSepqXmq23lFsaChmiZQ9xEdKyPol;Posters Spring 2024;https://drive.google.com/file/d/1SZ8PFvvlcNy2S8n4aO_O0qTNvekQHDVu/view;P089 Safely reducing [68Ga]Ga-DOTA-TATE PET-CT acquisition time on a Siemens Biograph Vision Scanner;;2024;Yes;Events;Posters;;;;;;;;;;;;;;;;;;;;X;;;;;;;;;;
https://drive.google.com/drive/folders/1cjaPSepqXmq23lFsaChmiZQ9xEdKyPol;Posters Spring 2024;https://drive.google.com/file/d/1KK9m4TmJhkPG-QQ2kpWKW5CJaaDSLsBR/view;P090 Validation of geometric centre image analysis in scintigraphic colonic transit studies using the “Nottingham Test Meal”;;2024;Yes;Events;Posters;;;;;;;;;;X;;;;;;;;;;;;;;;;;;;;
https://drive.google.com/drive/folders/1cjaPSepqXmq23lFsaChmiZQ9xEdKyPol;Posters Spring 2024;https://drive.google.com/file/d/1_v4uTGCg6e4Y2fRhj-K9l5mILjlbgqTV/view;P091 PET Data Corrections – Using your inner detective;;2024;Yes;Events;Posters;;;;;;;X;;;;;;;;;;;;;;;;;;;;;;;
https://drive.google.com/drive/folders/1cjaPSepqXmq23lFsaChmiZQ9xEdKyPol;Posters Spring 2024;https://drive.google.com/file/d/1OF-NZNEwTerxayVrn2t5dsjpgJTNxofk/view;P092 Comparison of Cu liner with Cu dipper for dose calibrator measurements of 123I;Winner of Certificate of Merit;2024;Yes;Events;Posters;;;;;;;;;;;;;;;;;;;;;X;;;;;;;;;
https://drive.google.com/drive/folders/1cjaPSepqXmq23lFsaChmiZQ9xEdKyPol;Posters Spring 2024;https://drive.google.com/file/d/14mZpQkOByo4HVWkWIrxLYPXXo3lsa44H/view;P094 Stark reductions in PET-CT occupational exposure using an automated injection system;;2024;Yes;Events;Posters;;;;;;;;;;;;;;;;;;;;;;;X;;;;;;;
https://drive.google.com/drive/folders/1cjaPSepqXmq23lFsaChmiZQ9xEdKyPol;Posters Spring 2024;https://drive.google.com/file/d/1c0R4ipj0JaJYagaLSy3GiUDtRQO03fhc/view;P095 Staff dose exposure evaluation after the introduction of an automatic radiopharmaceutical injector.;;2024;Yes;Events;Posters;;;;;;;;;;;;;;;;;;;;;;;X;;;;;;;
https://drive.google.com/drive/folders/1cjaPSepqXmq23lFsaChmiZQ9xEdKyPol;Posters Spring 2024;https://drive.google.com/file/d/1UTmVv8PiyEJ-FxqOxf_EGcjO0--vMcQs/view;P096 Use of EPDs to monitor and reduce staff dose in a busy department;;2024;Yes;Events;Posters;;;;;;;;;;;;;;;;;;;;;;;X;;;;;;;
https://drive.google.com/drive/folders/1cjaPSepqXmq23lFsaChmiZQ9xEdKyPol;Posters Spring 2024;https://drive.google.com/file/d/1abQcIvsy8uFDMeikL7qwwRnRMmJHTsaP/view;P097 Extravasation in Nuclear Medicine Bone Scans – Cause for Concern?;;2024;Yes;Events;Posters;;X;;;;;;;;;;;;;;;;;;;;;X;;;;;;;
https://drive.google.com/drive/folders/1cjaPSepqXmq23lFsaChmiZQ9xEdKyPol;Posters Spring 2024;https://drive.google.com/file/d/1g6Gl_kLxGto9XuOohKJ_CmTTYe1FEW8W/view;P098 Moving From Finger Stall to Ring Monitoring of Classified Workers in Nuclear Medicine.;;2024;Yes;Events;Posters;;;;;;;;;;;;;;;;;;;;;;;X;;;;;;;
https://drive.google.com/drive/folders/1cjaPSepqXmq23lFsaChmiZQ9xEdKyPol;Posters Spring 2024;https://drive.google.com/file/d/1-y_WkMd6WSZZ04ZhH5cZa8G77EgasB3x/view;P099 When is tissued an issue?;;2024;Yes;Events;Posters;;;;;;;;;;;;;;;;;;;;;;;X;;;;;;;
https://drive.google.com/drive/folders/1cjaPSepqXmq23lFsaChmiZQ9xEdKyPol;Posters Spring 2024;https://drive.google.com/file/d/1Cp5VbgZY5MHx0Qk5lAdEk7NVd1u0oalS/view;P100 Reducing the Risk from [131I]NaI Therapy Capsules for Patients with Stomas;;2024;Yes;Events;Posters;;;;;;;;;;;;;;;;;;;;;;;X;;;;;;;
https://drive.google.com/drive/folders/1cjaPSepqXmq23lFsaChmiZQ9xEdKyPol;Posters Spring 2024;https://drive.google.com/file/d/1HE9_sxkKJclaNGCrSML00odA3OREo91N/view;P101 Patient and Staff Accessible Inclusive Questioning–One Health Boards Approach;;2024;Yes;Events;Posters;;;;;;;;;;;;;;;X;;;;;;;;;;;;;;;
https://drive.google.com/drive/folders/1cjaPSepqXmq23lFsaChmiZQ9xEdKyPol;Posters Spring 2024;https://drive.google.com/file/d/12wuV_1QWTFYDLXpeiGhga7FdDRl9c-ES/view;P102 Identification of radioactive contamination – quantitative verification of an existing model;Winner of Certificate of Merit;2024;Yes;Events;Posters;;;;;;;;;;;;;;;;;;;;;;;X;;;;;;;
https://drive.google.com/drive/folders/1cjaPSepqXmq23lFsaChmiZQ9xEdKyPol;Posters Spring 2024;https://drive.google.com/file/d/1S5ToWnQp04R1JlREgLx_7jCnPC8SZ1-a/view;P103 Survey of staff perceptions of a skin dose of 500mSv from either a 99mTc source or an alpha source;Winner of Certificate of Merit;2024;Yes;Events;Posters;;;;;;;;;;;;;;;;;;;;;;;X;;;;;;;
https://drive.google.com/drive/folders/1cjaPSepqXmq23lFsaChmiZQ9xEdKyPol;Posters Spring 2024;https://drive.google.com/file/d/1bwKOFcD0EhirSFbvdEdHoxRn5Y-k45Ci/view;P104 Online patient guidance for VQ imaging – UK wide inconsistencies;Winner of Certificate of Merit;2024;Yes;Events;Posters;;;;;;;;;;;;;X;;;;;;;;;;;;;;;;;
https://drive.google.com/drive/folders/1cjaPSepqXmq23lFsaChmiZQ9xEdKyPol;Posters Spring 2024;https://drive.google.com/file/d/1yRfwpmpb3wix5VrDjdtp7I-v00f02nVs/view;P105 Ensuring dose limits to family members of MRT patients are not exceeded: A novel stratified approach for Lu-177 therapy patient restrictions.;;2024;Yes;Events;Posters;;;;;;;;;;;;;;;;;;;;;;;X;;;;;;;
https://drive.google.com/drive/folders/1cjaPSepqXmq23lFsaChmiZQ9xEdKyPol;Posters Spring 2024;https://drive.google.com/file/d/1mt6xX76vw6bX4D8tKFVW_aRCckVwr-7j/view;P106 Reducing fingertip dose in a PET-CT department: Evaluation of an automated injector;;2024;Yes;Events;Posters;;;;;;;;;;;;;;;;;;;;;;;X;;;;;;;
https://drive.google.com/drive/folders/1cjaPSepqXmq23lFsaChmiZQ9xEdKyPol;Posters Spring 2024;https://drive.google.com/file/d/1SSCgjUzi05xwlTr9hofAgCsLlqU7fWqM/view;P107 Experience of QATrack+ for QC Management in a Large Regional Nuclear Medicine Department;;2024;Yes;Events;Posters;;;;;;;;;X;;;;;;;;;;;;;;;;;;;;;
https://drive.google.com/drive/folders/1cjaPSepqXmq23lFsaChmiZQ9xEdKyPol;Posters Spring 2024;https://drive.google.com/file/d/1IOgIwt8mqNTMlKdCGfGzSnrU1ZL1FjcG/view;P108 Unsealed 224Ra Brachytherapy: Radiation Protection of 224Radium Diffusing Alpha-Emitters Radiation Therapy (Alpha DaRT);;2024;Yes;Events;Posters;;;;;;;;;;;;;;;;;;;;;;;X;;;;;;;
https://drive.google.com/drive/folders/1cjaPSepqXmq23lFsaChmiZQ9xEdKyPol;Posters Spring 2024;https://drive.google.com/file/d/1EVzCg1Qcuzo9gwTumd00aUQrCChA2Epd/view;"P109 Practical and Regulatory radiation protection experience in the delivery of
Radio-Ligand Lutetium (177Lu) PSMA Therapy doses to patients in Ireland";;2024;Yes;Events;Posters;;;;;;;;;;;;;;;;;;;;;;;X;;;;;;;
https://drive.google.com/drive/folders/1cjaPSepqXmq23lFsaChmiZQ9xEdKyPol;Posters Spring 2024;https://drive.google.com/file/d/1946dbA2Kmz66PerwFTrcVj9Au3riISCR/view;P110 Building and validating a sample counter model in Geant4 for practical applications;;2024;Yes;Events;Posters;;;;;;;;;;;;;;;;;;;;;;X;;;;;;;;
https://drive.google.com/drive/folders/1cjaPSepqXmq23lFsaChmiZQ9xEdKyPol;Posters Spring 2024;https://drive.google.com/file/d/1p8IfoskFGlh9KqdA4F945w4zEBv_ij_c/view;P111 Radiation protection considerations for sweat contamination from 131I thyrotoxicosis patients: Houston, do we have a problem?;;2024;Yes;Events;Posters;;;;;;;;;;;;;;;;;;;;;;;X;;;;;;;
https://drive.google.com/drive/folders/1cjaPSepqXmq23lFsaChmiZQ9xEdKyPol;Posters Spring 2024;https://drive.google.com/file/d/1H8sa5UWGv9SQ0fszm7TYx7JkgCtgE6QV/view;P112 Clinical Trials: A Review of Participant Radiation Risk Information for [99mTc]Tc-MDP Bone Scans;;2024;Yes;Events;Posters;;X;;;;;;;;;;;;;;;;;;;;;;;;;;;;
https://drive.google.com/drive/folders/1cjaPSepqXmq23lFsaChmiZQ9xEdKyPol;Posters Spring 2024;https://drive.google.com/file/d/1Spt_d7WufPsZRB3cug1iX3emMifiA-HW/view;P113 Assessing Radiation Risks with [89Zr]Zr-girentuximb;;2024;Yes;Events;Posters;;;;;;;;;;;;;;;;;;;;;X;;;;;;;;;
https://drive.google.com/drive/folders/1cjaPSepqXmq23lFsaChmiZQ9xEdKyPol;Posters Spring 2024;https://drive.google.com/file/d/1H0rYxDYJMFJ63v3cNA8K-rPP2dap61iO/view;P114 Calibration of Regional Radionuclide Calibrators for Use with Lu-177 Based Radiopharmaceuticals;;2024;Yes;Events;Posters;;;;;;;;;;;;;;;;;;;;;X;;;;;;;;;
https://drive.google.com/drive/folders/1ud1E-nLIy7K9jeOlcJuS6FV8sFmVNxDy;Posters Autumn 2023;https://drive.google.com/file/d/1TsHLwjxfehaMkGSjaESPKTjXL1UNDgHj/view;P01 Can Natural Language Processing Using Artificial Intelligence Identify Metastatic Status in [18F]FDG PET-CT Reports of Lung Cancer?;;2023;Yes;Events;Posters;X;;;;;;;;;;;;;;;;;;;;;;;;;;;;;
https://drive.google.com/drive/folders/1ud1E-nLIy7K9jeOlcJuS6FV8sFmVNxDy;Posters Autumn 2023;https://drive.google.com/file/d/11roVWOIgd2fQzmUjrtj96LkjjpHy0BXu/view;P02 Automatic Classification of Inflamed Joint Regions in Rheumatoid Arthritis using Deep Networks with [99mTc]Tc-maraciclatide Imaging ;;2023;Yes;Events;Posters;X;;;;;;;;;;;;;;;;;;;;;;;;;;;;;
https://drive.google.com/drive/folders/1ud1E-nLIy7K9jeOlcJuS6FV8sFmVNxDy;Posters Autumn 2023;https://drive.google.com/file/d/1GNIDzGRWMONgV5AtOc_8IerpZ1bFTfyu/view;P03 The Utility & imperfections of ChatGPT - Dabbling in domain-specific Chatbots;;2023;Yes;Events;Posters;X;;;;;;;;;;;;;;;;;;;;;;;;;;;;;
https://drive.google.com/drive/folders/1ud1E-nLIy7K9jeOlcJuS6FV8sFmVNxDy;Posters Autumn 2023;https://drive.google.com/file/d/1VgdgzAeDflE3vS6zcCSLuyzXFijGvY6D/view;P04 Students in Nuclear Medicine, Reflections of a Clinical Liaison Radiographer and a Student;;2023;Yes;Events;Posters;;;;X;;;;;;;;;;;;;;;;;;;;;;;;;;
https://drive.google.com/drive/folders/1ud1E-nLIy7K9jeOlcJuS6FV8sFmVNxDy;Posters Autumn 2023;https://drive.google.com/file/d/1N67B5lBdl03LW4_U96GLrxIwrYt7rzHB/view;P05 Variations In Referral Patterns Across NHS-England [18F]-FDG PET-CT.;;2023;Yes;Events;Posters;;;;;;;;;;;;;;X;;;;;;;;;;;;;;;;
https://drive.google.com/drive/folders/1ud1E-nLIy7K9jeOlcJuS6FV8sFmVNxDy;Posters Autumn 2023;https://drive.google.com/file/d/1ntAcGm8lI1oJ435gwDn27ISqLbsDuSNE/view;P06 Nuclear data for medical radioisotope production in nuclear reactors;;2023;Yes;Events;Posters;;;;;;;;;;;;;;;;;;;;;;;;X;;;;;;
https://drive.google.com/drive/folders/1ud1E-nLIy7K9jeOlcJuS6FV8sFmVNxDy;Posters Autumn 2023;https://drive.google.com/file/d/1QO1Es7PvFikKYyYo_2d3sfIkmKJJqtin/view;P07 Using Automation to Quantitatively Assess Lymphoscintigraphy Images;;2023;Yes;Events;Posters;;;;;;;;;;;;;;;;;;;;;;X;;;;;;;;
https://drive.google.com/drive/folders/1ud1E-nLIy7K9jeOlcJuS6FV8sFmVNxDy;Posters Autumn 2023;https://drive.google.com/file/d/1donE8dG1rmgeepdJpiOfai2SWO8bVCuf/view;P08 Characterisation of an automatic dose dispenser for mobile PET/CT;;2023;Yes;Events;Posters;;;;;;;;;X;;;;;;;;;;;;;;;;;;;;;
https://drive.google.com/drive/folders/1ud1E-nLIy7K9jeOlcJuS6FV8sFmVNxDy;Posters Autumn 2023;https://drive.google.com/file/d/16nDqqOie8jdB57a_Hka2JEkCeQzYSbQM/view;P09 A Simple Gamma Probe System for SehCAT tests: 10 year review;;2023;Yes;Events;Posters;;;;;;;;;X;;;;;;;;;;;;;;;;;;;;;
https://drive.google.com/drive/folders/1ud1E-nLIy7K9jeOlcJuS6FV8sFmVNxDy;Posters Autumn 2023;https://drive.google.com/file/d/1x1koeBLuUJMWSoyKyGt74KH9iJt1lp4q/view;P10 Impact of iterative metal artefact reduction (iMAR) methods on computed tomography-based attenuation correction maps;;2023;Yes;Events;Posters;;;;;;;;;;;;;;;;;;;;;;X;;;;;;;;
https://drive.google.com/drive/folders/1ud1E-nLIy7K9jeOlcJuS6FV8sFmVNxDy;Posters Autumn 2023;https://drive.google.com/file/d/1aIChc7mciW6Rel3Ij3Frz79qKhXJyDtR/view;P11 Specialist centre1 10-year audit: Spinal *CT dose trends in Bone SPECT-CT;;2023;Yes;Events;Posters;;X;;;;;;;;;;;;;;;;;;;;;;;;;;;;
https://drive.google.com/drive/folders/1ud1E-nLIy7K9jeOlcJuS6FV8sFmVNxDy;Posters Autumn 2023;https://drive.google.com/file/d/17rEoiFGHFkBLkGOP0ELcwfU4-YrIOLZn/view;P12 Fundamentals of Auditing in Nuclear Medicine & PET/CT;;2023;Yes;Events;Posters;;;;;;;X;;;;;;;;;;;;;;;;;;;;;;;
https://drive.google.com/drive/folders/1ud1E-nLIy7K9jeOlcJuS6FV8sFmVNxDy;Posters Autumn 2023;https://drive.google.com/file/d/1AWrar8EwcYTIe-RFGK5d8yeINe3YaALD/view;P13 Interventional Radiologists performing SIRT – Is classification necessary?;;2023;Yes;Events;Posters;;;;;;;;;;;;;;;;;;;;;;;X;;;;;;;
https://drive.google.com/drive/folders/1ud1E-nLIy7K9jeOlcJuS6FV8sFmVNxDy;Posters Autumn 2023;https://drive.google.com/file/d/1V2d74myz4D6omI41O-ZrmesK9i_FkNKW/view;P14 Comparative Analysis of Close Contact Restriction Calculation Methods for Patients treated with 1100 MBq Radioiodine;;2023;Yes;Events;Posters;;;;;;;;;;;;;;;;;;;;;;;X;;;;;;;
https://drive.google.com/drive/folders/1ud1E-nLIy7K9jeOlcJuS6FV8sFmVNxDy;Posters Autumn 2023;https://drive.google.com/file/d/1YcLdGfYLOXjyQr9guPCAlED-A_yFJpQv/view;P15 Dosimetric modelling of extravasation events in nuclear medicine: preliminary findings;;2023;Yes;Events;Posters;;;;;;;;;;;;;;;;;;;;;X;;;;;;;;;
https://drive.google.com/drive/folders/1ud1E-nLIy7K9jeOlcJuS6FV8sFmVNxDy;Posters Autumn 2023;https://drive.google.com/file/d/18X0wJ9PdIfqR0FxZ7MTbfIA9EA8srZwt/view;P16 Estimation of infant radiation exposure from ingestion of breastmilk after SeHCAT capsule administration;;2023;Yes;Events;Posters;;;;;;;;;;;;;;;;;;;X;;;;;;;;;;;
https://drive.google.com/drive/folders/1ud1E-nLIy7K9jeOlcJuS6FV8sFmVNxDy;Posters Autumn 2023;https://drive.google.com/file/d/1nSdyfqGSy8hhUSjUHcWgZ3b86KL0T8b7/view;P17 A comparison of residual activities, waste values, administering clinician doses, and dispensing times between the pumped gravity method and shielded syringe driver method of [177Lu]-based therapy administrations;;2023;Yes;Events;Posters;;;;;;;;;;;;;;;;X;;;;;;;;;;;;;;
https://drive.google.com/drive/folders/1ud1E-nLIy7K9jeOlcJuS6FV8sFmVNxDy;Posters Autumn 2023;https://drive.google.com/file/d/1twUJMzpdPHmyu_tmoGpmBdu-0dTVsU0U/view;P18 Quantification of 177Lu on a Cadmium Zinc Telluride Gamma Camera;;2023;Yes;Events;Posters;;;;;;;;;;;;;;;;;;;;;;X;;;;;;;;
https://drive.google.com/drive/folders/1ud1E-nLIy7K9jeOlcJuS6FV8sFmVNxDy;Posters Autumn 2023;https://drive.google.com/file/d/1WU9NnIiNT5yChUmxAv6uyLLomoB7PZJG/view;P19 Implementing Patient-Controlled dose rate measurements during I-131 ablation inpatient stays;;2023;Yes;Events;Posters;;;;;;;;;;;;;;X;;;;;;;;;;;;;;;;
https://drive.google.com/drive/folders/1ud1E-nLIy7K9jeOlcJuS6FV8sFmVNxDy;Posters Autumn 2023;https://drive.google.com/file/d/1lGChNU4iIjHcntysOUDT0MAICPJ1W9VQ/view;P21 Our early experiences in using renal volume to estimate split renal function in comparison with [99mTc]Tc-DMSA scans.;;2023;Yes;Events;Posters;;;;;;;;;;;;;;;;;;;;;;;;;;X;;;;
https://drive.google.com/drive/folders/1ud1E-nLIy7K9jeOlcJuS6FV8sFmVNxDy;Posters Autumn 2023;https://drive.google.com/file/d/1oVH2aSRtaiNW0Yc990GHZrGsdDrhM2u9/view;P22 Assessment of right ventricular uptake on [99mTc]Tc-DPD planar and SPECT CT for investigation of cardiac amyloidosis and correlation with late Gadolinium uptake on CMR;;2023;Yes;Events;Posters;;;X;;;;;;;;;;;;;;;;;;;;;;;;;;;
https://drive.google.com/drive/folders/1ud1E-nLIy7K9jeOlcJuS6FV8sFmVNxDy;Posters Autumn 2023;https://drive.google.com/file/d/1E-xbphgpiCR-gWJ0Zp3ioXo8kgI4rY3I/view;P24 I can see clearly now, the rain has gone...;;2023;Yes;Events;Posters;;;;;;X;;;;;;;;;;;;;;;;;;;;;;;;
https://drive.google.com/drive/folders/1ud1E-nLIy7K9jeOlcJuS6FV8sFmVNxDy;Posters Autumn 2023;https://drive.google.com/file/d/1eIlrokn211kEGd04A-GTfhOrcovPMNI9/view;P25 Semi-quantitative analysis of Temporomandibular Joint Tc-99m HDP SPECT/CT – A Technological Perspective;;2023;Yes;Events;Posters;;;;;;;;;;;;;;;;;;;;;;X;;;;;;;;
https://drive.google.com/drive/folders/1ud1E-nLIy7K9jeOlcJuS6FV8sFmVNxDy;Posters Autumn 2023;https://drive.google.com/file/d/1lzmWqIA6Nh9-ZftNwg6OtjMErbGXY1tE/view;P26 Improving efficiency and patient experience of Sestamibi SPECT/CT for primary hyperparathyroidism: Experience of the clinical utility of early phase scans;;2023;Yes;Events;Posters;;;;;;;;;;;;;;;;;;;;;;;;;;;;X;;
https://drive.google.com/drive/folders/1ud1E-nLIy7K9jeOlcJuS6FV8sFmVNxDy;Posters Autumn 2023;https://drive.google.com/file/d/1ZgrVZ1kfsRABEBXO-pV7igPKF57BfSI3/view;P27 The utility of [68Ga]Ga-DOTA-TATE PET/CT scans in patients with multiple endocrine neoplasia type 1 (MEN1) with suspected pancreatic neuroendocrine tumours;;2023;Yes;Events;Posters;;;;;;;;;;;;;;;;;;X;;;;;;;;;;;;
https://drive.google.com/drive/folders/1ud1E-nLIy7K9jeOlcJuS6FV8sFmVNxDy;Posters Autumn 2023;https://drive.google.com/file/d/11TujB-V27kUhZ3OCEpOi2oA10IN1jq2O/view;"P28 The Value of [99mTc]Tc-MDP scintigraphy in lymph node amyloidosis; a case report and mini literature review";;2023;Yes;Events;Posters;;X;;;;;;;;;;;;;;;;;;;;;;;;;;;;
https://drive.google.com/drive/folders/1ud1E-nLIy7K9jeOlcJuS6FV8sFmVNxDy;Posters Autumn 2023;https://drive.google.com/file/d/11VlvsVj97RemAf4hCWAhrC6MJOtMnklt/view;P29 Comparison between [18F]-FDG PET-CT lymph node staging with pathological evaluation in lung cancer patients;;2023;Yes;Events;Posters;;;;;;;;;;;;;X;;;;;;;;;;;;;;;;;
https://drive.google.com/drive/folders/1ud1E-nLIy7K9jeOlcJuS6FV8sFmVNxDy;Posters Autumn 2023;https://drive.google.com/file/d/1xU1Voga9OXrLiA80gLOiQpqTY97mW8U_/view;"P30 Pulmonary in-situ microvascular thrombosis detected with VQ SPECT-CT in community
treated long COVID-19 patients with breathlessness. The role of molecular imaging";;2023;Yes;Events;Posters;;;;;;;;;;;;X;;;;;;;;;;;;;;;;;;
https://drive.google.com/drive/folders/1ud1E-nLIy7K9jeOlcJuS6FV8sFmVNxDy;Posters Autumn 2023;https://drive.google.com/file/d/1FFIEpS4qbePRDWpBrM5mxvUQyrd6Ansr/view;"P31 Assessing the Landscape of Amyloid PET Imaging in the UK through an online survey: 
Implications for Alzheimer's Disease Therapeutics";;2023;Yes;Events;Posters;;;;;;;;;;;;;;;;;X;;;;;;;;;;;;;
https://drive.google.com/drive/folders/1ud1E-nLIy7K9jeOlcJuS6FV8sFmVNxDy;Posters Autumn 2023;https://drive.google.com/file/d/1gC74CbLyrT7MxFPJ0cC-Q4AlYSf0FDd9/view;P32 May [123]Ioflupane-SPECT (DaTSCAN) Differentiate Between Idiopathic Parkinson's disease and atypical Parkinsonian syndromes?;;2023;Yes;Events;Posters;;;;;;;;;;;;;;;;;X;;;;;;;;;;;;;
https://drive.google.com/drive/folders/1ud1E-nLIy7K9jeOlcJuS6FV8sFmVNxDy;Posters Autumn 2023;https://drive.google.com/file/d/13qUGE5kC0499D3IXQ8YqyL0esfik9Swi/view;P33 Assessing background counts in normal, abnormal and in repeat ioflupane studies;;2023;Yes;Events;Posters;;;;;;;;;;;;;;;;;X;;;;;;;;;;;;;
https://drive.google.com/drive/folders/1ud1E-nLIy7K9jeOlcJuS6FV8sFmVNxDy;Posters Autumn 2023;https://drive.google.com/file/d/1SfEqhywRPxZzobviTIC58P8wYIF5VmuK/view;P34 The effects of immune checkpoint inhibitor therapy on Programmed Death Ligand 1 (PD-L1) expression and glucose metabolism of normal organs in patients with advanced non-small cell lung cancer;;2023;Yes;Events;Posters;;;;;;;;;;;;;;;;;;X;;;;;;;;;;;;
https://drive.google.com/drive/folders/1ud1E-nLIy7K9jeOlcJuS6FV8sFmVNxDy;Posters Autumn 2023;https://drive.google.com/file/d/10i0oCgAnxysoLraHZ-jUC1O0793Mil4J/view;P35 89Zr-DFO-girentuximab for PET/CT imaging of clear cell renal cell carcinoma: Results from phase 3 ZIRCON study;;2023;Yes;Events;Posters;;;;;;;;;;;;;;;;;;;;;;;;;;X;;;;
https://drive.google.com/drive/folders/1ud1E-nLIy7K9jeOlcJuS6FV8sFmVNxDy;Posters Autumn 2023;https://drive.google.com/file/d/1pWD8ao8zjZw5EcrcaIO1jMi7DX31dhhG/view;P36 The clinical impact of [68Ga]Ga-PSMA PET CT versus conventional restaging imaging in biochemically recurrent prostate cancer.;;2023;Yes;Events;Posters;;;;;;;;;;;;;;;;;;X;;;;;;;;;;;;
https://drive.google.com/drive/folders/1ud1E-nLIy7K9jeOlcJuS6FV8sFmVNxDy;Posters Autumn 2023;https://drive.google.com/file/d/1st-_99osPYSGabzJjYHX_UeVJhgYKKnt/view;P37 First UK experience of [18F]DCFPyL PSMA PET/CT in primary staging and biochemical recurrence of prostate cancer;;2023;Yes;Events;Posters;;;;;;;;;;;;;;;;;;X;;;;;;;;;;;;
https://drive.google.com/drive/folders/1ud1E-nLIy7K9jeOlcJuS6FV8sFmVNxDy;Posters Autumn 2023;https://drive.google.com/file/d/1dEuQkQgvEZRWqo7KWjrfrFU4vE1gt0sc/view;"P38 Review of the practise of routinely using Ultra HD versus traditional Iterative TOF
reconstruction of FDG PET-CT data in clinical interpretation of Herder’s score for 
incidental pulmonary nodules";;2023;Yes;Events;Posters;;;;;;;;;;;;;;;;;;;;X;;;;;;;;;;
https://drive.google.com/drive/folders/1ud1E-nLIy7K9jeOlcJuS6FV8sFmVNxDy;Posters Autumn 2023;https://drive.google.com/file/d/1-iENI3ntLGA-ONZKRRxRdDOZB32k-KLW/view;P39 [18F]PSMA Tracer and 131I Avid Retroperitoneal Thyroid Tissue in a Patient with Synchronous Thyroid and Prostate Carcinomas: first case report and differential diagnoses;;2023;Yes;Events;Posters;;;;;;;;;;;;;;;;;;;;;;;;;;;;X;;
https://drive.google.com/drive/folders/1ud1E-nLIy7K9jeOlcJuS6FV8sFmVNxDy;Posters Autumn 2023;https://drive.google.com/file/d/1OilhDkvs9JIhF7KvXxtDUHQNP_h6SxMM/view;P40 Investigation of time intervals on gastric emptying parameters;;2023;Yes;Events;Posters;;;;;;;;;;X;;;;;;;;;;;;;;;;;;;;
https://drive.google.com/drive/folders/1ud1E-nLIy7K9jeOlcJuS6FV8sFmVNxDy;Posters Autumn 2023;https://drive.google.com/file/d/1GGhuws8I_6uaAGFSgl_gKxlRDHyVqkMn/view;P41 Streamlining radiation protection assessment of patients prior to 177Lu-PSMA therapy;;2023;Yes;Events;Posters;;;;;;;;;;;;;;;;X;;;;;;;;;;;;;;
https://drive.google.com/drive/folders/139DN8vz6NpVKfFwtTuDDATF6U_4bP0HJ;Posters Spring 2023;https://drive.google.com/file/d/1PE4VBOIqZkNoMb1Pjg5eiBfBpZr-XBH_/view;P001 Whole Body and Finger Doses from Breast-Conserving Surgery using Cerenkov Luminescence Imaging (CLI) Combined with Flexible Autoradiography (FAR);;2023;Yes;Events;Posters;;;;;;;;;;;;;;;;;;;;;X;;;;;;;;;
https://drive.google.com/drive/folders/139DN8vz6NpVKfFwtTuDDATF6U_4bP0HJ;Posters Spring 2023;https://drive.google.com/file/d/1S7s9m5VDFrfl6-_zQlg5uTOk_bnTcce-/view;P002 Couldn’t you have just posted this 75Se-SeHCAT capsule to me?;;2023;Yes;Events;Posters;;;;;;;;;;;;;;;;;;;;;;;X;;;;;;;
https://drive.google.com/drive/folders/139DN8vz6NpVKfFwtTuDDATF6U_4bP0HJ;Posters Spring 2023;https://drive.google.com/file/d/1UcrPDIDBCsTFnc1neni6ppm4FssLeV88/view;P003 Hold the gin, mine’s a tech and tonic;Winner of 2nd Poster Prize;2023;Yes;Events;Posters;;;;;;;;;;;;;;;;;;;;;;;;;;;;;;X
https://drive.google.com/drive/folders/139DN8vz6NpVKfFwtTuDDATF6U_4bP0HJ;Posters Spring 2023;https://drive.google.com/file/d/1B6JC7Yg0wxO6VzndNwg5-1JFgARNfid4/view;P004 Evaluation of a water vacuum for large volume spills;;2023;Yes;Events;Posters;;;;;;;;;;;;;;;;;;;;;;;X;;;;;;;
https://drive.google.com/drive/folders/139DN8vz6NpVKfFwtTuDDATF6U_4bP0HJ;Posters Spring 2023;https://drive.google.com/file/d/1PRYeO0qvCA6K75-vyUYJg8sa-Gg0RgFo/view;P005 Does a UV torch have a place in a nuclear medicine spills kit ...for urine?;;2023;Yes;Events;Posters;;;;;;;;;;;;;;;;;;;;;;;X;;;;;;;
https://drive.google.com/drive/folders/139DN8vz6NpVKfFwtTuDDATF6U_4bP0HJ;Posters Spring 2023;https://drive.google.com/file/d/1h2pV05ZfxQqmVQYw58YKt6lrmPzhzcAa/view;P006 Using a contamination monitor to count GFR plasma samples as part of a business continuity plan;Winner of Certificate of Merit;2023;Yes;Events;Posters;;;;;;;;;;;;;;;;;;;;;;;;;;;;;;X
https://drive.google.com/drive/folders/139DN8vz6NpVKfFwtTuDDATF6U_4bP0HJ;Posters Spring 2023;https://drive.google.com/file/d/1EsTUnZfBI7ZY3u4hDgv660GDuCTSm4vb/view;P007 Comparison of finger doses to the dominant and non-dominant hands for imaging and radiopharmacy staff;;2023;Yes;Events;Posters;;;;;;;;;;;;;;;;;;;;;X;;;;;;;;;
https://drive.google.com/drive/folders/139DN8vz6NpVKfFwtTuDDATF6U_4bP0HJ;Posters Spring 2023;https://drive.google.com/file/d/1FJnqPum0X0_PBi6gTnOPBw6pPYwkSPx6/view;P008 Experiences of supervising the drainage of ascitic fluid in [177Lu]Lu-DOTA-TATE therapy patients;Winner of Saul Hertz Radiotherapy Poster Prize;2023;Yes;Events;Posters;;;;;;;;;;;;;;;;;;;;;;;X;;;;;;;
https://drive.google.com/drive/folders/139DN8vz6NpVKfFwtTuDDATF6U_4bP0HJ;Posters Spring 2023;https://drive.google.com/file/d/10Hj_o6345xXVWlLa6JaJ7zYWzrb4VRN5/view;P009 Patient dose rates from [18F]PSMA-1007 administration: impact on public & staff doses;;2023;Yes;Events;Posters;;;;;;;;;;;;;;;;;;;;;X;;;;;;;;;
https://drive.google.com/drive/folders/139DN8vz6NpVKfFwtTuDDATF6U_4bP0HJ;Posters Spring 2023;https://drive.google.com/file/d/1RExcYHkF9_afILHaq7WNQWxIhqXf9hjg/view;P010 Longitudinal stability of quantitative SPECT accuracy with Siemens BroadQuant for multiple radionuclides;;2023;Yes;Events;Posters;;;;;;;;;;;;;;;;;;;;;;X;;;;;;;;
https://drive.google.com/drive/folders/139DN8vz6NpVKfFwtTuDDATF6U_4bP0HJ;Posters Spring 2023;https://drive.google.com/file/d/14GpWzT04jbhebBzhYVgqHPYIkFNh8yBx/view;P011 Management of Radioactive Pipework A Royal Free Perspective;;2023;Yes;Events;Posters;;;;;;;;;;;;;;;;;;;;;;;X;;;;;;;
https://drive.google.com/drive/folders/139DN8vz6NpVKfFwtTuDDATF6U_4bP0HJ;Posters Spring 2023;https://drive.google.com/file/d/1cDlB5GJNbJFjNXYjkScndlhFVRAoBLgW/view;P012 Evaluation of Restrictions for Thyrotoxicosis Patients Using EPD’s;Winner of 3rd Poster Prize and Certificate of Merit;2023;Yes;Events;Posters;;;;;;;;;;;;;;;;;;;;;;;X;;;;;;;
https://drive.google.com/drive/folders/139DN8vz6NpVKfFwtTuDDATF6U_4bP0HJ;Posters Spring 2023;https://drive.google.com/file/d/1lfa3lLbgEGjfddx3uXLU0VnzKNb5M3Ng/view;P014 An EXCEL calculator for the radiation dose to Carers and Comforters;;2023;Yes;Events;Posters;;;;;X;;;;;;;;;;;;;;;;;;;;;;;;;
https://drive.google.com/drive/folders/139DN8vz6NpVKfFwtTuDDATF6U_4bP0HJ;Posters Spring 2023;https://drive.google.com/file/d/11ylmqiTKN9ybDswdlWqZlY4LGKlyXPXn/view;P015 How Protective is our PPE? Evaluating the Permeability of PPE with Common Radioisotopes used in Nuclear Medicine;Winner of Certificate of Merit;2023;Yes;Events;Posters;;;;;;;;;;;;;;;;;;;;;;;X;;;;;;;
https://drive.google.com/drive/folders/139DN8vz6NpVKfFwtTuDDATF6U_4bP0HJ;Posters Spring 2023;https://drive.google.com/file/d/1QPgTEgwGI6XHrQth3F5adnx8-mS082fq/view;P016 Establishing CT Local Dose Reference Limits for musculoskeletal SPECT CT scans;;2023;Yes;Events;Posters;;;;;;;;;;;;;;;;;;;;;X;;;;;;;;;
https://drive.google.com/drive/folders/139DN8vz6NpVKfFwtTuDDATF6U_4bP0HJ;Posters Spring 2023;https://drive.google.com/file/d/15h3YpXU37NXk_g3Nt9krlol3YNgA__QT/view;P017 Review of fingertip radiation dose monitoring for staff working with unsealed radionuclides.;;2023;Yes;Events;Posters;;;;;;;;;;;;;;;;;;;;;X;;;;;;;;;
https://drive.google.com/drive/folders/139DN8vz6NpVKfFwtTuDDATF6U_4bP0HJ;Posters Spring 2023;https://drive.google.com/file/d/18lnijjnfCLWzTScK8RX7T-ZZfIH-8ZmT/view;P018 Optimisation of a Myocardial Perfusion Weight-Based Dosing Scale by Means of Poisson Resampling;;2023;Yes;Events;Posters;;;;;;;;;;;;;;;;;;;;;X;;;;;;;;;
https://drive.google.com/drive/folders/139DN8vz6NpVKfFwtTuDDATF6U_4bP0HJ;Posters Spring 2023;https://drive.google.com/file/d/18onEa56vn5j_mq3fR34IYhuOQs4c1I3Q/view;P020 OSEM-Based Reconstruction Optimisation for Whole-Body Bone SPECT Examinations.;;2023;Yes;Events;Posters;;X;;;;;;;;;;;;;;;;;;;;X;;;;;;;;
https://drive.google.com/drive/folders/139DN8vz6NpVKfFwtTuDDATF6U_4bP0HJ;Posters Spring 2023;https://drive.google.com/file/d/1JkZE-nNYUH4LNw2mFUA00RyNLuQfy9Y9/view;P022 Misregistration of Whole-Body SPECT-CT Acquisitions;Winner of Lee Jenkins Memorial Poster Prize and Certificate of Merit;2023;Yes;Events;Posters;;;;;;;;;;;;;;;;;;;;;;X;;;;;;;;
https://drive.google.com/drive/folders/139DN8vz6NpVKfFwtTuDDATF6U_4bP0HJ;Posters Spring 2023;https://drive.google.com/file/d/1fTRsxE25ZB7URLkMNPBTw6nJmSZ4sznv/view;P023 SPECT SUVs – QC requirements and clinical implementation for Tektrotyd Imaging;;2023;Yes;Events;Posters;;;;;;;;;;;;;;;;;;;;;;X;;;;;;;;
https://drive.google.com/drive/folders/139DN8vz6NpVKfFwtTuDDATF6U_4bP0HJ;Posters Spring 2023;https://drive.google.com/file/d/1bJiahYnkioD2AqqDetqSXa0E84V_IC_0/view;P024 A sticky situation – SUV phantom changes over time;;2023;Yes;Events;Posters;;;;;;;;;;;;;;;;;;;;;;X;;;;;;;;
https://drive.google.com/drive/folders/139DN8vz6NpVKfFwtTuDDATF6U_4bP0HJ;Posters Spring 2023;https://drive.google.com/file/d/1mhM7pdj7BULlznstzXzdLu7rh6FaA8Gp/view;P025 Clinical application of a novel method of attenuation corrected (AC) for planar lymphoscintigraphic quantification;;2023;Yes;Events;Posters;;;;;;;;;;;;;;;;;;;;;;X;;;;;;;;
https://drive.google.com/drive/folders/139DN8vz6NpVKfFwtTuDDATF6U_4bP0HJ;Posters Spring 2023;https://drive.google.com/file/d/1BflEEp_yLni2cFeQHeT7aGIMNCbOB8e7/view;P026 DaTSCAN: is cross-collimator calibration required when using GE LEHRS collimators?;;2023;Yes;Events;Posters;;;;;;;;;;;;;;;;;;;;;;X;;;;;;;;
https://drive.google.com/drive/folders/139DN8vz6NpVKfFwtTuDDATF6U_4bP0HJ;Posters Spring 2023;https://drive.google.com/file/d/1B3wpHHnDLgOOWAEe8TmfC0JxIcopbA-T/view;P027 Use of LEHRS collimators for DAT imaging – a note of caution;;2023;Yes;Events;Posters;;;;;;;;;;;;;;;;;;;;;;X;;;;;;;;
https://drive.google.com/drive/folders/139DN8vz6NpVKfFwtTuDDATF6U_4bP0HJ;Posters Spring 2023;https://drive.google.com/file/d/1VprCENiVUCVnxKAeuX_gGuGdzeSEo16j/view;P028 Should we Block Thyroids in Older DaTSCAN Patients?;;2023;Yes;Events;Posters;;;;;;;;;;;;;;;;;;;;;;;X;;;;;;;
https://drive.google.com/drive/folders/139DN8vz6NpVKfFwtTuDDATF6U_4bP0HJ;Posters Spring 2023;https://drive.google.com/file/d/146pvcMdN_TLssSfa3FK2QMnDI5GFEngK/view;P031 Developing, testing, and using a novel Dynamic Line Phantom;;2023;Yes;Events;Posters;;;;;;;;;;;;;;;;;;;;;;X;;;;;;;;
https://drive.google.com/drive/folders/139DN8vz6NpVKfFwtTuDDATF6U_4bP0HJ;Posters Spring 2023;https://drive.google.com/file/d/1IYB4aRZVYYs_bdjkTr6JJyNsP9cJ9Sk3/view;P032 89Zr PET Set-Up and In-House Validation Prior to Immunotherapy Clinical Trial Harmonisation;;2023;Yes;Events;Posters;;;;;;;;;;;;;;;;;;;;;;X;;;;;;;;
https://drive.google.com/drive/folders/139DN8vz6NpVKfFwtTuDDATF6U_4bP0HJ;Posters Spring 2023;https://drive.google.com/file/d/1f1ir-0cTnXHYk9SnQ06y8jTyh653bdNg/view;P033 Retrospective study of dynamic imaging acquisition length for sentinel node scans;;2023;Yes;Events;Posters;;;;;;;;;;;;;;;;;;;;;;X;;;;;;;;
https://drive.google.com/drive/folders/139DN8vz6NpVKfFwtTuDDATF6U_4bP0HJ;Posters Spring 2023;https://drive.google.com/file/d/19WW438lI0iXP3q6gtYXBSw7h1_gaLyly/view;P034 Challenges in testing the performance of a large area pixelated cadmium zinc telluride gamma camera;;2023;Yes;Events;Posters;;;;;;;;;;;;;;;;;;;;;;X;;;;;;;;
https://drive.google.com/drive/folders/139DN8vz6NpVKfFwtTuDDATF6U_4bP0HJ;Posters Spring 2023;https://drive.google.com/file/d/1vXbKuIvUzn4QjxcZhNUtrYXAtwmjMK3x/view;P035 Initial characterization of the Seracam: a small-footprint gamma-optical camera, with fully automated collimator changing capabilities;;2023;Yes;Events;Posters;;;;;;;;;X;;;;;;;;;;;;;;;;;;;;;
https://drive.google.com/drive/folders/139DN8vz6NpVKfFwtTuDDATF6U_4bP0HJ;Posters Spring 2023;https://drive.google.com/file/d/1wBF7IVFDYSvCB0iXtrNPrcpF28KqYX0n/view;P036 [18F] FDG PE T brain: Validation of new quantification programme;;2023;Yes;Events;Posters;;;;;;;;;;;;;;;;;X;;;;;;;;;;;;;
https://drive.google.com/drive/folders/139DN8vz6NpVKfFwtTuDDATF6U_4bP0HJ;Posters Spring 2023;https://drive.google.com/file/d/18j-fP98GBPSUqLB-lKLEqOUljdEPUUM7/view;P037 Development of a Method to Assess PET Injection Systems;;2023;Yes;Events;Posters;;;;;X;;;;;;;;;;;;;;;;;;;;;;;;;
https://drive.google.com/drive/folders/139DN8vz6NpVKfFwtTuDDATF6U_4bP0HJ;Posters Spring 2023;https://drive.google.com/file/d/1fp4VC4dV04xwFpP5KwQfoG1nUEsgqTmF/view;P038 Accuracy of the KARL100 automated dispensing cart and Rad-Inject portable automated injectors;;2023;Yes;Events;Posters;;;;;;;;;;;;;;;;;;;;;;;;;X;;;;;
https://drive.google.com/drive/folders/139DN8vz6NpVKfFwtTuDDATF6U_4bP0HJ;Posters Spring 2023;https://drive.google.com/file/d/1zkTwhoTt139NjSrkufKq3zvOBWhN4KMf/view;P039 Predicting monthly PETCT referral rate using machine learning time-series forecasting;Winner of Certificate of Merit;2023;Yes;Events;Posters;X;;;;;;;;;;;;;;;;;;;;;;;;;;;;;
https://drive.google.com/drive/folders/139DN8vz6NpVKfFwtTuDDATF6U_4bP0HJ;Posters Spring 2023;https://drive.google.com/file/d/1odMVXSS1IrytXMT6i8Vy3dFv8o5gPHR8/view;P040 Review of current PET-CT scanner technology in the UK and use of available features in [18F]FDG scanning.;;2023;Yes;Events;Posters;;;;;;;;;;;;;;;;;;;;X;;;;;;;;;;
https://drive.google.com/drive/folders/139DN8vz6NpVKfFwtTuDDATF6U_4bP0HJ;Posters Spring 2023;https://drive.google.com/file/d/16HVN_iYZzat1Bz10NrFoSfWsu4cxvKAX/view;P042 Physiological uptake pattern of 18F-choline in the myocardium may have the potential to provide better target to background ratio than 18F-FDG;;2023;Yes;Events;Posters;;;X;;;;;;;;;;;;;;;;;;;;;;;;;;;
https://drive.google.com/drive/folders/139DN8vz6NpVKfFwtTuDDATF6U_4bP0HJ;Posters Spring 2023;https://drive.google.com/file/d/1BFlAj30n1XK1JO6HNGJtuK8VUfc_QRpR/view;P043 Increasing Scan Quality While Reducing Radiation Burden Using the D-SPECT;;2023;Yes;Events;Posters;;;;;;;;;;;;;;;;;;;;;;X;;;;;;;;
https://drive.google.com/drive/folders/139DN8vz6NpVKfFwtTuDDATF6U_4bP0HJ;Posters Spring 2023;https://drive.google.com/file/d/17DXqyff7g-1JXWEksRzEGasqbIg9NAJj/view;P045 Refining Referral Pathways for Gastric Emptying Studies on the Basis of a 3-year Retrospective Review;;2023;Yes;Events;Posters;;;;;;;;;;;;;;X;;;;;;;;;;;;;;;;
https://drive.google.com/drive/folders/139DN8vz6NpVKfFwtTuDDATF6U_4bP0HJ;Posters Spring 2023;https://drive.google.com/file/d/1KNP9cQDpKK_erNkP0Jky0nsc8O96fuhG/view;P046 Application of the QATrack+ platform to a NHS Nuclear Medicine (NM) service;;2023;Yes;Events;Posters;;;;;;;;;;;;;;;;;;;;;X;;;;;;;;;
https://drive.google.com/drive/folders/139DN8vz6NpVKfFwtTuDDATF6U_4bP0HJ;Posters Spring 2023;https://drive.google.com/file/d/1LHPwXD5Im8Po_4u67gVuGPuICn6rWZ67/view;P047 Diagnostic dilemma of genitourinary sarcoidosis with atypical presentation of scrotal pain: case report and literature review.;;2023;Yes;Events;Posters;;;;;;;;;;;;X;;;;;;;;;;;;;;;;;;
https://drive.google.com/drive/folders/139DN8vz6NpVKfFwtTuDDATF6U_4bP0HJ;Posters Spring 2023;https://drive.google.com/file/d/16piafB9dszGKqd3aRUZFkKtA9jX1VuH4/view;P048 Using brain Standard Uptake Value as reference for Diffuse Large B Cell lymphoma;Winner of 1st Poster Prize and Certificate of Merit;2023;Yes;Events;Posters;;;;;;;;;;;X;;;;;;;;;;;;;;;;;;;
https://drive.google.com/drive/folders/139DN8vz6NpVKfFwtTuDDATF6U_4bP0HJ;Posters Spring 2023;https://drive.google.com/file/d/1PhFRxq_4wIsV88AZMucVDPmJOU0uMIC_/view;P049 Case Review of Breast SNB: Diffuse [99mTc] Nanocolloid uptake;;2023;Yes;Events;Posters;;;;;;;;;;;;;;;;;;X;;;;;;;;;;;;
https://drive.google.com/drive/folders/139DN8vz6NpVKfFwtTuDDATF6U_4bP0HJ;Posters Spring 2023;https://drive.google.com/file/d/1j_QzTyIsYMe_9j45dQ72Au82XGx4VuiE/view;P050 Caveats of PET-CT Interpretation in Pancreatic Carcinomas – Insights from a Case Series;;2023;Yes;Events;Posters;;;;;;;;;;X;;;;;;;;;;;;;;;;;;;;
https://drive.google.com/drive/folders/139DN8vz6NpVKfFwtTuDDATF6U_4bP0HJ;Posters Spring 2023;https://drive.google.com/file/d/176w8gSapXsV7t915skb-VK3bDK6l2e92/view;P051 Dual tracer ([18F]PSMA and [123I]NaI) positive recurrent differentiated thyroid cancer (DTC) - a case report and literature review;;2023;Yes;Events;Posters;;;;;;;;;;;;;;;;;;;;;;;;;;;;X;;
https://drive.google.com/drive/folders/139DN8vz6NpVKfFwtTuDDATF6U_4bP0HJ;Posters Spring 2023;https://drive.google.com/file/d/1MFM_8H8zNafz0-7ULsa3JUigcBrxdkIT/view;P052 Development of low-volume mouse-scale [82Sr]/[82Rb] generator for preclinical PET imaging;Winner of Certificate of Merit;2023;Yes;Events;Posters;;;;;;;;;;;;;;;;;;;;;;;;X;;;;;;
https://drive.google.com/drive/folders/139DN8vz6NpVKfFwtTuDDATF6U_4bP0HJ;Posters Spring 2023;https://drive.google.com/file/d/1X8vBjtjTup_twhngh5954vfOUPYDwUxd/view;P053 The value of a baseline study in morphine HIDA studies for assessment of sphincter of Oddi dysfunction in patients with cholecystectomy;;2023;Yes;Events;Posters;;;;;;;;;;X;;;;;;;;;;;;;;;;;;;;
https://drive.google.com/drive/folders/139DN8vz6NpVKfFwtTuDDATF6U_4bP0HJ;Posters Spring 2023;https://drive.google.com/file/d/1hTl4nnKKTS1xo4trLNljP16eK2STgYmv/view;P054 Gastric Emptying Studies (GES): Importance of applying the correct normal range;;2023;Yes;Events;Posters;;;;;;;;;;X;;;;;;;;;;;;;;;;;;;;
https://drive.google.com/drive/folders/139DN8vz6NpVKfFwtTuDDATF6U_4bP0HJ;Posters Spring 2023;https://drive.google.com/file/d/1ZcNDVr9lGwawiwKmGPlGHsqkkxtVGfPH/view;P055 Is there a role for SUV max in predicting histological outcomes of incidental focal [18F]FDG uptake within the parotid glands?;Winner of Joint 1st Student Prize;2023;Yes;Events;Posters;;;;;;;;;;;;;;;;;;X;;;;;;;;;;;;
https://drive.google.com/drive/folders/139DN8vz6NpVKfFwtTuDDATF6U_4bP0HJ;Posters Spring 2023;https://drive.google.com/file/d/1UAMwKFBS-ctc-ZLOYhmkA_OBs8OFH68j/view;P056 Rare Presentation of Primary Pulmonary Sarcoma in Young Male;;2023;Yes;Events;Posters;;;;;;;;;;;;;X;;;;;;;;;;;;;;;;;
https://drive.google.com/drive/folders/139DN8vz6NpVKfFwtTuDDATF6U_4bP0HJ;Posters Spring 2023;https://drive.google.com/file/d/1tzq5iUq-ueU4pkxkkGwCRF8QfoQ1POKI/view;P057 The efficacy of F-18 PSMA -1007 PET/CT to diagnose biochemically recurrent Adenocarcinoma prostate: Indian Perspective;;2023;Yes;Events;Posters;;;;;;;;;;;;;;;;;;X;;;;;;;;;;;;
https://drive.google.com/drive/folders/139DN8vz6NpVKfFwtTuDDATF6U_4bP0HJ;Posters Spring 2023;https://drive.google.com/file/d/12y_0Fe0CO5_9-gAIi0gHVteOE0VMHZXM/view;"P058 A rare case of primary synovial sarcoma of prostate with no distant metastases,
staging by F-18 PSMA 1007 scan – case report & review of literature";;2023;Yes;Events;Posters;;;;;;;;;;;;;;;;;;X;;;;;;;;;;;;
https://drive.google.com/drive/folders/139DN8vz6NpVKfFwtTuDDATF6U_4bP0HJ;Posters Spring 2023;https://drive.google.com/file/d/1ed4WZccejIpivIknohz7lziVmiK6xW7N/view;P059 Clinical significance of incidental 18F-FDG uptake in the prostate;Winner of Joint 1st Student Prize and Certificate of Merit;2023;Yes;Events;Posters;;;;;;;;;;;;;;;;;;X;;;;;;;;;;;;
https://drive.google.com/drive/folders/139DN8vz6NpVKfFwtTuDDATF6U_4bP0HJ;Posters Spring 2023;https://drive.google.com/file/d/1kU1T67uzyxdZ5JsRGzmb90c9GzXmrWjV/view;P060 Setting up a New Prostate Specific Membrane Antigen (PSMA) PET/CT Service: Lessons a Retrospective Review of Lessons Learned from the First 20 Patients;;2023;Yes;Events;Posters;;;;;;;;;;;;;;X;;;;;;;;;;;;;;;;
https://drive.google.com/drive/folders/139DN8vz6NpVKfFwtTuDDATF6U_4bP0HJ;Posters Spring 2023;https://drive.google.com/file/d/1_PlKruaXSc00XOtOgh__J9urFrP2tuwZ/view;P061 A Pictorial Review Demonstrating Potential Benefits of Combining of [111In] Labelled Leucocyte Scintigraphy with [99mTc] Sulphur-colloid Bone Marrow Imaging in the Diagnosis of Peri-prosthetic Joint Infection;;2023;Yes;Events;Posters;;X;;;;;;;;;;;;;;;;;;;;;;;;;;;;
https://drive.google.com/drive/folders/139DN8vz6NpVKfFwtTuDDATF6U_4bP0HJ;Posters Spring 2023;https://drive.google.com/file/d/1ShBDdyxzXzSiHfnGnpMMOY2lRBfYfg9o/view;P062 Role of 68Ga-DOTANOC PET/CT in the assessment of Thymic Neuroendocrine Tumors (NETs);;2023;Yes;Events;Posters;;;;;;;;;;;;;;;;;;X;;;;;;;;;;;;
https://drive.google.com/drive/folders/139DN8vz6NpVKfFwtTuDDATF6U_4bP0HJ;Posters Spring 2023;https://drive.google.com/file/d/1TC695HAjF9kQvZXvHWlmLwN3howoPMqb/view;P063 Clinical impact of the reconstruction method selected in interpretation of [18F] FDG PET/CT for lymphoma response assessment;;2023;Yes;Events;Posters;;;;;;;;;;;;;;;;;;;;;;;;;;;;;;
https://drive.google.com/drive/folders/139DN8vz6NpVKfFwtTuDDATF6U_4bP0HJ;Posters Spring 2023;https://drive.google.com/file/d/1a6z6s8q8RhTaMRxtlZZ8WvpgQfZMrVe4/view;P064 The Performance of three-month Post-Treatment PET/CT Quantitative metrics in The Detection of Residual Head and Neck Lesions Following Chemoradiotherapy;;2023;Yes;Events;Posters;;;;;;;;;;;;;;;;;;X;;;;;;;;;;;;
https://drive.google.com/drive/folders/139DN8vz6NpVKfFwtTuDDATF6U_4bP0HJ;Posters Spring 2023;https://drive.google.com/file/d/1liKudiKmo4ePEeePB9eM5kHmS9Du53N2/view;P065 Characterization of [68Ga]Ga-PSMA PET negatives, biopsy proven primary prostate cancer (PCa).;;2023;Yes;Events;Posters;;;;;;;;;;;;;;;;;;;;;;;;;;;;;;
https://drive.google.com/drive/folders/139DN8vz6NpVKfFwtTuDDATF6U_4bP0HJ;Posters Spring 2023;https://drive.google.com/file/d/1tVKLPufuXQfMfW0A6tj_48N5CGQT82Hq/view;P066 Optimisation of 18F[FDG] Whole-Body Scanning on a GE Discovery MI Gen2 Digital PET/CT System;;2023;Yes;Events;Posters;;;;;;;;;;;;;;;;;;;;;;X;;;;;;;;
https://drive.google.com/drive/folders/139DN8vz6NpVKfFwtTuDDATF6U_4bP0HJ;Posters Spring 2023;https://drive.google.com/file/d/1yYhSSRRU_wTmbER9ONysUYNrEE_8Ocrk/view;P067 Incidental [18F]PSMA tracer uptake in synchronous primary high-grade glioma in patient with prostate carcinoma;;2023;Yes;Events;Posters;;;;;;;;;;;;;;;;;;X;;;;;;;;;;;;
https://drive.google.com/drive/folders/139DN8vz6NpVKfFwtTuDDATF6U_4bP0HJ;Posters Spring 2023;https://drive.google.com/file/d/12fXbLRFCEegCK9w9Wg5tbnYQMNdaFuju/view;P068 [18F]PSMA and [18F]Choline positive benign adrenal adenoma: Differential diagnoses;;2023;Yes;Events;Posters;;;;;;;;;;;;;;;;;;X;;;;;;;;;;;;
https://drive.google.com/drive/folders/139DN8vz6NpVKfFwtTuDDATF6U_4bP0HJ;Posters Spring 2023;https://drive.google.com/file/d/1rtmYaGHswoHbbUXFYqyxOzPbl-nsPNVr/view;P069 How Useful Is Imaging of the Legs In Whole Body SPECT-CT for Cancer Staging;;2023;Yes;Events;Posters;;X;;;;;;;;;;;;;;;;;;;;;;;;;;;;
https://drive.google.com/drive/folders/139DN8vz6NpVKfFwtTuDDATF6U_4bP0HJ;Posters Spring 2023;https://drive.google.com/file/d/1eZ_5XDRATsBqse2k-ahC1dBh0oHSKlN9/view;P070 Performing Fast Whole Body SPECT-CT – Are solid state detectors really necessary?;;2023;Yes;Events;Posters;;;;;;;;;;;;;;;;;;;;;;X;;;;;;;;
https://drive.google.com/drive/folders/139DN8vz6NpVKfFwtTuDDATF6U_4bP0HJ;Posters Spring 2023;https://drive.google.com/file/d/1_BPcdgPqAPegLUQrz3pSrHF8D2miVUOY/view;P071 Reducing scan time for post-therapy [131I]NaI SPECT/CT scans ;;2023;Yes;Events;Posters;;;;;;;;;;;;;;;;;;;;;;;;;;;;;;
https://drive.google.com/drive/folders/139DN8vz6NpVKfFwtTuDDATF6U_4bP0HJ;Posters Spring 2023;https://drive.google.com/file/d/1lkKvSY5x4WB1TTQFQfBipGyBUkgoeUkB/view;P072 SPECT-CT protocol vs Planar Bone Scintigraphy with Target SPECT-CT in Cancer Staging;;2023;Yes;Events;Posters;;X;;;;;;;;;;;;;;;;;;;;;;;;;;;;
https://drive.google.com/drive/folders/139DN8vz6NpVKfFwtTuDDATF6U_4bP0HJ;Posters Spring 2023;https://drive.google.com/file/d/1Qm5PVSAzUtR8F-LwNn3moV_7xVcrzqS4/view;P075 Changing Standard Operating Procedure (SOP) to Reduce Tracer Extravasation in PET-CT;;2023;Yes;Events;Posters;;;;;;;;;;;;;;X;;;;;;;;;;;;;;;;
https://drive.google.com/drive/folders/139DN8vz6NpVKfFwtTuDDATF6U_4bP0HJ;Posters Spring 2023;https://drive.google.com/file/d/1ICqGL1JtkQev84KhE-avcVB_jlOW9vPr/view;P076 Lateral bed transfer techniques to reduce body dose and exposure time in PET-CT;Winner of RTNG Poster Prize and Certificate of Merit;2023;Yes;Events;Posters;;;;;;;;;;;;;;;;;;;;;;;X;;;;;;;
https://drive.google.com/drive/folders/139DN8vz6NpVKfFwtTuDDATF6U_4bP0HJ;Posters Spring 2023;https://drive.google.com/file/d/1jkpC-fM7dKCMHiwrGGdZQrD9nftZX6st/view;P078 Simulating Gamma Camera Uniformity ...in Excel!;;2023;Yes;Events;Posters;;;;;X;;;;;;;;;;;;;;;;;;;;;;;;;
https://drive.google.com/drive/folders/139DN8vz6NpVKfFwtTuDDATF6U_4bP0HJ;Posters Spring 2023;https://drive.google.com/file/d/1Le9TmRPe8VPzRyIqSfpym_sLJNP8J0jF/view;P079 Revolutionizing Nuclear Medicine: The Power of ChatGPT;;2023;Yes;Events;Posters;X;;;;;;;;;;;;;;;;;;;;;;;;;;;;;
https://drive.google.com/drive/folders/139DN8vz6NpVKfFwtTuDDATF6U_4bP0HJ;Posters Spring 2023;https://drive.google.com/file/d/1ngZraqhRAH5OvN4sxxP3F6L5odRK32ra/view;P080 Tektrotyd imaging in Ectopic Cushing’s Syndrome: A. Smout A case report;;2023;Yes;Events;Posters;;;;;;;;X;;;;;;;;;;;;;;;;;;;;;;
https://drive.google.com/drive/folders/139DN8vz6NpVKfFwtTuDDATF6U_4bP0HJ;Posters Spring 2023;https://drive.google.com/file/d/14HX9JNCz5ZysEaj7ENBU6KjgmgfqVn3s/view;P081 Incidence of Persistence and Recurrence of Differentiated Thyroid Cancer in Post-surgical Cases from a Tertiary Care Hospital in Dubai, United Arab Emirates.;Winner of Certificate of Merit;2023;Yes;Events;Posters;;;;;;;;;;;;;;;;;;;;;;;;;;;;X;;
https://drive.google.com/drive/folders/139DN8vz6NpVKfFwtTuDDATF6U_4bP0HJ;Posters Spring 2023;https://drive.google.com/file/d/1tZdnAv8kmhKjgBsy5lGmmcFWmByY1xGe/view;P082 Do Primary Care radionuclide bone scan referrals improve patient pathway?;;2023;Yes;Events;Posters;;X;;;;;;;;;;;;;;;;;;;;;;;;;;;;
https://drive.google.com/drive/folders/139DN8vz6NpVKfFwtTuDDATF6U_4bP0HJ;Posters Spring 2023;https://drive.google.com/file/d/1Sa97RRGVpigrkCV8Bn8kIOcMzJj_Ecks/view;P083 Bayesian Penalized Likelihood Reconstruction Algorithm for 18F-Sodium Fluroide PET/CT in Evaluation of Metastatic Bone Diseas;;2023;Yes;Events;Posters;;X;;;;;;;;;;;;;;;;;;;;;;;;;;;;
https://drive.google.com/drive/folders/139DN8vz6NpVKfFwtTuDDATF6U_4bP0HJ;Posters Spring 2023;https://drive.google.com/file/d/1i8RzyiRD3V2OVhueaBnTnP6MA3Dm3AVy/view;P084 Bone mineral density in adult thalassemia, a retrospective longitudinal study with a serial assessment over decades;Winner of Certificate of Merit;2023;Yes;Events;Posters;;;;;;;;;;;X;;;;;;;;;;;;;;;;;;;
https://drive.google.com/drive/folders/139DN8vz6NpVKfFwtTuDDATF6U_4bP0HJ;Posters Spring 2023;https://drive.google.com/file/d/1K5mHA1kDkPoTZ5k0zs4tkGszg7h6IOUv/view;P086 Incidence of Myocardial Uptake on [99m Tc]Tc-HDP Bone Scan in Patients Referred for Non-Cardiac Indications;;2023;Yes;Events;Posters;;;X;;;;;;;;;;;;;;;;;;;;;;;;;;;
https://drive.google.com/drive/folders/139DN8vz6NpVKfFwtTuDDATF6U_4bP0HJ;Posters Spring 2023;https://drive.google.com/file/d/1hCARC_OkQg_ztBauN9STWFMvMoCRhVY9/view;P087 Evaluating patient understanding and satisfaction of diagnostic imaging for venous thromboembolism (VTE) in the pregnant population;;2023;Yes;Events;Posters;;;;;;;;;;;;;;;;;;;X;;;;;;;;;;;
https://drive.google.com/drive/folders/139DN8vz6NpVKfFwtTuDDATF6U_4bP0HJ;Posters Spring 2023;https://drive.google.com/file/d/12bHcnCvFkfq5tJx3V3n__QtWBrCasW0Y/view;P088 HMPAO SPECT Scanning: An Assessment of Image Quality;;2023;Yes;Events;Posters;;;;;;;;;;;;;;;;;X;;;;;;;;;;;;;
https://drive.google.com/drive/folders/139DN8vz6NpVKfFwtTuDDATF6U_4bP0HJ;Posters Spring 2023;https://drive.google.com/file/d/1Yb6ZpbcI_AV-12au16tesr_hXdeNrLUY/view;P089 Using a Hoffman phantom to validate use of digital PET [18F]FDG brain images with a legacy normal database;Winner of Certificate of Merit;2023;Yes;Events;Posters;;;;;;;;;;;;;;;;;X;;;;;;;;;;;;;
https://drive.google.com/drive/folders/139DN8vz6NpVKfFwtTuDDATF6U_4bP0HJ;Posters Spring 2023;https://drive.google.com/file/d/1-qquzHfn3AUOT_uD2c0XXJ6dJoloUR5a/view;P090 Brain SPECT and PET Imaging and Quantification: a UK wide survey;;2023;Yes;Events;Posters;;;;;;;;;;;;;;;;;X;;;;;;;;;;;;;
https://drive.google.com/drive/folders/139DN8vz6NpVKfFwtTuDDATF6U_4bP0HJ;Posters Spring 2023;https://drive.google.com/file/d/1L9qrR5jy8M8ciF0FBtfSvfxsEmV-dn6X/view;P092 Representation of [18F] FDG brain PET-CT scan findings in three cases of dementia with not so common underlying pathologies.;;2023;Yes;Events;Posters;;;;;;;;;;;;;;;;;X;;;;;;;;;;;;;
https://drive.google.com/drive/folders/139DN8vz6NpVKfFwtTuDDATF6U_4bP0HJ;Posters Spring 2023;https://drive.google.com/file/d/1EOj2A_bFOSReniad3wHrhaJAyDZAIzHl/view;P094 The value of multi-tracer multimodality imaging in the differential diagnosis of Parkinsonian syndrome and other neurodegenerative disorders;;2023;Yes;Events;Posters;;;;;;;;;;;;;;;;;X;;;;;;;;;;;;;
https://drive.google.com/drive/folders/139DN8vz6NpVKfFwtTuDDATF6U_4bP0HJ;Posters Spring 2023;https://drive.google.com/file/d/1aXqVjywSMi4cg4pGfMK8CS9KY1-lgMch/view;P095 Idiopathic bilateral basal ganglia calcifications (Fahr’s syndrome), as a potential differential diagnosis of parkinsonism identified by [123I]Ioflupane dopamine transporter (DaT) scan (DaTSCAN) SPECT-CT;;2023;Yes;Events;Posters;;;;;;;;;;;;;;;;;X;;;;;;;;;;;;;
https://drive.google.com/drive/folders/139DN8vz6NpVKfFwtTuDDATF6U_4bP0HJ;Posters Spring 2023;https://drive.google.com/file/d/1Z65hfd4ufJEb2JO0Wg8rxJaxxXk9UGq5/view;P096 Use of eGFR to predict mGFR for selection of optimum sampling time point in single-sample 99mTc-DTPA GFR studies.;Winner of Certificate of Merit;2023;Yes;Events;Posters;;;;;;;;;;;;;;;;;;;;;;;;;;X;;;;
https://drive.google.com/drive/folders/139DN8vz6NpVKfFwtTuDDATF6U_4bP0HJ;Posters Spring 2023;https://drive.google.com/file/d/1sdWp8GV2CMZdqEjjySINwZ9uFgLJVfx1/view;P097 Cortical transit time observer variability and normal ranges in paediatric [99mTc]Tc-MAG3 renograms prior to pyeloplasty;;2023;Yes;Events;Posters;;;;;;;;;;;;;;;;;;;X;;;;;;;;;;;
https://drive.google.com/drive/folders/139DN8vz6NpVKfFwtTuDDATF6U_4bP0HJ;Posters Spring 2023;https://drive.google.com/file/d/1tt9HM-g5sUvIpIAGrwLsevpNDD51LUU6/view;P098 Implementation of lobar lung quantitation at University Hospital of Hartlepool;;2023;Yes;Events;Posters;;;;;;;;;;;;;X;;;;;;;;;;;;;;;;;
https://drive.google.com/drive/folders/139DN8vz6NpVKfFwtTuDDATF6U_4bP0HJ;Posters Spring 2023;https://drive.google.com/file/d/1uL9j0NSt-Whnz-G26rnOC84_05OzKfAA/view;P099 VQ SPECT Imaging and Pulmonary Embolisms in Post Covid Patients: A Single Centre Study;;2023;Yes;Events;Posters;;;;;;;;;;;;X;;;;;;;;;;;;;;;;;;
https://drive.google.com/drive/folders/139DN8vz6NpVKfFwtTuDDATF6U_4bP0HJ;Posters Spring 2023;https://drive.google.com/file/d/1_oHEqSm8FYZjOMmvBJNCivg7jzhuRuiu/view;P100 Do We Need Low Dose CT-based Attenuation Correction for SPECT in 3D Lung Lobar Perfusion Quantification?;Winner of Certificate of Merit;2023;Yes;Events;Posters;;;;;;;;;;;;;X;;;;;;;;;;;;;;;;;
https://drive.google.com/drive/folders/139DN8vz6NpVKfFwtTuDDATF6U_4bP0HJ;Posters Spring 2023;https://drive.google.com/file/d/1BBn1s5V-ml31DCBFp9Po75YXnA3N7ySk/view;P101 An investigation into [99mTc]Tc-Macroaggregated Albumin Planar Liver-Lung Shunt studies and their correlation with pulmonary function;;2023;Yes;Events;Posters;;;;;;;;;;;;;X;;;;;;;;;;;;;;;;;
https://drive.google.com/drive/folders/139DN8vz6NpVKfFwtTuDDATF6U_4bP0HJ;Posters Spring 2023;https://drive.google.com/file/d/1VQADdi9NP15QiZTCq3iMv2HoMdQKzRh6/view;P102 Assessment of indeterminate rate in ventilation-perfusion (V/Q) lung scintigraphy performed for the diagnosis of pulmonary embolism – An Audit;;2023;Yes;Events;Posters;;;;;;;;;;;;;X;;;;;;;;;;;;;;;;;
https://drive.google.com/drive/folders/139DN8vz6NpVKfFwtTuDDATF6U_4bP0HJ;Posters Spring 2023;https://drive.google.com/file/d/1pZwTD5r8Ywj9Ad5UCVIth50QRgn00FKk/view;P103 Imaging in pulmonary embolism – are we following revised trust guidance?;;2023;Yes;Events;Posters;;;;;;;;;;;;;X;;;;;;;;;;;;;;;;;
https://drive.google.com/drive/folders/139DN8vz6NpVKfFwtTuDDATF6U_4bP0HJ;Posters Spring 2023;https://drive.google.com/file/d/1jCPK5bWuva8twpXIplEjKHOJnFhRO6Pf/view;P104 Current use of Gallium scanning- a case review;;2023;Yes;Events;Posters;;;;;;;;;;;;X;;;;;;;;;;;;;;;;;;
https://drive.google.com/drive/folders/139DN8vz6NpVKfFwtTuDDATF6U_4bP0HJ;Posters Spring 2023;https://drive.google.com/file/d/1qSgh-8SSRiHo6hTYtmCqeq_Qxe45aw0V/view;P105 East London mCRPC patients receiving [223Ra] RaCl2 therapy showed improved overall survival compared with the 2019 National 223Ra Dichloride Audit results;;2023;Yes;Events;Posters;;;;;;;;;;;;;;;;;;;;;;;;;;;X;;;
https://drive.google.com/drive/folders/139DN8vz6NpVKfFwtTuDDATF6U_4bP0HJ;Posters Spring 2023;https://drive.google.com/file/d/12oscLn894Y5eznMGBEJHXQ33RrFk3zPJ/view;P106 Reduction in rates of nausea in Peptide Receptor Radiotherapy patients following optimisation of radiopharmaceutical infusion rate;;2023;Yes;Events;Posters;;;;;;;;;;;;;;;;;;;;;;;;;;;X;;;
https://drive.google.com/drive/folders/139DN8vz6NpVKfFwtTuDDATF6U_4bP0HJ;Posters Spring 2023;https://drive.google.com/file/d/1WUNdIJHzybZ7UNdw3CSu8KoBO1udrQ0h/view;P107 Scratch that! Redesigning and developing a new Nuclear Medicine department.;;2023;Yes;Events;Posters;;;;;;;;;;;;;;;;;;;;;;;;;;;;;;X
https://drive.google.com/drive/folders/139DN8vz6NpVKfFwtTuDDATF6U_4bP0HJ;Posters Spring 2023;https://drive.google.com/file/d/1G60Jv3_4cgZT84QtSXlxOupjmYquAeId/view;P110 Validating a simple model of the Lu-177 DOTATATE pumped gravity administration method over time;;2023;Yes;Events;Posters;;;;;;;;;;;;;;;;;;;;;;;;;X;;;;;
https://drive.google.com/drive/folders/1Gwew9rLTGUV8OF7QbzM8_sAkl_IHogZ4;Posters Autumn 2022;https://drive.google.com/file/d/1Ml7-aZtUH8sbj2UBWfeAvKZ192_QaUCv/view;P01 Use of summed stress score to select patients for stress-only myocardial perfusion imaging;;2022;Yes;Events;Posters;;;X;;;;;;;;;;;;;;;;;;;;;;;;;;;
https://drive.google.com/drive/folders/1Gwew9rLTGUV8OF7QbzM8_sAkl_IHogZ4;Posters Autumn 2022;https://drive.google.com/file/d/1ehG4balspZmJR4ZRDl8w1PiIagiGvUam/view;P02 Left ventricular ejection fraction on IQ-SPECT versus parallel hole collimator;;2022;Yes;Events;Posters;;;X;;;;;;;;;;;;;;;;;;;;;;;;;;;
https://drive.google.com/drive/folders/1Gwew9rLTGUV8OF7QbzM8_sAkl_IHogZ4;Posters Autumn 2022;https://drive.google.com/file/d/1MRIj9e7rkdIrkixEgfUFAP5_R9c0JKFW/view;P03 Comparison of left ventricular ejection fraction (LVEF) from re-projected planar radionuclide ventriculography (RNVG) and a native planar RNVG obtained from solid state cameras;;2022;Yes;Events;Posters;;;X;;;;;;;;;;;;;;;;;;;;;;;;;;;
https://drive.google.com/drive/folders/1Gwew9rLTGUV8OF7QbzM8_sAkl_IHogZ4;Posters Autumn 2022;https://drive.google.com/file/d/1JlGEeYIDP8vtR_7KhHy1oEM_nvxYIulR/view;P04 Nuclear Medicine aiding Paraganglioma Diagnosis: Case Report;;2022;Yes;Events;Posters;;;;;;;;X;;;;;;;;;;;;;;;;;;;;;;
https://drive.google.com/drive/folders/1Gwew9rLTGUV8OF7QbzM8_sAkl_IHogZ4;Posters Autumn 2022;https://drive.google.com/file/d/17xUPFfhSPODaQX0ahOZclGUsJOvFAUCS/view;P05 Sublingual Ectopic Thyroid;;2022;Yes;Events;Posters;;;;;;;;;;;;;;;;;;;;;;;;;;;;X;;
https://drive.google.com/drive/folders/1Gwew9rLTGUV8OF7QbzM8_sAkl_IHogZ4;Posters Autumn 2022;https://drive.google.com/file/d/1S7L7bWRfHeiUiUZ1TUa76BuMIUXb7jpV/view;P06 The Use of F-Choline PET/CT Compared to [99mTc]Tc-MIBI Scintigraphy in Hyperparathyroidism;;2022;Yes;Events;Posters;;;;;;;;;;;;;;;;;;;;;;;;;;;;X;;
https://drive.google.com/drive/folders/1Gwew9rLTGUV8OF7QbzM8_sAkl_IHogZ4;Posters Autumn 2022;https://drive.google.com/file/d/1ugiEqd-Ni3GybZxfFik4_0fi5kr9NiuN/view;P07 Development of a 3D printed PET/CT anthropomorphic phantom model to mimic human total knee replacement;;2022;Yes;Events;Posters;;;;;;;;;;;;;;;;;;;;;;X;;;;;;;;
https://drive.google.com/drive/folders/1Gwew9rLTGUV8OF7QbzM8_sAkl_IHogZ4;Posters Autumn 2022;https://drive.google.com/file/d/1g006v2nYQlKHy273kM8YGIVeavuJsT4S/view;P08 Artefacts and Pitfalls Using Novel Tracer [F] PSMA-1007 During PET CT Imaging of Prostate Cancer Patients;;2022;Yes;Events;Posters;;;;;;;;;;;;;;;;;;X;;;;;;;;;;;;
https://drive.google.com/drive/folders/1Gwew9rLTGUV8OF7QbzM8_sAkl_IHogZ4;Posters Autumn 2022;https://drive.google.com/file/d/1QcG9vf2l_VZsTjW9fedISFPUlPfDnTpi/view;P09 The Clinical Utility of [18F]-FDG PET-CT in Thymic Lesions - A Single Center Retrospective Review;;2022;Yes;Events;Posters;;;;;;;;;;;;;;;;;;X;;;;;;;;;;;;
https://drive.google.com/drive/folders/1Gwew9rLTGUV8OF7QbzM8_sAkl_IHogZ4;Posters Autumn 2022;https://drive.google.com/file/d/1d3Z2FkkvdbODPW2AA-buV1oQkCrozb3B/view;P10 Optimisation of Clinical [68Ga] PSMA PET Image Quality on a GE Discovery 710 PET Scanner;;2022;Yes;Events;Posters;;;;;;;;;;;;;;;;;;;;;;X;;;;;;;;
https://drive.google.com/drive/folders/1Gwew9rLTGUV8OF7QbzM8_sAkl_IHogZ4;Posters Autumn 2022;https://drive.google.com/file/d/1xNTmZ0jvQ6JTP--R5nBZlZqRZ_8qnUUb/view;P11 Need Stick Dose Estimation With VARSKIN+;;2022;Yes;Events;Posters;;;;;;;;;;;;;;;;;;;;;X;;;;;;;;;
https://drive.google.com/drive/folders/1Gwew9rLTGUV8OF7QbzM8_sAkl_IHogZ4;Posters Autumn 2022;https://drive.google.com/file/d/18mNRfDXia36MKVBEM-uZie0dmDNnt7CV/view;P12 Assessing SPECT Spatial Resolution of a StarGuide System using a NEMA SPECT Triple Line Source Phantom;;2022;Yes;Events;Posters;;;;;;;;;;;;;;;;;;;;;;X;;;;;;;;
https://drive.google.com/drive/folders/1Gwew9rLTGUV8OF7QbzM8_sAkl_IHogZ4;Posters Autumn 2022;https://drive.google.com/file/d/1TmVNttGurOrXP5xtkBcGaMF54yuoYnJO/view;P13 Phantom Validation of SPECT-CT Quantification;;2022;Yes;Events;Posters;;;;;;;;;;;;;;;;;;;;;;X;;;;;;;;
https://drive.google.com/drive/folders/1Gwew9rLTGUV8OF7QbzM8_sAkl_IHogZ4;Posters Autumn 2022;https://drive.google.com/file/d/1MdlN12HaV4dKhs8fvI5VkVBDVbYFMG8E/view;P14 Cooking with radiation – Calculation of leaching rates for various meal options for Gastric Emptying Studies in Nuclear Medicine;;2022;Yes;Events;Posters;;;;;;;;;;;;;;;;;;;;;X;;;;;;;;;
https://drive.google.com/drive/folders/1Gwew9rLTGUV8OF7QbzM8_sAkl_IHogZ4;Posters Autumn 2022;https://drive.google.com/file/d/1CKnv0g9CQjYtIMKeT_wA6K-scUBOjhYO/view;P15 Determining an Optimum Number of Reconstruction Iterations for SUV Quantification in Spinal Imaging using a Novel 360° CZT SPECT/CT System;;2022;Yes;Events;Posters;;;;;;;;;;;;;;;;;;;;;;X;;;;;;;;
https://drive.google.com/drive/folders/1Gwew9rLTGUV8OF7QbzM8_sAkl_IHogZ4;Posters Autumn 2022;https://drive.google.com/file/d/1M_XNQSasZRqLOfsMURY2oM1xVB2yvGlZ/view;P16 Production of patient-based 3D printed phantoms using tissue mimicking solutions;;2022;Yes;Events;Posters;;;;;;;;;;;;;;;;;;;;;;X;;;;;;;;
https://drive.google.com/drive/folders/1Gwew9rLTGUV8OF7QbzM8_sAkl_IHogZ4;Posters Autumn 2022;https://drive.google.com/file/d/1x7_RLCKi9j6mT80ZPhPX2J_CDyuGb0UG/view;P17 Modelling Aspects of Targeted Auger Therapy  Using Geant4;;2022;Yes;Events;Posters;;;;;;;;;;;;;;;;;;;;;;;;X;;;;;;
https://drive.google.com/drive/folders/1Gwew9rLTGUV8OF7QbzM8_sAkl_IHogZ4;Posters Autumn 2022;https://drive.google.com/file/d/1uR0M965pCJf7JK_ZwTsEm9s8cFSilaZ-/view;P18 The role of the Radionuclide Nurse Case Manager;;2022;Yes;Events;Posters;;;;X;;;;;;;;;;;;;;;;;;;;;;;;;;
https://drive.google.com/drive/folders/1Gwew9rLTGUV8OF7QbzM8_sAkl_IHogZ4;Posters Autumn 2022;https://drive.google.com/file/d/1OZpWy9lCq6b7HRDQzoD7RjAsAJDOxZb-/view;P20 Modelling Post-Administration Contact Restrictions for [177Lu] PSMA Therapy;;2022;Yes;Events;Posters;;;;;;;;;;;;;;;;X;;;;;;;;;;;;;;
https://drive.google.com/drive/folders/1H0rxEzIx-UaLZjSnr7QOe_w8nSlh3Bxn;Posters Spring 2022;https://drive.google.com/file/d/1ojcY-7zoM07f_sWSySGQ94RVU9QJJ0Qa/view;P01 Implementation of Whole Body Bone SPECT/CT imaging;Winner of 3rd Poster Prize;2022;Yes;Events;Posters;;X;;;;;;;;;;;;;;;;;;;;;;;;;;;;
https://drive.google.com/drive/folders/1H0rxEzIx-UaLZjSnr7QOe_w8nSlh3Bxn;Posters Spring 2022;https://drive.google.com/file/d/13RV6xx5WHVsW_NGfJKabFq5Ni8_-dZMK/view;P02 A rare association of two different sclerosing skeletal diseases: DISH and SAPHO syndrome.;;2022;Yes;Events;Posters;;X;;;;;;;;;;;;;;;;;;;;;;;;;;;;
https://drive.google.com/drive/folders/1H0rxEzIx-UaLZjSnr7QOe_w8nSlh3Bxn;Posters Spring 2022;https://drive.google.com/file/d/1k-5-h45Yxxsovlo07iQuxhGWqQBWkqa9/view;P03 Use of qualitative FDG PET reporting criteria in suspected polymyalgia rheumatica – an audit of clinical practice;;2022;Yes;Events;Posters;;X;;;;;;;;;;;;;;;;;;;;;;;;;;;;
https://drive.google.com/drive/folders/1H0rxEzIx-UaLZjSnr7QOe_w8nSlh3Bxn;Posters Spring 2022;https://drive.google.com/file/d/1PuPbIi-EizTl7rOHYGzxKhQL0wNsibUZ/view;P04 18F-Choline PET-CT performance in primary hyperparathyroidism;;2022;Yes;Events;Posters;;;;;;;;X;;;;;;;;;;;;;;;;;;;;;;
https://drive.google.com/drive/folders/1H0rxEzIx-UaLZjSnr7QOe_w8nSlh3Bxn;Posters Spring 2022;https://drive.google.com/file/d/1_YwqGdEBzj9YOCkMdpGak5K_RY6QYrAa/view;P05 Cushing’s syndrome secondary to an ACTH-producing lesion in the maxillary sinus – a Case Report;;2022;Yes;Events;Posters;;;;;;;;X;;;;;;;;;;;;;;;;;;;;;;
https://drive.google.com/drive/folders/1H0rxEzIx-UaLZjSnr7QOe_w8nSlh3Bxn;Posters Spring 2022;https://drive.google.com/file/d/1r-VGlaFyQTIlM-4L4t1kmi_UOJCJ9t4Y/view;P06 Can HIDA scans with similar findings have completely different interpretations?;;2022;Yes;Events;Posters;;;;;;;;;;X;;;;;;;;;;;;;;;;;;;;
https://drive.google.com/drive/folders/1H0rxEzIx-UaLZjSnr7QOe_w8nSlh3Bxn;Posters Spring 2022;https://drive.google.com/file/d/1W9GJYXAYgyoNYmI0QlloSVjKw7FL6BjY/view;P09 Improving skills of interpretation of Gallium-67 skull base otitis externa / osteomyelitis by correlating with prior high resolution CT and MR IAMs and also 3D anatomical slices;;2022;Yes;Events;Posters;;;;;;;;;;;;X;;;;;;;;;;;;;;;;;;
https://drive.google.com/drive/folders/1H0rxEzIx-UaLZjSnr7QOe_w8nSlh3Bxn;Posters Spring 2022;https://drive.google.com/file/d/1J7SZ-faPYDCTNlUIOuJPHrGacpZ2ibzg/view;P10 Assessment of Inter-operator Variability for Infection Imaging of Patients Following Knee Joint Replacement;;2022;Yes;Events;Posters;;;;;;;;;;;;X;;;;;;;;;;;;;;;;;;
https://drive.google.com/drive/folders/1H0rxEzIx-UaLZjSnr7QOe_w8nSlh3Bxn;Posters Spring 2022;https://drive.google.com/file/d/1VC0B7Cz_kKenWRN4r8SB1jme9jcrqG4W/view;P11 Cross-centre collaboration during the coronavirus pandemic: nuclear medicine investigation of hepatopulmonary syndrome;;2022;Yes;Events;Posters;;;;;;;;;;;;X;;;;;;;;;;;;;;;;;;
https://drive.google.com/drive/folders/1H0rxEzIx-UaLZjSnr7QOe_w8nSlh3Bxn;Posters Spring 2022;https://drive.google.com/file/d/1Cw2Cn1ntZU2Pj3I8r8HB5Xu1CJhUVica/view;P12 Value of 18F-FDG PET-CT in limbic encephalitis;;2022;Yes;Events;Posters;;;;;;;;;;;;;;;;;X;;;;;;;;;;;;;
https://drive.google.com/drive/folders/1H0rxEzIx-UaLZjSnr7QOe_w8nSlh3Bxn;Posters Spring 2022;https://drive.google.com/file/d/1x2ptrHed3Meo9XmhxHOYaKNvPAeJSXsF/view;P13 Multi-modality molecular imaging can aid the probable clinical diagnosis of chronic traumatic encephalopathy (CTE);Winner of Certificate of Merit;2022;Yes;Events;Posters;;;;;;;;;;;;;;;;;X;;;;;;;;;;;;;
https://drive.google.com/drive/folders/1H0rxEzIx-UaLZjSnr7QOe_w8nSlh3Bxn;Posters Spring 2022;https://drive.google.com/file/d/1clnXSupvF63JPV91109gnRlZKlcL8gKL/view;P14 123I FP-CIT Referral Patterns with Reference to the COVID Pandemic;;2022;Yes;Events;Posters;;;;;;;;;;;;;;;;;X;;;;;;;;;;;;;
https://drive.google.com/drive/folders/1H0rxEzIx-UaLZjSnr7QOe_w8nSlh3Bxn;Posters Spring 2022;https://drive.google.com/file/d/1Loba-oEKL4qleORc8SDKDl-no_nEtuEY/view;P15 Usefulness of dynamic PET brain acquisition in pre-surgical epilepsy;Winner of RTNG Poster Prize;2022;Yes;Events;Posters;;;;;;;;;;;;;;;;;X;;;;;;;;;;;;;
https://drive.google.com/drive/folders/1H0rxEzIx-UaLZjSnr7QOe_w8nSlh3Bxn;Posters Spring 2022;https://drive.google.com/file/d/1rFfTeHyWhlf46l_0bMNbrm_T13_641F8/view;P16 Audit of local departmental practice for DaTSCAN against guidelines: How consistent are we at performing Datscans?;;2022;Yes;Events;Posters;;;;;;;;;;;;;;;;;X;;;;;;;;;;;;;
https://drive.google.com/drive/folders/1H0rxEzIx-UaLZjSnr7QOe_w8nSlh3Bxn;Posters Spring 2022;https://drive.google.com/file/d/1NcsvTsl7rXgcua-tecI7Cm6QBjPSj2pE/view;P17 Evaluation of Appropriate Use Criteria for Bone Scintigraphy in Breast Cancer Patients;;2022;Yes;Events;Posters;;X;;;;;;;;;;;;;;;;;;;;;;;;;;;;
https://drive.google.com/drive/folders/1H0rxEzIx-UaLZjSnr7QOe_w8nSlh3Bxn;Posters Spring 2022;https://drive.google.com/file/d/1WTGHjwN9PJ20JWpZtkdh9usy8GT6JFt0/view;P18 The value of [68Ga]Ga-PSMA PET-CT in patients with biochemical recurrence of prostate cancer;;2022;Yes;Events;Posters;;;;;;;;;;;;;;;;;;X;;;;;;;;;;;;
https://drive.google.com/drive/folders/1H0rxEzIx-UaLZjSnr7QOe_w8nSlh3Bxn;Posters Spring 2022;https://drive.google.com/file/d/1-EQP2sA8AisLxhIbMNP7fNP08QTZObPr/view;P20 Equivocal Radiotracer Update on 18F-PSMA PET/CT in Patients With Prostate Cancer;;2022;Yes;Events;Posters;;;;;;;;;;;;;;;;;;X;;;;;;;;;;;;
https://drive.google.com/drive/folders/1H0rxEzIx-UaLZjSnr7QOe_w8nSlh3Bxn;Posters Spring 2022;https://drive.google.com/file/d/1bmjuoAyWQnomKP5_xx2ViKiggAf0OPXU/view;P22 Detection Efficacy of [18F] -PSMA PET/CT in Patients with Biochemical Recurrence following Radical Prostatectomy – A Retrospective analysis;Winner of 3rd Student Prize;2022;Yes;Events;Posters;;;;;;;;;;;;;;;;;;X;;;;;;;;;;;;
https://drive.google.com/drive/folders/1H0rxEzIx-UaLZjSnr7QOe_w8nSlh3Bxn;Posters Spring 2022;https://drive.google.com/file/d/1OcTX-xzUD_DEBisoC9pBnyAeJdB73Q8-/view;P23 Pictorial Review of Incidental Prostate Findings on Routine [18F]FDG PETCT;;2022;Yes;Events;Posters;;;;;;;;;;;;;;;;;;X;;;;;;;;;;;;
https://drive.google.com/drive/folders/1H0rxEzIx-UaLZjSnr7QOe_w8nSlh3Bxn;Posters Spring 2022;https://drive.google.com/file/d/1mANJhW1ahNI_I4F--T_ZjZP8WjclC4PT/view;P24 Should the lower limbs be routinely included in FDG PET-CT scans of patients with malignant melanoma?;;2022;Yes;Events;Posters;;;;;;;;;;;;;;;;;;X;;;;;;;;;;;;
https://drive.google.com/drive/folders/1H0rxEzIx-UaLZjSnr7QOe_w8nSlh3Bxn;Posters Spring 2022;https://drive.google.com/file/d/1YRzrr9IzaLFgKQYheDaarqoA5nXUPVkM/view;P25 Scoring Systems in FDG PET/CT Scan Interpretation;;2022;Yes;Events;Posters;;;;;;;;;;;;;;;;;;;;X;;;;;;;;;;
https://drive.google.com/drive/folders/1H0rxEzIx-UaLZjSnr7QOe_w8nSlh3Bxn;Posters Spring 2022;https://drive.google.com/file/d/1L3_Mf9fQl-gv-nLaTTIXvDB0k_fSMgaH/view;P26 A comparative evaluation of mediastinal nodal SUVmax and derived ratios from 18F-FDG PET/CT imaging to predict nodal metastases in non-small-cell lung cancer (NSCLC);Winner of 2nd Poster Prize and 1st Student Prize;2022;Yes;Events;Posters;;;;;;;;;;;;;X;;;;;;;;;;;;;;;;;
https://drive.google.com/drive/folders/1H0rxEzIx-UaLZjSnr7QOe_w8nSlh3Bxn;Posters Spring 2022;https://drive.google.com/file/d/1JpAjdRpgHThe71ke9jGKxiwwrjLqUt2a/view;P27 The of and deviation points toward the pathophysiology in a distorted lung;;2022;Yes;Events;Posters;;;;;;;;;;;;;X;;;;;;;;;;;;;;;;;
https://drive.google.com/drive/folders/1H0rxEzIx-UaLZjSnr7QOe_w8nSlh3Bxn;Posters Spring 2022;https://drive.google.com/file/d/1z3hDAzoQjiQHGA8JAn4dIPcGCQ--Ax09/view;P28 Does the delay between radionuclide lymphoscintigraphy and sentinel node biopsy influence outcome in patients with breast carcinoma?;;2022;Yes;Events;Posters;;;;;;;;;;;;;;;;;;X;;;;;;;;;;;;
https://drive.google.com/drive/folders/1H0rxEzIx-UaLZjSnr7QOe_w8nSlh3Bxn;Posters Spring 2022;https://drive.google.com/file/d/1uRc0QRqyjLObdNttNj-AGJzwAGKlWtqZ/view;P29 Streamlined Imaging Pathway In Prostate Cancer Restaging Using The CT in SPECT CT;Winner of Certificate of Merit;2022;Yes;Events;Posters;;;;;;;;;;;;;;;;;;X;;;;;;;;;;;;
https://drive.google.com/drive/folders/1H0rxEzIx-UaLZjSnr7QOe_w8nSlh3Bxn;Posters Spring 2022;https://drive.google.com/file/d/1Nt2JZrkaq5EOkKLK67jAyabNEVwPOMPt/view;P30 Pathological uptake of [111In]Octreotide in Somatostatin Receptor Scintigraphy - can we safely reduce the field of view?;;2022;Yes;Events;Posters;;;;;;;;;;;;;;;;;;X;;;;;;;;;;;;
https://drive.google.com/drive/folders/1H0rxEzIx-UaLZjSnr7QOe_w8nSlh3Bxn;Posters Spring 2022;https://drive.google.com/file/d/19yEJ5ofZpFB7slwtRKoFiiJAuaqxc-YU/view;P31 Octreotide Avid Lymph Nodes - An Important False Positive in an era of COVID-19 Vaccination;;2022;Yes;Events;Posters;;;;;;;;;;;;;;;;;;X;;;;;;;;;;;;
https://drive.google.com/drive/folders/1H0rxEzIx-UaLZjSnr7QOe_w8nSlh3Bxn;Posters Spring 2022;https://drive.google.com/file/d/1Pgg9hTyntYs7lrgk1xNQKs38mi0jRSIg/view;P32 Investigation of adrenal uptake on [99mTc]EDDA/HYNIC-TOC (Tektrotyd) SPECT-CT imaging;;2022;Yes;Events;Posters;;;;;;;;X;;;;;;;;;;;;;;;;;;;;;;
https://drive.google.com/drive/folders/1H0rxEzIx-UaLZjSnr7QOe_w8nSlh3Bxn;Posters Spring 2022;https://drive.google.com/file/d/19dTBxwWK7ncNHgSPWc-5sttI2oetTf7J/view;P34 SLNB Imaging Protocol for Oral Cancers;;2022;Yes;Events;Posters;;;;;;;;;;;;;;;;;;X;;;;;;;;;;;;
https://drive.google.com/drive/folders/1H0rxEzIx-UaLZjSnr7QOe_w8nSlh3Bxn;Posters Spring 2022;https://drive.google.com/file/d/1Jdo7QAzyRA3bNyfqN79sfYH8bpEfKQcY/view;P35 The Accuracy of Clinical Assessment and Kaposi-Stemmer Sign in the Diagnosis of Lymphoedema Compared to Lymphoscintigraphy;;2022;Yes;Events;Posters;;;;;;;;;;;;;;;;;;;;;;;;;;X;;;;
https://drive.google.com/drive/folders/1H0rxEzIx-UaLZjSnr7QOe_w8nSlh3Bxn;Posters Spring 2022;https://drive.google.com/file/d/1JaxPHEQ4go5oG8L-a19nTb2ps4YFGnBG/view;P36 A Case of Enlarged Kidneys;Winner of Certificate of Merit;2022;Yes;Events;Posters;;;;;;;;;;;;;;;;;;;;;;;;;;X;;;;
https://drive.google.com/drive/folders/1H0rxEzIx-UaLZjSnr7QOe_w8nSlh3Bxn;Posters Spring 2022;https://drive.google.com/file/d/1GM2kZbboonBs4t8bOC3wd0QEqT_ixIqH/view;P37 Planar and SPECT Tc-99m DMSA in Children at a Paediatric Tertiary Centre;;2022;Yes;Events;Posters;;;;;;;;;;;;;;;;;;;X;;;;;;;;;;;
https://drive.google.com/drive/folders/1H0rxEzIx-UaLZjSnr7QOe_w8nSlh3Bxn;Posters Spring 2022;https://drive.google.com/file/d/1D8rwqBIVhDJezLyl0-ztH4dFV2qbOK3q/view;P38 PET/CT assessment for large vessel vasculitis: A single centre experience and pictorial review;;2022;Yes;Events;Posters;;;;;;;;;;;;X;;;;;;;;;;;;;;;;;;
https://drive.google.com/drive/folders/1H0rxEzIx-UaLZjSnr7QOe_w8nSlh3Bxn;Posters Spring 2022;https://drive.google.com/file/d/1BZHDMbxgE8S34Bwil2JpRyMlxHDVY2RU/view;P40 Single time point dosimetry following [177Lu] Lu-PSMA therapy using xSPECT;Winner of Certificate of Merit;2022;Yes;Events;Posters;;;;;;;;;;;;;;;;X;;;;;;;;;;;;;;
https://drive.google.com/drive/folders/1H0rxEzIx-UaLZjSnr7QOe_w8nSlh3Bxn;Posters Spring 2022;https://drive.google.com/file/d/1ry33tLimHzg5Ri48iz48u5yjr95txGN6/view;P41 Challenging radioiodine therapy of a patient with significant learning disability: A case study.;;2022;Yes;Events;Posters;;;;;;;;;;;;;;;;;;;;;;;;;;;X;;;
https://drive.google.com/drive/folders/1H0rxEzIx-UaLZjSnr7QOe_w8nSlh3Bxn;Posters Spring 2022;https://drive.google.com/file/d/1hp0YBqgWfckAjNmwiW_ybv1qZM5YK4Vl/view;P42 Using quantification of bone scans and assessment of blood markers to identify prognostic and response markers in radium therapy;Winner of Certificate of Merit;2022;Yes;Events;Posters;;;;;;;;;;;;;;;;;;;;;;;;;;;X;;;
https://drive.google.com/drive/folders/1H0rxEzIx-UaLZjSnr7QOe_w8nSlh3Bxn;Posters Spring 2022;https://drive.google.com/file/d/1G4ZSBen6XuBRN5P3AM0cuhn-fq_ApYLa/view;"P44 Comparison of Local Patient Outcomes to the Phase III Clinical Trial, ALSYMPCA, for Patients with Metastatic Castration-Resistant Prostate Cancer being Treated 
with Radium-223 (Ra-223) Therapy (Xofigo)";;2022;Yes;Events;Posters;;;;;;;;;;;;;;;;;;;;;;;;;;;X;;;
https://drive.google.com/drive/folders/1H0rxEzIx-UaLZjSnr7QOe_w8nSlh3Bxn;Posters Spring 2022;https://drive.google.com/file/d/1o34aXglNznQ8_AUKM-A2-usMkdczoog_/view;P45 Referral Rates and Overall Survival of Patients Receiving Ra223 Therapy for mCRCP at the Beatson West of Scotland Cancer Centre;;2022;Yes;Events;Posters;;;;;;;;;;;;;;;;;;;;;;;;;;;X;;;
https://drive.google.com/drive/folders/1H0rxEzIx-UaLZjSnr7QOe_w8nSlh3Bxn;Posters Spring 2022;https://drive.google.com/file/d/1bYIN1sHYz-pKb6u0UoUwiAjBKk7U3piY/view;P46 Implications and management of radioactive waste containing 177Lu/177mLu;;2022;Yes;Events;Posters;;;;;;;;;;;;;;;;;;;;;;;X;;;;;;;
https://drive.google.com/drive/folders/1H0rxEzIx-UaLZjSnr7QOe_w8nSlh3Bxn;Posters Spring 2022;https://drive.google.com/file/d/1iYVDLBSCKSHptQ8UXKYPnRfqbDmpX50h/view;P47 [226Ra] Source Containment;;2022;Yes;Events;Posters;;;;;;;;;;;;;;;;;;;;;;;X;;;;;;;
https://drive.google.com/drive/folders/1H0rxEzIx-UaLZjSnr7QOe_w8nSlh3Bxn;Posters Spring 2022;https://drive.google.com/file/d/1GuywLKnIFU35BU_tYoR_C0k6vESVxhX2/view;P48 Is there a Role for Learning from Excellence as a Tool in Radiation Safety Learning?;Winner of Certificate of Merit;2022;Yes;Events;Posters;;;;;;;;;;;;;;;;;;;;;;;;;;;;;X;
https://drive.google.com/drive/folders/1H0rxEzIx-UaLZjSnr7QOe_w8nSlh3Bxn;Posters Spring 2022;https://drive.google.com/file/d/1Xme3SOcufLIS09I_IDH1sciasmUiJ47W/view;P49 Clinical Evaluation of Baysian Penalized Likely Hood Reconstruction (GE Q.Clear) and OSEM Reconstruction Algorithms on Adrenal Assessment with [18F]FDG-PETCT ;;2022;Yes;Events;Posters;;;;;;;;;;;;;;;;;;;;;;X;;;;;;;;
https://drive.google.com/drive/folders/1H0rxEzIx-UaLZjSnr7QOe_w8nSlh3Bxn;Posters Spring 2022;https://drive.google.com/file/d/1UNo1LYMfjTk9pJw6UX6Hl5irku8YySwq/view;P50 Investigating the effect of Step and Shoot Continuous acquisition on SPECT image quality;Winner of Certificate of Merit;2022;Yes;Events;Posters;;;;;;;;;;;;;;;;;;;;;;X;;;;;;;;
https://drive.google.com/drive/folders/1H0rxEzIx-UaLZjSnr7QOe_w8nSlh3Bxn;Posters Spring 2022;https://drive.google.com/file/d/1Z1kop6tPTmBRqO4tozcRXSx1FNhB77I7/view;P51 Quantitative Imaging following Lu-177 Dotatate Therapy using Siemens xSPECT Broad Quant;;2022;Yes;Events;Posters;;;;;;;;;;;;;;;;X;;;;;;;;;;;;;;
https://drive.google.com/drive/folders/1H0rxEzIx-UaLZjSnr7QOe_w8nSlh3Bxn;Posters Spring 2022;https://drive.google.com/file/d/1nQ2brAet59F5IKdq-3_JZIP54LG5d7RF/view;P52 Feasibility of Quantification of Lu-177 on a Cadmium Zinc Telluride Gamma Camera;Winner of Lee Jenkins Memorial Poster Prize;2022;Yes;Events;Posters;;;;;;;;;;;;;;;;X;;;;;;;;;;;;;;
https://drive.google.com/drive/folders/1H0rxEzIx-UaLZjSnr7QOe_w8nSlh3Bxn;Posters Spring 2022;https://drive.google.com/file/d/10C7gm7jCuQCCjsRZPJua2SIec5rHFR5X/view;P53 Characterisation of SPECT/CT system for Dead-Time in post-therapy imaging of 177Lu-oxodotreotide;Winner of Certificate of Merit;2022;Yes;Events;Posters;;;;;;;;;;;;;;;;X;;;;;;;;;;;;;;
https://drive.google.com/drive/folders/1H0rxEzIx-UaLZjSnr7QOe_w8nSlh3Bxn;Posters Spring 2022;https://drive.google.com/file/d/188MgL1icW3NpAAGgsNDJyDcfjtqi2Crr/view;P54 To optimise CT image quality for larger patients in PETCT Imaging;;2022;Yes;Events;Posters;;;;;;;;;;;;;;;;;;;;;;X;;;;;;;;
https://drive.google.com/drive/folders/1H0rxEzIx-UaLZjSnr7QOe_w8nSlh3Bxn;Posters Spring 2022;https://drive.google.com/file/d/12wR7rhwkPhNy_UGIoK09ShDs1vIjk6I0/view;P55 Initial Experience using the HaNNA Mannikin phantom – A training tool for gamma probe use in Sentinel Lymph Node Biopsy Procedures.;Winner of 1st Poster Prize;2022;Yes;Events;Posters;;;;;;;;;;;;;;;;;;;;;;;;;;;;;X;
https://drive.google.com/drive/folders/1H0rxEzIx-UaLZjSnr7QOe_w8nSlh3Bxn;Posters Spring 2022;https://drive.google.com/file/d/1kPrm3cLTiQDpVbfgBvZqe9VzYJCgyiQl/view;P56 Performance Testing of the GE StarGuide CZT SPECT-CT System;;2022;Yes;Events;Posters;;;;;;;;;;;;;;;;;;;;;;;;;;;;;;
https://drive.google.com/drive/folders/1H0rxEzIx-UaLZjSnr7QOe_w8nSlh3Bxn;Posters Spring 2022;https://drive.google.com/file/d/1iKb9fPmQ0fpfmz2pXBWVSxLqfYewO_aH/view;P57 Anatomy Specific CT DRLs for SPECT/CT;;2022;Yes;Events;Posters;;;;;;;;;;;;;;;;;;;;;X;;;;;;;;;
https://drive.google.com/drive/folders/1H0rxEzIx-UaLZjSnr7QOe_w8nSlh3Bxn;Posters Spring 2022;https://drive.google.com/file/d/1nHE8ieC9qUP1Q3spJ6dMejV4nejTBUm-/view;P58 Improving Patient Compliance in Nuclear Medicine Procedures and Reducing DNA (Did Not Attend) Rate: A Single Centre District Hospital Experience;;2022;Yes;Events;Posters;;;;;;;;;;;;;;X;;;;;;;;;;;;;;;;
https://drive.google.com/drive/folders/1H0rxEzIx-UaLZjSnr7QOe_w8nSlh3Bxn;Posters Spring 2022;https://drive.google.com/file/d/14dOIIIO1lW2hh2FE7SZ9hLdnLp8o9_lJ/view;P59 The adaption of our practice during the COVID-19 pandemic.;;2022;Yes;Events;Posters;;;;;;;;;;;;;;;;;;;;;;;;;;;;;;
https://drive.google.com/drive/folders/1H0rxEzIx-UaLZjSnr7QOe_w8nSlh3Bxn;Posters Spring 2022;https://drive.google.com/file/d/1Ueac1YkEq5dtg4g3Il98utdAST0uvmDw/view;P61 A Departmental Carers and Comforters (C&C) Audit: IRMER 2017 Compliance & Frequency;Winner of Certificate of Merit;2022;Yes;Events;Posters;;;;;;;;;;;;;;;;;;;;;;;X;;;;;;;
https://drive.google.com/drive/folders/1H0rxEzIx-UaLZjSnr7QOe_w8nSlh3Bxn;Posters Spring 2022;https://drive.google.com/file/d/1JhSFN06aZ0npIten0GmXKsj6zHNUsNQD/view;P63 Radioactive Isotope Permeability of Routinely used PPE in Nuclear Medicine;;2022;Yes;Events;Posters;;;;;;;;;;;;;;;;;;;;;;;X;;;;;;;
https://drive.google.com/drive/folders/1H0rxEzIx-UaLZjSnr7QOe_w8nSlh3Bxn;Posters Spring 2022;https://drive.google.com/file/d/1dzEnmh-lBDkFCoZMwnxoJyMdUrhQrq_w/view;P64 Lu177 therapy patient transfer to High Dependency Unit;Winner of Certificate of Merit;2022;Yes;Events;Posters;;;;;;;;;;;;;;;;;;;;;;;;;;;X;;;
https://drive.google.com/drive/folders/1H0rxEzIx-UaLZjSnr7QOe_w8nSlh3Bxn;Posters Spring 2022;https://drive.google.com/file/d/1bgA-lVOiO2j-AtRHplRZbLaJxuOwZ78f/view;P66 Subdiaphragmatic interference in MPS 2-day SPECT/CT and Rb-82 PET;Winner of Certificate of Merit;2022;Yes;Events;Posters;;;X;;;;;;;;;;;;;;;;;;;;;;;;;;;
https://drive.google.com/drive/folders/1H0rxEzIx-UaLZjSnr7QOe_w8nSlh3Bxn;Posters Spring 2022;https://drive.google.com/file/d/1_7DkqbYwzgCfUKv5465PYRsgIcPbhpWB/view;P67 Reducing Acquisition Time for F18-PSMA PET-CT;;2022;Yes;Events;Posters;;;;;;;;;;;;;;;;;;;;X;;;;;;;;;;
https://drive.google.com/drive/folders/1H0rxEzIx-UaLZjSnr7QOe_w8nSlh3Bxn;Posters Spring 2022;https://drive.google.com/file/d/1LaiWCV84Ou43bSDI_Mfco_RXPV5d3x2I/view;P68 Assessing PETCT image quality following change in diabetic fasting protocol;;2022;Yes;Events;Posters;;;;;;;;;;;;;;;;;;;;X;;;;;;;;;;
https://drive.google.com/drive/folders/1H0rxEzIx-UaLZjSnr7QOe_w8nSlh3Bxn;Posters Spring 2022;https://drive.google.com/file/d/1s9aJnSZ-9nxK3N2LsFcPOBLnklmMWTDR/view;P69 Is 1 Second per Projection SPECT CT Sufficient as an Adjunct for Problem Solving in Planar Bone Scintigraphy? A Case Series Utilising a New Technique;Winner of Multimodality Poster Prize;2022;Yes;Events;Posters;;X;;;;;;;;;;;;;;;;;;;;;;;;;;;;
https://drive.google.com/drive/folders/1H0rxEzIx-UaLZjSnr7QOe_w8nSlh3Bxn;Posters Spring 2022;https://drive.google.com/file/d/1D1zLpeiOVTja6O_ANyl1dm5POmthLm3V/view;P70 Quality Control for Radioactivity Management using IsoStock;;2022;Yes;Events;Posters;;;;;;;;;;;;;;;;;;;;;;;;;X;;;;;
https://drive.google.com/drive/folders/1H0rxEzIx-UaLZjSnr7QOe_w8nSlh3Bxn;Posters Spring 2022;https://drive.google.com/file/d/1hfGvLmGhKmxBOIxicCzCt4JQ6rf0bsrj/view;P71 Red Blood cell labelling with kit-produced [68Ga]Ga[oxinate]3from [68Ga]GaCl3 generator eluate;;2022;Yes;Events;Posters;;;;;;;;;;;;;;;;;;;;;;;;;X;;;;;
https://drive.google.com/drive/folders/1qVm3YYtz1rjFiYltQ7Vou1a96xNT4Tpf;Posters Autumn 2021;https://drive.google.com/file/d/1QZvvnHLvGS9N0-wynqBrhnqTRKmXiiJ8/view;P01 Assessing relevance of brain MRI for malignant melanoma follow-up: a single-centre audit;;2021;Yes;Events;Posters;;;;;;;;;;;;;;;;;;X;;;;;;;;;;;;
https://drive.google.com/drive/folders/1qVm3YYtz1rjFiYltQ7Vou1a96xNT4Tpf;Posters Autumn 2021;https://drive.google.com/file/d/18vsq1RmYztOga5wR6MKGEhNyMsyajO2O/view;P02 Pictorial Review of 18F-FDG PET-CT in Vascular Imaging;;2021;Yes;Events;Posters;;;X;;;;;;;;;;;;;;;;;;;;;;;;;;;
https://drive.google.com/drive/folders/1qVm3YYtz1rjFiYltQ7Vou1a96xNT4Tpf;Posters Autumn 2021;https://drive.google.com/file/d/1r-ppZme-8x86U6lUEcZBdI9e_IO5AISU/view;P03 Imaging of tumour hypoxia using [18F]FAZA: A literature review;;2021;Yes;Events;Posters;;;;;;;;;;;;;;;;;;X;;;;;;;;;;;;
https://drive.google.com/drive/folders/1qVm3YYtz1rjFiYltQ7Vou1a96xNT4Tpf;Posters Autumn 2021;https://drive.google.com/file/d/1jKlA2pn_G0yUugTJsiYHbuAEZmljn7Ca/view;P04 Performance of Semi-Quantitative Reporting for 18F-FDG PET-CT in Head and Neck Squamous Cell Carcinoma Following Radical Chemoradiotherapy Using Both Standard Iterative Reconstruction and Higher Convergent Noise Limiting Reconstructions (Advanced Reconstructions);Winner of Multimodality Poster Prize and Certificate of Merit;2021;Yes;Events;Posters;;;;;;;;;;;;;;;;;;X;;;;;;;;;;;;
https://drive.google.com/drive/folders/1qVm3YYtz1rjFiYltQ7Vou1a96xNT4Tpf;Posters Autumn 2021;https://drive.google.com/file/d/1Dd69pqHjYiZLPqxBh7kWSJfBTqsoNtcY/view;P05 A Comparative Analysis: International Variation in PET-CT Service Provision in Oncology - An International Cancer Benchmarking Partnership (ICBP) Study;Winner of Certificate of Merit;2021;Yes;Events;Posters;;;;;;;;;;;;;;X;;;;;;;;;;;;;;X;;
https://drive.google.com/drive/folders/1qVm3YYtz1rjFiYltQ7Vou1a96xNT4Tpf;Posters Autumn 2021;https://drive.google.com/file/d/18KJGuhldB3ms37SwWk0exE2oAaw75gfK/view;"P06 Risk of Malignancy in Incidental Thyroid Nodules Detected on 18F-FDG PET-CT
in Patients with Non-Thyroidal Malignancies : An 8-year Retrospective Study";;2021;Yes;Events;Posters;;;;;;;;;;;;;;;;;;;;;;;;;;;;X;;
https://drive.google.com/drive/folders/1qVm3YYtz1rjFiYltQ7Vou1a96xNT4Tpf;Posters Autumn 2021;https://drive.google.com/file/d/1HGfkYdP-fqJakBsFyQLtoceuHOgTiBY4/view;P07 No standards – A staged approach to performing standardless-single-sample GFRs (SSS-GFR);Winner of Certificate of Merit;2021;Yes;Events;Posters;;;;;;;;;;;;;;;;;;;;;;;;;;X;;;;
https://drive.google.com/drive/folders/1qVm3YYtz1rjFiYltQ7Vou1a96xNT4Tpf;Posters Autumn 2021;https://drive.google.com/file/d/1jWGQBi4dF3N61LA36GnmA3z_IJEzFu5X/view;P08 A requirement for a pre-determined geometry factor when counting Tc99m- DTPA patient samples of non-standard volumes in GFR Measurement.;;2021;Yes;Events;Posters;;;;;;;;;;;;;;;;;;;;;;;;;;;;;;
https://drive.google.com/drive/folders/1qVm3YYtz1rjFiYltQ7Vou1a96xNT4Tpf;Posters Autumn 2021;https://drive.google.com/file/d/1juUuHHnYAg3AfFwezDt7ZNNfu6JdMJHw/view;P09 To compare whether the Bayesian penalised likelihood (BPL) PET reconstruction algorithm is more sensitive than TOF Ordered subset expectation maximisation;;2021;Yes;Events;Posters;;;;;;;;;;;;;;;;;;;;;;X;;;;;;;;
https://drive.google.com/drive/folders/1qVm3YYtz1rjFiYltQ7Vou1a96xNT4Tpf;Posters Autumn 2021;https://drive.google.com/file/d/1ZbH15dchNX0h-MhVNWb6eVPZTEkunjB_/view;P10 Pilot Study of the use of a Convolutional Network in 99mTc-DPD Imaging for Amyloidosis;Winner of Certificate of Merit;2021;Yes;Events;Posters;X;;;;;;;;;;;;;;;;;;;;;;;;;;;;;
https://drive.google.com/drive/folders/1qVm3YYtz1rjFiYltQ7Vou1a96xNT4Tpf;Posters Autumn 2021;https://drive.google.com/file/d/1y3B-RhMvPEeUy1S24tVUILh_QsJGlbvW/view;P11 Left Ventricular Ejection Fraction (LVEFs) Comparison between two Gamma Cameras;;2021;Yes;Events;Posters;;;X;;;;;;;;;;;;;;;;;;;;;;;;;;;
https://drive.google.com/drive/folders/1qVm3YYtz1rjFiYltQ7Vou1a96xNT4Tpf;Posters Autumn 2021;https://drive.google.com/file/d/1gkNKzooc92_Gszl6Ll5cDoKqcU_VBdXM/view;P11 Left Ventricular Ejection Fraction (LVEFs) Comparison between two Gamma Cameras - Handout;;2021;Yes;Events;Posters;;;X;;;;;;;;;;;;;;;;;;;;;;;;;;;
https://drive.google.com/drive/folders/1qVm3YYtz1rjFiYltQ7Vou1a96xNT4Tpf;Posters Autumn 2021;https://drive.google.com/file/d/179pvei1vkeBqYDgVmIpmoss0tcliI5YM/view;P12 Deconvolution of Septal Penetration for assessment of quantification in I131 planar imaging;Winner of Lee Jenkins Memorial Poster Prize;2021;Yes;Events;Posters;;;;;;;;;;;;;;;;;;;;;;X;;;;;;;;
https://drive.google.com/drive/folders/1qVm3YYtz1rjFiYltQ7Vou1a96xNT4Tpf;Posters Autumn 2021;https://drive.google.com/file/d/1E6irPPfzhs_9grJR8znWl5O78kw4aV2l/view;P12 Deconvolution of Septal Penetration for assessment of quantification in I131 planar imaging - Handout;;2021;Yes;Events;Posters;;;;;;;;;;;;;;;;;;;;;;X;;;;;;;;
https://drive.google.com/drive/folders/1qVm3YYtz1rjFiYltQ7Vou1a96xNT4Tpf;Posters Autumn 2021;https://drive.google.com/file/d/1M8bzFEA-u43C1n6Uf4JTMU5nRWqI2DBh/view;P13 131I SPECT-CT optimised using a 3D printed phantom;;2021;Yes;Events;Posters;;;;;;;;;;;;;;;;;;;;;;X;;;;;;;;
https://drive.google.com/drive/folders/1qVm3YYtz1rjFiYltQ7Vou1a96xNT4Tpf;Posters Autumn 2021;https://drive.google.com/file/d/1cZc148rEWS8T_HRjs_Jni-9WPspzRkOy/view;P14 How long should a SeHCAT patient wait before getting pregnant?;Winner of 1st Poster Prize and Certificate of Merit;2021;Yes;Events;Posters;;;;;;;;;;;;;;;;;;;;;;;X;;;;;;;
https://drive.google.com/drive/folders/1qVm3YYtz1rjFiYltQ7Vou1a96xNT4Tpf;Posters Autumn 2021;https://drive.google.com/file/d/12ziZlWmjBMIvwoTiQJ8vHMA0pxpr0B4C/view;P15 Does Super Absorbent Polymer have a place in a Nuclear Medicine spill kit?;Winner of 2nd Poster Prize;2021;Yes;Events;Posters;;;;;;;;;;;;;;;;;;;;;;;X;;;;;;;
https://drive.google.com/drive/folders/1qVm3YYtz1rjFiYltQ7Vou1a96xNT4Tpf;Posters Autumn 2021;https://drive.google.com/file/d/1liSx_HNpPRTrEpaiEkgy4htyUvF_eroy/view;P16 Comparison of different methods of calculating relative renal function on 99mTc-DMSA SPECT-CT;;2021;Yes;Events;Posters;;;;;;;;;;;;;;;;;;;;;;;;;;X;;;;
https://drive.google.com/drive/folders/1qVm3YYtz1rjFiYltQ7Vou1a96xNT4Tpf;Posters Autumn 2021;https://drive.google.com/file/d/1slz-w8U1qbU_3fgWpUakSTW66yXVeUH5/view;P16 Comparison of different methods of calculating relative renal function on 99mTc-DMSA SPECT-CT - video;;2021;Yes;Events;Posters;;;;;;;;;;;;;;;;;;;;;;;;;;X;;;;
https://drive.google.com/drive/folders/1qVm3YYtz1rjFiYltQ7Vou1a96xNT4Tpf;Posters Autumn 2021;https://drive.google.com/file/d/1FwuVBkBlK8eUqhay6Pz_EIa2sD8PZ5sg/view;P17 Improving the visualization of the superior pubic ramus in 99mTc-MDP bone scans;;2021;Yes;Events;Posters;;X;;;;;;;;;;;;;;;;;;;;;;;;;;;;
https://drive.google.com/drive/folders/1qVm3YYtz1rjFiYltQ7Vou1a96xNT4Tpf;Posters Autumn 2021;https://drive.google.com/file/d/1w5SIBkA3pfZ7V6GEMA0Dmzi7ZFD0gHLs/view;P18 Enough to see the nodes? An audit of actual administered [99mTc] nanocolloid activity in breast sentinel lymph node scintigraphy at St. Bartholomew’s Hospital;;2021;Yes;Events;Posters;;;;;;;;;;;;;;;;;;X;;;;;;;;;;;;
https://drive.google.com/drive/folders/1qVm3YYtz1rjFiYltQ7Vou1a96xNT4Tpf;Posters Autumn 2021;https://drive.google.com/file/d/16NzJPmzyG3MudWaZHSJoEa-6ccNFXRJ7/view;P19 The Role of Phase Analysis and Regional Wall Motion Assessment in Cardiac Sarcoidosis;;2021;Yes;Events;Posters;;;X;;;;;;;;;;;;;;;;;;;;;;;;;;;
https://drive.google.com/drive/folders/1qVm3YYtz1rjFiYltQ7Vou1a96xNT4Tpf;Posters Autumn 2021;https://drive.google.com/file/d/1jiabEjFgaILCPnJT_I8ZJlzIFu2WAt9t/view;P20 Ergonomics in (Nuclear Medicine) practice;;2021;Yes;Events;Posters;;;;;;;;;;;;;;;;;;;;;;;;;;;;;;X
https://drive.google.com/drive/folders/1qVm3YYtz1rjFiYltQ7Vou1a96xNT4Tpf;Posters Autumn 2021;https://drive.google.com/file/d/1HDqP7-uMab51T327FoO6MVS7Tb5ct06c/view;P21 An investigation into [99mTc]Tc-DMSA residual syringe activity and optimisation of administration technique;Winner of RTNG Poster Prize and Certificate of Merit;2021;Yes;Events;Posters;;;;;;;;;;;;;;;;;;;;;;;;;;;;;;
https://drive.google.com/drive/folders/1qVm3YYtz1rjFiYltQ7Vou1a96xNT4Tpf;Posters Autumn 2021;https://drive.google.com/file/d/1HuYPtVLT_nDilh0y5MW3piAlgA7OX92_/view;P22 Automating Administrative Tasks in the Nuclear Medicine Department using Microsoft VBA - Video;;2021;Yes;Events;Posters;;;;;X;;;;;;;;;;;;;;;;;;;;;;;;;
https://drive.google.com/drive/folders/1qVm3YYtz1rjFiYltQ7Vou1a96xNT4Tpf;Posters Autumn 2021;https://drive.google.com/file/d/1Z3CmGBfebA0a7pNtsxiTRgFl7mQ6CjVr/view;P22 Automating Administrative Tasks in the Nuclear Medicine Department using Microsoft VBA;;2021;Yes;Events;Posters;;;;;X;;;;;;;;;;;;;;;;;;;;;;;;;
https://drive.google.com/drive/folders/1qVm3YYtz1rjFiYltQ7Vou1a96xNT4Tpf;Posters Autumn 2021;https://drive.google.com/file/d/1C9p1IYFxXJXvAYEDi77pzc9_Q8mTX2h9/view;P22 Automating Administrative Tasks in the Nuclear Medicine Department using Microsoft VBA - Handout;;2021;Yes;Events;Posters;;;;;X;;;;;;;;;;;;;;;;;;;;;;;;;
https://drive.google.com/drive/folders/1qVm3YYtz1rjFiYltQ7Vou1a96xNT4Tpf;Posters Autumn 2021;https://drive.google.com/file/d/10P6GLpTeElz5k-zHXy6EuOYFoq3O_gv-/view;P23 Weight-Based [18F]FDG Administration: Patient Pathway and Financial Impact;;2021;Yes;Events;Posters;;;;;;;;;;;;;;X;;;;;;;;;;;;;;;;
https://drive.google.com/drive/folders/1qVm3YYtz1rjFiYltQ7Vou1a96xNT4Tpf;Posters Autumn 2021;https://drive.google.com/file/d/16KiMLsaqTlW25FWewPCfwHCxIbVqlrSM/view;P24 Kit-based Gallium-68 Service Introduced at Barts Health NHS Trust Radiopharmacy Department;;2021;Yes;Events;Posters;;;;;;;;;;;;;;;;;;;;;;;;;X;;;;;
https://drive.google.com/drive/folders/1qVm3YYtz1rjFiYltQ7Vou1a96xNT4Tpf;Posters Autumn 2021;https://drive.google.com/file/d/1gibKXvapW2J8qpTTCIrm79y6wI17x_NA/view;P25 Outcomes From Myocardial Perfusion Studies at a Follow up of one year at the SWBH: An Audit;;2021;Yes;Events;Posters;;;X;;;;;;;;;;;;;;;;;;;;;;;;;;;
https://drive.google.com/drive/folders/1qVm3YYtz1rjFiYltQ7Vou1a96xNT4Tpf;Posters Autumn 2021;https://drive.google.com/file/d/15t5_OaukIPvsFiCCYB04J7CGfpfNxf34/view;P25 Outcomes From Myocardial Perfusion Studies at a Follow up of one year at the SWBH: An Audit - Handout;;2021;Yes;Events;Posters;;;X;;;;;;;;;;;;;;;;;;;;;;;;;;;
https://drive.google.com/drive/folders/1qVm3YYtz1rjFiYltQ7Vou1a96xNT4Tpf;Posters Autumn 2021;https://drive.google.com/file/d/1BF-RJQQrrJ__mQvJgQ7JCssNDOAu7j4A/view;P26 Outcomes From an Audit of Gated Data of Myocardial Perfusion Studies at one year follow up at SWBH;;2021;Yes;Events;Posters;;;X;;;;;;;;;;;;;;;;;;;;;;;;;;;
https://drive.google.com/drive/folders/1qVm3YYtz1rjFiYltQ7Vou1a96xNT4Tpf;Posters Autumn 2021;https://drive.google.com/file/d/18HX3jC4Q9czoT8o_V1KIs5H6J0jvvLhz/view;P26 Outcomes From an Audit of Gated Data of Myocardial Perfusion Studies at one year follow up at SWBH - Handout;;2021;Yes;Events;Posters;;;X;;;;;;;;;;;;;;;;;;;;;;;;;;;
https://drive.google.com/drive/folders/1qVm3YYtz1rjFiYltQ7Vou1a96xNT4Tpf;Posters Autumn 2021;https://drive.google.com/file/d/1SiXuOtXVSh0-lZkEc54dHLQgxSyLj0lf/view;P27 A very rare case of pseudo pulmonary embolism detected on V/Q SPECT/CT;;2021;Yes;Events;Posters;;;;;;;;;;;;;X;;;;;;;;;;;;;;;;;
https://drive.google.com/drive/folders/1qVm3YYtz1rjFiYltQ7Vou1a96xNT4Tpf;Posters Autumn 2021;https://drive.google.com/file/d/1vuRSiIjwaVoRuaXtZfrsuVpvbmEwjE8f/view;P28 Review of request to report time for V/Q requests from our Emergency Department;;2021;Yes;Events;Posters;;;;;;;;;;;;;;X;;;;;;;;;;;;;;;;
https://drive.google.com/drive/folders/1qVm3YYtz1rjFiYltQ7Vou1a96xNT4Tpf;Posters Autumn 2021;https://drive.google.com/file/d/1WOF-9FNq8OlKOEswptj7EBoNKcDkX7mW/view;P29 Functional Imaging in the diagnosis of Lewy Body Dementia;;2021;Yes;Events;Posters;;;;;;;;;;;;;;;;;X;;;;;;;;;;;;;
https://drive.google.com/drive/folders/1qVm3YYtz1rjFiYltQ7Vou1a96xNT4Tpf;Posters Autumn 2021;https://drive.google.com/file/d/1arHz_DGPYbl6wsn6kZIjyCpbjO9zZxDe/view;P30 May Melatonin Increase 123I-Ioflupane Updake and Influence DaTSCAN Quantification? Review of the Literature Illustrated by the case report;;2021;Yes;Events;Posters;;;;;;;;;;;;;;;;;X;;;;;;;;;;;;;
https://drive.google.com/drive/folders/1qVm3YYtz1rjFiYltQ7Vou1a96xNT4Tpf;Posters Autumn 2021;https://drive.google.com/file/d/1j3mu8AgiIYT-sL0P9Fx2qg60n3i1gM7Z/view;P31 Slow Transit as a Cause of 100% SeHCAT Retention;;2021;Yes;Events;Posters;;;;;;;;;;X;;;;;;;;;;;;;;;;;;;;
https://drive.google.com/drive/folders/1qVm3YYtz1rjFiYltQ7Vou1a96xNT4Tpf;Posters Autumn 2021;https://drive.google.com/file/d/1IWLVLR31hEVgAThSC1Us3FJDBYJmQNxM/view;P32 Is there a correlation between patient symptoms, underlying pathology, and prevalence or severity of bile acid malabsorption, as detected by 75SeHCAT scanning?;Winner of Certificate of Merit;2021;Yes;Events;Posters;;;;;;;;;;X;;;;;;;;;;;;;;;;;;;;
https://drive.google.com/drive/folders/1qVm3YYtz1rjFiYltQ7Vou1a96xNT4Tpf;Posters Autumn 2021;https://drive.google.com/file/d/16io37aegmTjyEhbxtJythRJIBmHOEk-a/view;P33 A rare case of multiple intraosseous haemangiomas potentially mimicking metastases on bone scan;;2021;Yes;Events;Posters;;X;;;;;;;;;;;;;;;;;;;;;;;;;;;;
https://drive.google.com/drive/folders/1qVm3YYtz1rjFiYltQ7Vou1a96xNT4Tpf;Posters Autumn 2021;https://drive.google.com/file/d/1pShlACnyCysSFbHvfWdWSTtjB1oKdW8J/view;P34 Is visual assessment important in SeHCAT reporting?;;2021;Yes;Events;Posters;;;;;;;;;;X;;;;;;;;;;;;;;;;;;;;
https://drive.google.com/drive/folders/1qVm3YYtz1rjFiYltQ7Vou1a96xNT4Tpf;Posters Autumn 2021;https://drive.google.com/file/d/1nyWYFrzBBEFXIpFjH-62pdQyEn8wIdLb/view;P35 Are Bone Scans Useful in Detecting Bone Metastases in Breast Cancer Patients?;;2021;Yes;Events;Posters;;X;;;;;;;;;;;;;;;;;;;;;;;;;;;;
https://drive.google.com/drive/folders/1qVm3YYtz1rjFiYltQ7Vou1a96xNT4Tpf;Posters Autumn 2021;https://drive.google.com/file/d/1BYuTC_hVVvl3LIsPJLwZFNc4bxsmjCdF/view;P36 Our experience of 3 cases of neuroendocrine tumour (NET) patients with Ki67 >20% with good clinical, biochemical and radiological response to treatment with [177Lu]Lu-DOTA-TATE;;2021;Yes;Events;Posters;;;;;;;;;;;;;;;;;;;;;;;;;;;X;;;
https://drive.google.com/drive/folders/1qVm3YYtz1rjFiYltQ7Vou1a96xNT4Tpf;Posters Autumn 2021;https://drive.google.com/file/d/1ug11jYtPOnnzWKk4w-LpubbYVWa2KGmz/view;P37 Half-Dose Lung SPECT Perfusion First Scans for the Diagnosis of Pulmonary Embolism in Pregnancy: A Quality Improvement Project;Winner of 3rd Poster Prize and Certificate of Merit;2021;Yes;Events;Posters;;;;;;;;;;;;;X;;;;;;;;;;;;;;;;;
https://drive.google.com/drive/folders/1Jx5EuOb_-1t_ww8VHnF7pm9iaEK3jlyV;Posters Spring 2021;https://drive.google.com/file/d/18hhAfJKbjHlfuMSa15BS1uAfF_aYmrlH/view;P01 [68Ga]Ga-THP-Pam: A PET Radiotracer For Imaging Vascular Calcification;;2021;Yes;Events;Posters;;;X;;;;;;;;;;;;;;;;;;;;;;;;;;;
https://drive.google.com/drive/folders/1Jx5EuOb_-1t_ww8VHnF7pm9iaEK3jlyV;Posters Spring 2021;https://drive.google.com/file/d/1kswz6xSeW3_54S_z6Fxqz85kPhoBsj-h/view;P01 [68Ga]Ga-THP-Pam: A PET Radiotracer For Imaging Vascular Calcification;Handout;2021;Yes;Events;Posters;;;X;;;;;;;;;;;;;;;;;;;;;;;;;;;
https://drive.google.com/drive/folders/1Jx5EuOb_-1t_ww8VHnF7pm9iaEK3jlyV;Posters Spring 2021;https://drive.google.com/file/d/1OlfJ7Qja750ETafRpkCrdFfVfGjJKgB9/view;P02 Imaging Chronic Cardiovascular Disease using Hypoxia Targeting PET Tracers;;2021;Yes;Events;Posters;;;X ;;;;;;;;;;;;;;;;;;;;;;;;;;;
https://drive.google.com/drive/folders/1Jx5EuOb_-1t_ww8VHnF7pm9iaEK3jlyV;Posters Spring 2021;https://drive.google.com/file/d/1H5dM2So4S1O-NPHNYqtFdIZYzBM8-oyz/view;P03 Targeting Mitochondrial Dysfunction with [99mTc] Sestamibi SPECT Imaging to Detect Anthracycline Cardiotoxicity;;2021;Yes;Events;Posters;;;X;;;;;;;;;;;;;;;;;;;;;;;;;;;
https://drive.google.com/drive/folders/1Jx5EuOb_-1t_ww8VHnF7pm9iaEK3jlyV;Posters Spring 2021;`https://drive.google.com/file/d/1m2Qp7FmoxFP7Cb0ki1KpH1d6Tk53nAq9/view;P04 Dual Phae Sestamibi Study for the Detection of Parathyroid Adenomas, a Retrospective Analysis from a Single Centre;;2021;Yes;Events;Posters;;;;;;;;X;;;;;;;;;;;;;;;;;;;;;;
https://drive.google.com/drive/folders/1Jx5EuOb_-1t_ww8VHnF7pm9iaEK3jlyV;Posters Spring 2021;https://drive.google.com/file/d/1VvFCzza8QTkOTgvOw9Ybiy48i6bgJgG1/view;P05 The Role of [18F] Choline PET/CT in Primary Hyperparathyroidism;;2021;Yes;Events;Posters;;;;;;;;X;;;;;;;;;;;;;;;;;;;;;;
https://drive.google.com/drive/folders/1Jx5EuOb_-1t_ww8VHnF7pm9iaEK3jlyV;Posters Spring 2021;https://drive.google.com/file/d/1toG3-KvxSfIuvKcPjijdMixSqvRo_J2p/view;P06 Explointing Non-Canonical Pathways of NIS Regulation to Enhance Radioiodide Update and Identify Predictive Markers of Thyroid Cancer Recurrence;;2021;Yes;Events;Posters;;;;;;;;;;;;;;;;;;;;;;;;;;;;X;;
https://drive.google.com/drive/folders/1Jx5EuOb_-1t_ww8VHnF7pm9iaEK3jlyV;Posters Spring 2021;https://drive.google.com/file/d/1t8R_tdyj9z7_f_ROl6cipFWu1otTaIn6/view;P06 Explointing Non-Canonical Pathways of NIS Regulation to Enhance Radioiodide Update and Identify Predictive Markers of Thyroid Cancer Recurrence;Handout;2021;Yes;Events;Posters;;;;;;;;;;;;;;;;;;;;;;;;;;;;X;;
https://drive.google.com/drive/folders/1Jx5EuOb_-1t_ww8VHnF7pm9iaEK3jlyV;Posters Spring 2021;https://drive.google.com/file/d/1kxVlXBDuj-75umaBKh9ppQl0woSvk1bn/view;P07 [18F]FDG-PET/CT Radiomic Applications in Hodgkin Lymphoma: Evaluation of Intra-Patient lesions' similarity and outcome prediction at baseline;;2021;Yes;Events;Posters;X;;;;;;;;;;;;;;;;;;;;;;;;;;;;;
https://drive.google.com/drive/folders/1Jx5EuOb_-1t_ww8VHnF7pm9iaEK3jlyV;Posters Spring 2021;https://drive.google.com/file/d/1oAihXx_nzUvvf4UhHsh2kT9nL05c63BX/view;P08 High Grade Pituitary Update on [18F]FDG PET-CT in Immunotherapy-related Hypophysitis - A Case Report;;2021;Yes;Events;Posters;;;;;;;;X;;;;;;;;;;;;;;;;;;;;;;
https://drive.google.com/drive/folders/1Jx5EuOb_-1t_ww8VHnF7pm9iaEK3jlyV;Posters Spring 2021;https://drive.google.com/file/d/1jYhBTbDpnu1rI-5hq_XoujEGtJG17ioe/view;P08 High Grade Pituitary Update on [18F]FDG PET-CT in Immunotherapy-related Hypophysitis - A Case Report;Handout;2021;Yes;Events;Posters;;;;;;;;X;;;;;;;;;;;;;;;;;;;;;;
https://drive.google.com/drive/folders/1Jx5EuOb_-1t_ww8VHnF7pm9iaEK3jlyV;Posters Spring 2021;https://drive.google.com/file/d/1MJSN93Vm3rMRdNawPUvhQKeGRW2hAGKq/view;P09 The Significance of Incidentally Detected Prostatic Update on [18F]FDG PET-CT;;2021;Yes;Events;Posters;;;;;;;;;;;;;;;;;;X;;;;;;;;;;;;
https://drive.google.com/drive/folders/1Jx5EuOb_-1t_ww8VHnF7pm9iaEK3jlyV;Posters Spring 2021;https://drive.google.com/file/d/1F6z1Zvvr0IYdfIKFf4YNMU3W9CzvaAFS/view;P10 Pictorial Review of Artefacts in PET/CT Imaging;;2021;Yes;Events;Posters;;;;;;;;;;;;;;;;;;;;X;;;;;;;;;;
https://drive.google.com/drive/folders/1Jx5EuOb_-1t_ww8VHnF7pm9iaEK3jlyV;Posters Spring 2021;https://drive.google.com/file/d/1BC4kw69t0MPFZ-WyNb8dvAHGS0ZIbTV-/view;P11 The Evolving Role of [18F]FDG PET-CT in the Management of Patients with Carcinoma of the Urinary Bladder;;2021;Yes;Events;Posters;;;;;;;;;;;;;;;;;;X;;;;;;;;;;;;
https://drive.google.com/drive/folders/1Jx5EuOb_-1t_ww8VHnF7pm9iaEK3jlyV;Posters Spring 2021;https://drive.google.com/file/d/1Oy2OJXYnH-LEDUewOC0ftWz9UCqspjJM/view;P12 Optimisation of [99mTc]Tektrotyd Somatostatin Receptor SPECT/CT;;2021;Yes;Events;Posters;;;;;;;;;;;;;;;;;;X;;;;;;;;;;;;
https://drive.google.com/drive/folders/1Jx5EuOb_-1t_ww8VHnF7pm9iaEK3jlyV;Posters Spring 2021;https://drive.google.com/file/d/1IMMwu09K8bfGGxAyIDI5K3tb3RU6byaV/view;P13 Thallium-201 as a Candidate for Targeted Radionuclide Therapy: Radiochemistry and Biology;;2021;Yes;Events;Posters;;;;;;;;;;;;;;;;;;X;;;;;;;;;;;;
https://drive.google.com/drive/folders/1Jx5EuOb_-1t_ww8VHnF7pm9iaEK3jlyV;Posters Spring 2021;https://drive.google.com/file/d/1r_5LKOt6Gn-BiRUPDHVntdZtHUqofpC8/view;P13 Thallium-201 as a Candidate for Targeted Radionuclide Therapy: Radiochemistry and Biology;Handout;2021;Yes;Events;Posters;;;;;;;;;;;;;;;;;;;;;;;;X;;;;;;
https://drive.google.com/drive/folders/1Jx5EuOb_-1t_ww8VHnF7pm9iaEK3jlyV;Posters Spring 2021;https://drive.google.com/file/d/1TpVpsuhhfYad29H8Baj2qsqrxxzjDmbG/view;P14 Emerging Role of Renal [99mTc]Tc-MIBI SPECT-CT in Characterisation of Renal Masses;;2021;Yes;Events;Posters;;;;;;;;;;;;;;;;;;;;;;;;;;X;;;;
https://drive.google.com/drive/folders/1Jx5EuOb_-1t_ww8VHnF7pm9iaEK3jlyV;Posters Spring 2021;https://drive.google.com/file/d/1iluHMnygSVVy2W30K6p4TYnyR9gKF7V8/view;P15 Long COVID Hallmarks on [18F]FDG-PET/CT: A Case-Control Study;;2021;Yes;Events;Posters;;;;;;;;;;;;X;;;;;;;;;;;;;;;;;;
https://drive.google.com/drive/folders/1Jx5EuOb_-1t_ww8VHnF7pm9iaEK3jlyV;Posters Spring 2021;https://drive.google.com/file/d/15fcYPrP33HfDi-9TFwDOeTj680QWaj16/view;P16 Muscular Sarcoidosis on [18F]FDG PET-CT: A Two-Case Series of a Rare Presentation;;2021;Yes;Events;Posters;;;;;;;;;;;;X;;;;;;;;;;;;;;;;;;
https://drive.google.com/drive/folders/1Jx5EuOb_-1t_ww8VHnF7pm9iaEK3jlyV;Posters Spring 2021;https://drive.google.com/file/d/1BjsZkVBMvd0Ce-Kg-cnJj1g8OqSI5UaY/view;P17 Pictorial Review of FDG PET-CT Findings after COVID-19 Vaccination;;2021;Yes;Events;Posters;;;;;;;;;;;;X;;;;;;;;;;;;;;;;;;
https://drive.google.com/drive/folders/1Jx5EuOb_-1t_ww8VHnF7pm9iaEK3jlyV;Posters Spring 2021;https://drive.google.com/file/d/1H-AT7fW8FZyPMwwsh5p5BvEqrfBUmCLF/view;P18 Predictive Role of 18F-FDG PET/CT in Alzheimer's Disease;;2021;Yes;Events;Posters;;;;;;;;;;;;;;;;;X;;;;;;;;;;;;;
https://drive.google.com/drive/folders/1Jx5EuOb_-1t_ww8VHnF7pm9iaEK3jlyV;Posters Spring 2021;https://drive.google.com/file/d/1OlCENR1XTNqMPJrUQlmoubUrvCXWXlXD/view;P19 An Interesting Case of Applying 99m Tc Red Blood Cell Scintigraphy in the Diagnosis of Cavernous Sinus Haemangioma at a Regional Tertiary Neurosciences Centre during the COVID Pandemic;;2021;Yes;Events;Posters;;;;;;;;;;;;;;;;;X;;;;;;;;;;;;;
https://drive.google.com/drive/folders/1Jx5EuOb_-1t_ww8VHnF7pm9iaEK3jlyV;Posters Spring 2021;https://drive.google.com/file/d/1utoGbR6QujEEwX2dH1JtMzj9iy06TiST/view;P20 Image-Derived Input Functions from Dynamic 15O-water Positron Emission Tomography Scans using Penalised Reconstruction;Video;2021;Yes;Events;Posters;;;;;;;;;;;;;;;;;;;;;;X;;;;;;;;
https://drive.google.com/drive/folders/1Jx5EuOb_-1t_ww8VHnF7pm9iaEK3jlyV;Posters Spring 2021;https://drive.google.com/file/d/1A8Ap6Unn_gLb6W0osVHJdPqBi_d0ysXY/view;P21 Incidence of Pulmonary Embolism Findings in Ventilation and Perfusion Scintigraphy and D-dimer Levels with COVID-19 Disease: Preliminary Results for a Single-Institution Experience;;2021;Yes;Events;Posters;;;;;;;;;;;;;X;;;;;;;;;;;;;;;;;
https://drive.google.com/drive/folders/1Jx5EuOb_-1t_ww8VHnF7pm9iaEK3jlyV;Posters Spring 2021;https://drive.google.com/file/d/1G0JHQGRYhjPYbuQssAzd1tXzrig197zi/view;P22 The Validation of Nanoparticles for Pulmonary Drug Delivery Using Fluroine-18 Positron Emission Tomography;;2021;Yes;Events;Posters;;;;;;;;;;;;;X;;;;;;;;;;;;;;;;;
https://drive.google.com/drive/folders/1Jx5EuOb_-1t_ww8VHnF7pm9iaEK3jlyV;Posters Spring 2021;https://drive.google.com/file/d/1GvIL6SDe56-mBPx3PSPWzaQsijhrQSsz/view;P23 The Effect of Radioiodine Therapy in Patients with Subclinical Hyperthyroidism;;2021;Yes;Events;Posters;;;;;;;;;;;;;;;;;;;;;;;;;;;;X;;
https://drive.google.com/drive/folders/1Jx5EuOb_-1t_ww8VHnF7pm9iaEK3jlyV;Posters Spring 2021;https://drive.google.com/file/d/1qIoNKJeiVf6Dph5uCeev9bolZQOn-nmj/view;P23 The Effect of Radioiodine Therapy in Patients with Subclinical Hyperthyroidism;Handout;2021;Yes;Events;Posters;;;;;;;;;;;;;;;;;;;;;;;;;;;;X;;
https://drive.google.com/drive/folders/1Jx5EuOb_-1t_ww8VHnF7pm9iaEK3jlyV;Posters Spring 2021;https://drive.google.com/file/d/11RyCO1ZVP_GxP2946POE_Z900Y7RkZjF/view;"P24 Peptide Receptor Radionuclide Therapy (PRRT) in Patients with Chronic Kidney Disease (CKD); How low is too low to treat?";;2021;Yes;Events;Posters;;;;;;;;;;;;;;;;;;;;;;;;;;;X;;;
https://drive.google.com/drive/folders/1Jx5EuOb_-1t_ww8VHnF7pm9iaEK3jlyV;Posters Spring 2021;https://drive.google.com/file/d/1a4bZcBrH09hXdJeQd0VcGpgeL1OoQHiu/view;P25 Single Centre Outcome of 177Lu-DOTA-TATE Therapy in Treatment of Progressive Metastatic Neuroendocrine Tumours (NETs): Survival, Toxicity, and Prognostic Factors;;2021;Yes;Events;Posters;;;;;;;;;;;;;;;;X;;;;;;;;;;;;;;
https://drive.google.com/drive/folders/1Jx5EuOb_-1t_ww8VHnF7pm9iaEK3jlyV;Posters Spring 2021;https://drive.google.com/file/d/11ByEsjeTyEJyjNIR_pDN8amyZullMR9L/view;P26 Auger Electrons for Molecular Radionuclide Therapy: The Potential of the Radionuclide Thechnetium-99m;;2021;Yes;Events;Posters;;;;;;;;;;;;;;;;X;;;;;;;;;;;;;;
https://drive.google.com/drive/folders/1Jx5EuOb_-1t_ww8VHnF7pm9iaEK3jlyV;Posters Spring 2021;https://drive.google.com/file/d/1yrzIazdfaMFMLjJkwZaE5GSxbeAngyIE/view;P27 Streamlining [99mTc] Nanocolloid Sentinel Node Lymphoscintigraphy in Penile Cancer;;2021;Yes;Events;Posters;;;;;;;;;;;;;;;;;;X;;;;;;;;;;;;
https://drive.google.com/drive/folders/1Jx5EuOb_-1t_ww8VHnF7pm9iaEK3jlyV;Posters Spring 2021;https://drive.google.com/file/d/1SDiBVYcz1vVFdcPY6fT2vc_G2aA5grd4/view;P28 Vulval Sentinel Node Lymphoscintigraphy - is Delayed Imaging Required?;;2021;Yes;Events;Posters;;;;;;;;;;;;;;;;;;X;;;;;;;;;;;;
https://drive.google.com/drive/folders/1Jx5EuOb_-1t_ww8VHnF7pm9iaEK3jlyV;Posters Spring 2021;https://drive.google.com/file/d/1FIjaqL9CLHjrySMc8SN0Qw7jT1FZanmo/view;P29 Using Convolutional Neural Networks in 99mTc-DPD Amyloidosis Classification;;2021;Yes;Events;Posters;X;;;;;;;;;;;;;;;;;;;;;;;;;;;;;
https://drive.google.com/drive/folders/1Jx5EuOb_-1t_ww8VHnF7pm9iaEK3jlyV;Posters Spring 2021;https://drive.google.com/file/d/1Cw9xh9vAmZ7VJqyv-bu179tveWF-21eV/view;P30 Development of Novel Dual Modality PET-Fluorescence Mitochondrial Membrane Potential (MMP) Dependant Tracers Labelled with [18F]fluorine;;2021;Yes;Events;Posters;;;;;;;;;;;;;;;;;;;;;;;;X;;;;;;
https://drive.google.com/drive/folders/1Jx5EuOb_-1t_ww8VHnF7pm9iaEK3jlyV;Posters Spring 2021;https://drive.google.com/file/d/1au6Jn8BsJPYJw_ypRR9D9eoCKzAfojuu/view;P31 UK Clinical Studies in Nuclear Medicine from 2015 to 2020: Examination of Data from Clinical Trial Repositories;;2021;Yes;Events;Posters;;;;;;;X;;;;;;;;;;;;;;;;;;;;;;;
https://drive.google.com/drive/folders/1Jx5EuOb_-1t_ww8VHnF7pm9iaEK3jlyV;Posters Spring 2021;https://drive.google.com/file/d/1bp5-T_piBD2HsGr70_N-0emeyvHI_ai_/view;P32 Accuracy of Brain SUVR Using a Novel Anthropomorphic 'Painting' Phantom;;2021;Yes;Events;Posters;;;;;;;;;;;;;;;;;;;;;;X;;;;;;;;
https://drive.google.com/drive/folders/1Jx5EuOb_-1t_ww8VHnF7pm9iaEK3jlyV;Posters Spring 2021;https://drive.google.com/file/d/17sEGMfc9As2RHM1M7YrTHZ6gaSHTUPr6/view;P33 A Simulator System Using Radioactive Aerosols to Test the Efficacy of Face Masks to Block the Emission of Coughed or Exhaled Aerosols;;2021;Yes;Events;Posters;;;;;;;;;;;;;;;;;;;;;;;X;;;;;;;
https://drive.google.com/drive/folders/1Jx5EuOb_-1t_ww8VHnF7pm9iaEK3jlyV;Posters Spring 2021;https://drive.google.com/file/d/1FjEXmLL6ZkDzcgOr0IfbR8lk2h_GWm0R/view;P33 A Simulator System Using Radioactive Aerosols to Test the Efficacy of Face Masks to Block the Emission of Coughed or Exhaled Aerosols;Handout;2021;Yes;Events;Posters;;;;;;;;;;;;;;;;;;;;;;;X;;;;;;;
https://drive.google.com/drive/folders/1Jx5EuOb_-1t_ww8VHnF7pm9iaEK3jlyV;Posters Spring 2021;https://drive.google.com/file/d/1qhnw3Lq79-NWesk_-Y21SFbpz8QHBHLL/view;P34 Validation of Radionuclide Contaminant Analysis using a Fidelis Secondary Standard Radionuclide Calibrator;;2021;Yes;Events;Posters;;;;;;;;;;;;;;;;;;;;;X;;;;;;;;;
https://drive.google.com/drive/folders/1Jx5EuOb_-1t_ww8VHnF7pm9iaEK3jlyV;Posters Spring 2021;https://drive.google.com/file/d/1ISA336hG4SB3xUuEZCvoKifY67YJGclN/view;P35 Digital PET-CT Image Optimisation;;2021;Yes;Events;Posters;;;;;;;;;;;;;;;;;;;;X;;;;;;;;;;
https://drive.google.com/drive/folders/1Jx5EuOb_-1t_ww8VHnF7pm9iaEK3jlyV;Posters Spring 2021;https://drive.google.com/file/d/1wt9T3gjWR6bDnIpCOXLZvf9U3X44fpkg/view;P36 Developing a Regulatory Compliant Nuclear Medicine Clinical Research Service;;2021;Yes;Events;Posters;;;;;;;;;;;;;;;X;;;;;;;;;;;;;;;
https://drive.google.com/drive/folders/1Jx5EuOb_-1t_ww8VHnF7pm9iaEK3jlyV;Posters Spring 2021;https://drive.google.com/file/d/1QfQUyQ1CMmJXOJgvbFOyvl42a_EVsYBx/view;P37 Assessment of Occupational Exposure From Shielded and Unshielded Syringes for Clinically Relevant Positron Emission Tomography (PET) Isotopies - Monte Carlo EGSnrc Simulation;;2021;Yes;Events;Posters;;;;;;;;;;;;;;;;;;;;;X;;;;;;;;;
https://drive.google.com/drive/folders/1Jx5EuOb_-1t_ww8VHnF7pm9iaEK3jlyV;Posters Spring 2021;https://drive.google.com/file/d/1TXyr_z89LN9Mf8tj1hgTwS5qpHiGUweL/view;P38 Accuracy of Hand Foot & Clothing (HFC) Monitor at Measuring Very Low-Level 99mTc Contamination;;2021;Yes;Events;Posters;;;;;;;;;;;;;;;;;;;;;;;X;;;;;;;
https://drive.google.com/drive/folders/1Jx5EuOb_-1t_ww8VHnF7pm9iaEK3jlyV;Posters Spring 2021;https://drive.google.com/file/d/1R8wK7XYA5cd8ilf4ppripJUZZPLlYjLl/view;P39 Service Evaluation to Assess the Effect of Raising Upper Blood Glucose Threshold for FDG PET-CT on Workflow and Scan Quality;;2021;Yes;Events;Posters;;;;;;;;;;;;;;;;;;;;X;;;;;;;;;;
https://drive.google.com/drive/folders/1mGwTDmTHZ5aBR3A0oC4SlRwFSFeLhQXh;Posters Autumn 2020;https://drive.google.com/file/d/1cH4gkj1NDgwATwybviID8wVfShVsHHSx/view;P01 The of Impact of Covid-19 on NHS England PET-CT Service;;2020;Yes;Events;Posters;;;;;;;;;;;;;;X;;;;;;;;;;;;;;;;
https://drive.google.com/drive/folders/1mGwTDmTHZ5aBR3A0oC4SlRwFSFeLhQXh;Posters Autumn 2020;https://drive.google.com/file/d/1g7EsHSDXwPr15hNWogjdkYx0YEEJD5qW/view;P02 COVID-19 as a Differential Diagnosis for Coexisting or Concomitant Lung Infection in Patients Receiving Chemotherapy with Atypical Early Symptoms for SARS CoV-2 Infection Identified by FDG-PET-CT;;2020;Yes;Events;Posters;;;;;;;;;;;;X;;;;;;;;;;;;;;;;;;
https://drive.google.com/drive/folders/1mGwTDmTHZ5aBR3A0oC4SlRwFSFeLhQXh;Posters Autumn 2020;https://drive.google.com/file/d/1iSsMvuHAAmZozAbPhqECc0W1FgDmiuK2/view;P03 Role of [18F] DOPA PET-CT in Congenital Hyperinsulinism-Local Experience;;2020;Yes;Events;Posters;;;;;;;;;;;;;;;;;;;X;;;;;;;;;;;
https://drive.google.com/drive/folders/1mGwTDmTHZ5aBR3A0oC4SlRwFSFeLhQXh;Posters Autumn 2020;https://drive.google.com/file/d/1YQEbzBhWMWcPGrzzrr_4noiBB7xT5-Uz/view;P04 Increased Umbilical Activity Mimicking Meckel's Diverticulum: The Role of SPECT-CT in Confirming False Positive Planar Results;;2020;Yes;Events;Posters;;;;;;;;;;;;;;;;;;;X;;;;;;;;;;;
https://drive.google.com/drive/folders/1mGwTDmTHZ5aBR3A0oC4SlRwFSFeLhQXh;Posters Autumn 2020;https://drive.google.com/file/d/1qHsLvGsUJF0PK8qpLbqW_EG81IGWtRVv/view;P05 Survey of UK Practice: The Current Extend of Adjunctive Use of Lithium in the UK During 131I Therapy for Hyperthyroidism;;2020;Yes;Events;Posters;;;;;;;;;;;;;;;;;;;;;;;;;;;;X;;
https://drive.google.com/drive/folders/1mGwTDmTHZ5aBR3A0oC4SlRwFSFeLhQXh;Posters Autumn 2020;https://drive.google.com/file/d/1vZw4lS4vU7fU3spBou2Kl7ju_jQhnVoR/view;P06 Functional Imaging in the Diagnosis of Lewy Body Dementia;;2020;Yes;Events;Posters;;;;;;;;;;;;;;;;;X;;;;;;;;;;;;;
https://drive.google.com/drive/folders/1mGwTDmTHZ5aBR3A0oC4SlRwFSFeLhQXh;Posters Autumn 2020;https://drive.google.com/file/d/1v9EMdAqQ8t6HBfBOjIDHOsNeT7NfpHLa/view;P07 A Pictorial Review of Brain Findings on a Whole-Body [18F]FDG PET-CTs;;2020;Yes;Events;Posters;;;;;;;;;;;;;;;;;X;;;;;;;;;;;;;
https://drive.google.com/drive/folders/1mGwTDmTHZ5aBR3A0oC4SlRwFSFeLhQXh;Posters Autumn 2020;https://drive.google.com/file/d/1ajNcJWopp57-aLZdmNp0T-QhsX4v_dd3/view;P08 DaTQUANTTM: Beyond the Scatter-gram: A Neural Network add-on to classify DaT Images;;2020;Yes;Events;Posters;X;;;;;;;;;;;;;;;;;;;;;;;;;;;;;
https://drive.google.com/drive/folders/1mGwTDmTHZ5aBR3A0oC4SlRwFSFeLhQXh;Posters Autumn 2020;https://drive.google.com/file/d/1cEWFVzqVHMpwUvYD0LLROkeo1i1iz9jf/view;P09 A Retrospective Evaluation of the Visual Assessment of DaTSCAN Imagins Versus DaTQUANT;;2020;Yes;Events;Posters;;;;;;;;;;;;;;;;;X;;;;;;;;;;;;;
https://drive.google.com/drive/folders/1mGwTDmTHZ5aBR3A0oC4SlRwFSFeLhQXh;Posters Autumn 2020;https://drive.google.com/file/d/1OziCBV6f750KU6SS5P5Q3rPH43wM4XBs/view;P10 An Audit of the Timing of Ventilation/Perfusion Scans and Chest Radiograph in the Investigation of Acute Pulmonary Embolus;;2020;Yes;Events;Posters;;;;;;;;;;;;;X;;;;;;;;;;;;;;;;;
https://drive.google.com/drive/folders/1mGwTDmTHZ5aBR3A0oC4SlRwFSFeLhQXh;Posters Autumn 2020;https://drive.google.com/file/d/1Jc3Lg_-je0Voda11v80TZK-zbqCsn3w8/view;P11 Review and Development of Local VQ SPECT Services for Investigation of Pulmonary Embolism;;2020;Yes;Events;Posters;;;;;;;;;;;;;X;;;;;;;;;;;;;;;;;
https://drive.google.com/drive/folders/1mGwTDmTHZ5aBR3A0oC4SlRwFSFeLhQXh;Posters Autumn 2020;https://drive.google.com/file/d/1cdWGMulvp4hgMugnaBUaSBSpzP_H-VLX/view;P12 Audit to Investigate the Variabiity in Administered Activity for Breast and Melanoma Sentinel Node Studies;;2020;Yes;Events;Posters;;;;;;;;;;;;;;;;;;X;;;;;;;;;;;;
https://drive.google.com/drive/folders/1mGwTDmTHZ5aBR3A0oC4SlRwFSFeLhQXh;Posters Autumn 2020;https://drive.google.com/file/d/1W0AYD8fRX-iigdM3wHdvgXm5g4on5ZPY/view;"P13 Improving Workflow in a Nuclear Medicine Department; The Utility of Routine Cranial Acquisition in Staging 18F-FDG PET/CT Scans in HNSCC";;2020;Yes;Events;Posters;;;;;;;;;;;;;;X;;;;;;;;;;;;;;;;
https://drive.google.com/drive/folders/1mGwTDmTHZ5aBR3A0oC4SlRwFSFeLhQXh;Posters Autumn 2020;https://drive.google.com/file/d/1FbvmEDTwWNMeoq6KDfAX_lSrOhaHQAne/view;P14 Measured Doses to a Carer and Comforter From a [177Lu]Lu-DOTA-TATE Patient;;2020;Yes;Events;Posters;;;;;;;;;;;;;;;;;;;;;;;X;;;;;;;
https://drive.google.com/drive/folders/1mGwTDmTHZ5aBR3A0oC4SlRwFSFeLhQXh;Posters Autumn 2020;https://drive.google.com/file/d/1QRmfcWQ-ORHfC4hJxo7qtEOssHZkBzQ5/view;P15 Measured Doses to Intensive Care Unit Staff From a [177Lu]Lu-DOTA-TATE Patient;;2020;Yes;Events;Posters;;;;;;;;;;;;;;;;;;;;;;;X;;;;;;;
https://drive.google.com/drive/folders/1mGwTDmTHZ5aBR3A0oC4SlRwFSFeLhQXh;Posters Autumn 2020;https://drive.google.com/file/d/1kyMWuK3PaxS_aZks8rUr5dx3LunJGsQ8/view;P16 Measured Activity in Waste, Linen and Blood From a [177Lu]Lu-DOTA-TATE Patient with Acute Kidney Injury;;2020;Yes;Events;Posters;;;;;;;;;;;;;;;;;;;;;;;X;;;;;;;
https://drive.google.com/drive/folders/1mGwTDmTHZ5aBR3A0oC4SlRwFSFeLhQXh;Posters Autumn 2020;https://drive.google.com/file/d/1IA5jQ6O4ncMSbTC2HqucKR_kz3rJSVIm/view;P17 Assessment of CoMo-170 Floor Bogey For Use in Environmental Monitoring;;2020;Yes;Events;Posters;;;;;;;;;X;;;;;;;;;;;;;;;;;;;;;
https://drive.google.com/drive/folders/1gZEJCs1RQFApIbza_8Fv0ee7MloY2oup;Posters Autumn 2019;https://drive.google.com/file/d/1Q5ZKyINXh6Mb3UfjbGq3Mv-NShiHFgRE/view;P01 Clinicians’ Attitudes Towards the Use of Artificial Intelligence and Deep Learning in Nuclear Medicine and Molecular Imaging Practice: A Multi-Hospital Survey in Kuwait;;2019;Yes;Events;Posters;X;;;;;;;;;;;;;;;;;;;;;;;;;;;;;
https://drive.google.com/drive/folders/1gZEJCs1RQFApIbza_8Fv0ee7MloY2oup;Posters Autumn 2019;https://drive.google.com/file/d/1r5-iiOLMrITnGfmrdpoxGASgOpBgO3Oa/view;P02 Design of a New Radiopharmacy Facility: Compliance with Multiple Regulatory Requirements;;2019;Yes;Events;Posters;;;;;;;;;;;;;;;;;;;;;;;;;X;;;;;
https://drive.google.com/drive/folders/1gZEJCs1RQFApIbza_8Fv0ee7MloY2oup;Posters Autumn 2019;https://drive.google.com/file/d/1aNzjODJgEEG2-eZ-68RflDZ0xCpX5vtu/view;P03 Initial Experiences of Delivering a Ra-223 Dichloride Therapeutic Service in Velindre Cancer Centre for Prostate Cancer Patients;;2019;Yes;Events;Posters;;;;;;;;;;;;;;;;;;;;;;;;;;;X;;;
https://drive.google.com/drive/folders/1gZEJCs1RQFApIbza_8Fv0ee7MloY2oup;Posters Autumn 2019;https://drive.google.com/file/d/1CZC5PUKtBzuAqSmaMqwN2j4IZo5uTZNs/view;P04 Radium-223-dichloride Treatment Role in Patients With Bone Metastases From Castration-Resistant Prostate Cancer: Which Factors Deserve Co-evaluation?;;2019;Yes;Events;Posters;;X;;;;;;;;;;;;;;;;;;;;;;;;;X;;;
https://drive.google.com/drive/folders/1gZEJCs1RQFApIbza_8Fv0ee7MloY2oup;Posters Autumn 2019;https://drive.google.com/file/d/1Nk6w9cGGh5MNvDoqVLXoPMGh_PNwasTS/view;P05 Radium-223 Treatment: Our Current Practice;;2019;Yes;Events;Posters;;;;;;;;;;;;;;;;;;;;;;;;;;;X;;;
https://drive.google.com/drive/folders/1gZEJCs1RQFApIbza_8Fv0ee7MloY2oup;Posters Autumn 2019;https://drive.google.com/file/d/1vy_AxgnGWjTkvC840bvqmRmLo20EGR9Q/view;P06 Quantitative Evaluation of Isotope Bone Scan Using a Functional Bone Scan Code Differentiating Impact of Radionuclides and Radiotherapy in Metastatic Prostate Cancer;;2019;Yes;Events;Posters;;X;;;;;;;;;;;;;;;;;;;;;;;;;;;;
https://drive.google.com/drive/folders/1gZEJCs1RQFApIbza_8Fv0ee7MloY2oup;Posters Autumn 2019;https://drive.google.com/file/d/1nMoMuDktV_aMqf4Mk1b1BL0Vu64kPBVE/view;P07 Bone Marrow Dosimetry in 90Y-Dotatate Peptide Receptor Radionuclide Therapy Using Patient-Specific Pharmacokinetic Models;;2019;Yes;Events;Posters;;;;;;;;;;;;;;;;;;;;;X;;;;;;;;;
https://drive.google.com/drive/folders/1gZEJCs1RQFApIbza_8Fv0ee7MloY2oup;Posters Autumn 2019;https://drive.google.com/file/d/1RFvlC-hBl8VyDH_siz4Aq1Pvss3Lle7B/view;P08 VQ Scanning for Bariatric Patients;;2019;Yes;Events;Posters;;;;;;;;;;X;;;;;;;;;;;;;;;;;;;;
https://drive.google.com/drive/folders/1gZEJCs1RQFApIbza_8Fv0ee7MloY2oup;Posters Autumn 2019;https://drive.google.com/file/d/1o1wCstH0MFfGRKHUphvvq9SWuHt2RqTe/view;P09 Comparison of Gastric Emptying Results Using 15, 30 Or 60 Minutes Sampling Over Two Hour Scan – A Retrospective Study;;2019;Yes;Events;Posters;;;;;;;;;;X;;;;;;;;;;;;;;;;;;;;
https://drive.google.com/drive/folders/1gZEJCs1RQFApIbza_8Fv0ee7MloY2oup;Posters Autumn 2019;https://drive.google.com/file/d/13ChWG4c9hON--OoKPvqP7npl-7f472zv/view;P10 Audit of V/Q SPECT Ventilation to Perfusion Count Rate Ratios Using 99mTc - Technegas/99mTc-MAA;;2019;Yes;Events;Posters;;;;;;;;;;;;;X;;;;;;;;;;;;;;;;;
https://drive.google.com/drive/folders/1gZEJCs1RQFApIbza_8Fv0ee7MloY2oup;Posters Autumn 2019;https://drive.google.com/file/d/1rS_C-qFGz7L_Sk6GTh4BrTI3u9R7UVKI/view;P11 Lumbar Intervertebral Disc Degeneration of Patients With Ochronotic Arthropathy: Comparison Between 18F-NaF PET/CT and MR Imaging.;;2019;Yes;Events;Posters;;X;;;;;;;;;;;;;;;;;;;;;;;;;;;;
https://drive.google.com/drive/folders/1gZEJCs1RQFApIbza_8Fv0ee7MloY2oup;Posters Autumn 2019;https://drive.google.com/file/d/1OBZzx4zGjges-cnc4SATM52cGv70rvWd/view;P12 An Investigation into Tc-99m Radiopharmaceutical Residual Activity in Different Syringe Brands;;2019;Yes;Events;Posters;;;;;;;;;;;;;;;;;;;;;;;;;X;;;;;
https://drive.google.com/drive/folders/1gZEJCs1RQFApIbza_8Fv0ee7MloY2oup;Posters Autumn 2019;https://drive.google.com/file/d/15P30zz9BZ6GCBpHuBlmWEs700_WAPXZU/view;P14 Commissioning of GE’s Discovery NM 530c Solid State Gamma Camera;;2019;Yes;Events;Posters;;;;;;;;;X;;;;;;;;;;;;;;;;;;;;;
https://drive.google.com/drive/folders/1gZEJCs1RQFApIbza_8Fv0ee7MloY2oup;Posters Autumn 2019;https://drive.google.com/file/d/1M3jND2q5DK8Uh44_-VkTBpbuCkE15HDj/view;P15 The Effect of Patient Morphology on the Accuracy of Dosimetry Applied to S-value Determination;;2019;Yes;Events;Posters;;;;;;;;;;;;;;;;;;;;;X;;;;;;;;;
https://drive.google.com/drive/folders/1gZEJCs1RQFApIbza_8Fv0ee7MloY2oup;Posters Autumn 2019;https://drive.google.com/file/d/1A2RbvMd9zCPZCHHU93cJkG8-PcuJ-seY/view;P20 Comparison of Ultrasound and 99mTc MIBI Scintigraphic Accuracy in Localising Histologically Proven Parathyroid Adenomas.;;2019;Yes;Events;Posters;;;;;;;;X;;;;;;;;;;;;;;;;;;;;;;
https://drive.google.com/drive/folders/1gZEJCs1RQFApIbza_8Fv0ee7MloY2oup;Posters Autumn 2019;https://drive.google.com/file/d/1q7PqeisKzxykPH89IdCJEGrZm-gPlOHM/view;P21 Imaging Amiodarone Induced Thyro-toxicosis;;2019;Yes;Events;Posters;;;;;;;;;;;;;;;;;;;;;;;;;;;;X;;
https://drive.google.com/drive/folders/1gZEJCs1RQFApIbza_8Fv0ee7MloY2oup;Posters Autumn 2019;https://drive.google.com/file/d/1JiDEKO6GhODBtvZrYc5iCYj0zV_-UKb_/view;P23 Glioma Tumour Volume Evaluated With 18F-fluciclovine Positron Emission Tomography Interpreted in Combination With Magnetic Resonance Imaging;;2019;Yes;Events;Posters;;;;;;;;;;;;;;;;;X;;;;;;;;;;;;;
https://drive.google.com/drive/folders/1gZEJCs1RQFApIbza_8Fv0ee7MloY2oup;Posters Autumn 2019;https://drive.google.com/file/d/1OMS7Zkxu_OQeoYuHxbwFn_lWf2VLTefn/view;P24 99mTc-PYP Scintigraphy Detects Familial and Wild-type Transthyretin-related Cardiac Amyloidosis;;2019;Yes;Events;Posters;;;X;;;;;;;;;;;;;;;;;;;;;;;;;;;
https://drive.google.com/drive/folders/1gZEJCs1RQFApIbza_8Fv0ee7MloY2oup;Posters Autumn 2019;https://drive.google.com/file/d/1jwIZhsgIMQF69tL0xM6JN4s7b4MhIqaf/view;P26 Are we Ready for New Treatments in Cardiac Amyloidosis? The Role of Nuclear Medicine;;2019;Yes;Events;Posters;;;X;;;;;;;;;;;;;;;;;;;;;;;;;;;
https://drive.google.com/drive/folders/1gZEJCs1RQFApIbza_8Fv0ee7MloY2oup;Posters Autumn 2019;https://drive.google.com/file/d/1Wa6o93HkT4auxC5ERglXg1kiXWVwBCqn/view;P29 The Clinical Significance of Adding a Motion Correction Algorithm to Paediatric DMSA Scans;;2019;Yes;Events;Posters;;;;;;;;;;;;;;;;;;;X;;;;;;;;;;;
https://drive.google.com/drive/folders/1UUucXpyUWr3rS-m2A_XxtN4Ue9uJDz7B;Posters Spring 2019;https://drive.google.com/file/d/1pegz4HU8_9TvXOALdgJ2-5BxGrJ4aHyB/view;P01 Diagnostic Contribution of Bone Scintigraphy in Pierre-Marie-Foix Syndrome;;2019;Yes;Events;Posters;;X;;;;;;;;;;;;;;;;;;;;;;;;;;;;
https://drive.google.com/drive/folders/1UUucXpyUWr3rS-m2A_XxtN4Ue9uJDz7B;Posters Spring 2019;https://drive.google.com/file/d/1CGPD1NdEkKST3tHHMU_kTK8T41dx9-FA/view;P02 Contribution of Thyroid Scintigraphy and SPECT CT Scan in Thyroid Ectopia. About a Case.;;2019;Yes;Events;Posters;;;;;;;;;;;;;;;;;;;;;;;;;;;;X;;
https://drive.google.com/drive/folders/1UUucXpyUWr3rS-m2A_XxtN4Ue9uJDz7B;Posters Spring 2019;https://drive.google.com/file/d/1xOHvptDRDysFKe0Md285A-U1W4_dNPMp/view;P03 Incidental Head and Neck Findings;;2019;Yes;Events;Posters;;;;;;X;;;;;;;;;;;;;;;;;;;;;;;;
https://drive.google.com/drive/folders/1UUucXpyUWr3rS-m2A_XxtN4Ue9uJDz7B;Posters Spring 2019;https://drive.google.com/file/d/1moZmBtmOW_npjudtnmAnIA3nULdOlcKm/view;P04 Use of 18F-FDG PET/CT as a Predictive Biomarker of Outcome in Patients With Head-and-neck Cancer;;2019;Yes;Events;Posters;;;;;;;;;;;;;;;;;;X;;;;;;;;;;;;
https://drive.google.com/drive/folders/1UUucXpyUWr3rS-m2A_XxtN4Ue9uJDz7B;Posters Spring 2019;https://drive.google.com/file/d/1NhV1V6e_z6M1yiSfzrOGs98muzCIKT4x/view;P05 Dual-Time-Point PET/CT With 18F-FDG for Differentiation of Malignant and Benign Lesions;;2019;Yes;Events;Posters;;;;;;;;;;;;;;;;;;;;X;;;;;;;;;;
https://drive.google.com/drive/folders/1UUucXpyUWr3rS-m2A_XxtN4Ue9uJDz7B;Posters Spring 2019;https://drive.google.com/file/d/1Nzt0vWzTOMItAGEzDVtI4bTxlahaoJVf/view;P06 Is Post-treatment Surveillance Somatostatin Receptor Scintigraphy in Pancreatic Neuroendocrine Tumours Clinically Useful?;Winner of 1st Poster Prize and Certificate of Merit;2019;Yes;Events;Posters;;;;;;;;;;;;;;;;;;X;;;;;;;;;;;;
https://drive.google.com/drive/folders/1UUucXpyUWr3rS-m2A_XxtN4Ue9uJDz7B;Posters Spring 2019;https://drive.google.com/file/d/1BKncfzbWN2q2IV_soekP7rwX7rg5NBX6/view;P07 Missed Metastases: Using PET-CT in Scottish Lung Cancer Patients as a Retrospective Learning Tool to Highlight Blind Spots on Oncological CT;Winner of Certificate of Merit;2019;Yes;Events;Posters;;;;;;;;;;;;;X;;;;;;;;;;;;;;;;;
https://drive.google.com/drive/folders/1UUucXpyUWr3rS-m2A_XxtN4Ue9uJDz7B;Posters Spring 2019;https://drive.google.com/file/d/1YeW1TmJDMViZ6rZnGe7piQB9J0duCaQB/view;P08 Characterisation of Bone Lesions in Breast Cancer Surveillance : A Pictorial Review;;2019;Yes;Events;Posters;;X;;;;;;;;;;;;;;;;;;;;;;;;;;;;
https://drive.google.com/drive/folders/1UUucXpyUWr3rS-m2A_XxtN4Ue9uJDz7B;Posters Spring 2019;https://drive.google.com/file/d/1-vALXR2UBr9aiz3DnUBS6equnNyHVunA/view;P10 Is F18FDG PET/CT of Value in Thymic Masses Characterisation?;;2019;Yes;Events;Posters;;;;;;;;;;;;;;;;;;X;;;;;;;;;;;;
https://drive.google.com/drive/folders/1UUucXpyUWr3rS-m2A_XxtN4Ue9uJDz7B;Posters Spring 2019;https://drive.google.com/file/d/1jEuSOySZDOK3BdGsSTR_0I1ZOfvEOtII/view;P11 Diagnosis of Chronic Infection in Spinal Instrumentation Using PET CT;Winner of Multimodality Poster Prize and Certificate of Merit;2019;Yes;Events;Posters;;;;;;;;;;;;X;;;;;;;;;;;;;;;;;;
https://drive.google.com/drive/folders/1UUucXpyUWr3rS-m2A_XxtN4Ue9uJDz7B;Posters Spring 2019;https://drive.google.com/file/d/1d_ep5bex3I-8Zmwh9eX-RY4c3VgEWcJf/view;P12 Hepatic and Splenic Blood FDG Phosphorylation Rates in Diabetes Mellitus and Hepatic Steatosis;;2019;Yes;Events;Posters;;;;;;;;;;;;;;;;;X;;;;;;;;;;;;;
https://drive.google.com/drive/folders/1UUucXpyUWr3rS-m2A_XxtN4Ue9uJDz7B;Posters Spring 2019;https://drive.google.com/file/d/1pp2UwUO2VlT3EhZsa9KTu2gCquOyV-I1/view;P13 Intracranial Pathology in Routine 18F-FDG PET CT Imaging;Winner of Certificate of Merit;2019;Yes;Events;Posters;;;;;;;;;;;;;;;;;;X;;;;;;;;;;;;
https://drive.google.com/drive/folders/1UUucXpyUWr3rS-m2A_XxtN4Ue9uJDz7B;Posters Spring 2019;https://drive.google.com/file/d/12lVazOejgZcSW9dHZyoNyvO_q1lLoZDk/view;P14 How Useful Is Imaging of the Legs In Whole Body SPECT-CT for Cancer Staging?;;2019;Yes;Events;Posters;;;;;;;;;;;;;;;;;;X;;;;;;;;;;;;
https://drive.google.com/drive/folders/1UUucXpyUWr3rS-m2A_XxtN4Ue9uJDz7B;Posters Spring 2019;https://drive.google.com/file/d/1OtjeKd2Sl_klBoMwKxxUPxZ3tnWGIR6z/view;P15 PICC Line in PET/CT: Y or N?;;2019;Yes;Events;Posters;;;;;;;;;;;;;;;;;;;;X;;;;;;;;;;
https://drive.google.com/drive/folders/1UUucXpyUWr3rS-m2A_XxtN4Ue9uJDz7B;Posters Spring 2019;https://drive.google.com/file/d/1A2Vr5cQjEwLE2QNPXBGaAu7bUbRpyh_R/view;P16 The Role of FDG PET-CT in a Regional Multi-disciplinary MDT For Oligometastic SABR;;2019;Yes;Events;Posters;;;;;;;;;;;;;;;;;;X;;;;;;;;;;;;
https://drive.google.com/drive/folders/1UUucXpyUWr3rS-m2A_XxtN4Ue9uJDz7B;Posters Spring 2019;https://drive.google.com/file/d/1koAJjS-l32GCbjcCIpvhTfjShIU4jC5P/view;P17 Time Lost = Time Gained (Gastric Emptying);Winner of Certificate of Merit;2019;Yes;Events;Posters;;;;;;;;;;X;;;;;;;;;;;;;;;;;;;;
https://drive.google.com/drive/folders/1UUucXpyUWr3rS-m2A_XxtN4Ue9uJDz7B;Posters Spring 2019;https://drive.google.com/file/d/1OKBWuPdM7css0VWp0F4zYP7JGrmlnp4j/view;P18 Chronic Inflammation Within Von-Meyenburg Complexes Mimicking Hepatic Lymphoma On FDG-PET-CT;;2019;Yes;Events;Posters;;;;;;;;;;;;;;;;;;X;;;;;;;;;;;;
https://drive.google.com/drive/folders/1UUucXpyUWr3rS-m2A_XxtN4Ue9uJDz7B;Posters Spring 2019;https://drive.google.com/file/d/10cdrRveQIiz6tGtOKNCHVSUtPP_TjVbI/view;P19 Role of [18F]FDG PET/CT in the Imaging of Adrenocortical Carcinoma;;2019;Yes;Events;Posters;;;;;;;;;;;;;;;;;;X;;;;;;;;;;;;
https://drive.google.com/drive/folders/1UUucXpyUWr3rS-m2A_XxtN4Ue9uJDz7B;Posters Spring 2019;https://drive.google.com/file/d/1f7tA123RWyQkI5ivqiNzOvBiE-6XSzNZ/view;P20 Multimodality Functional Imaging of the Brain of HIV Patients with Neurocognitive Impairment.;;2019;Yes;Events;Posters;;;;;;;;;;;;;;;;;X;;;;;;;;;;;;;
https://drive.google.com/drive/folders/1UUucXpyUWr3rS-m2A_XxtN4Ue9uJDz7B;Posters Spring 2019;https://drive.google.com/file/d/12xyEXWk9Dy1bvgmaOKUJlBuHk_oDQLEZ/view;P21 Tc-99m HYNIC-TOC Scintigraphy in the Evaluation of Neuroendocrine Tumour (NET): Single Centre Experience;;2019;Yes;Events;Posters;;;;;;;;;;;;;;;;;;X;;;;;;;;;;;;
https://drive.google.com/drive/folders/1UUucXpyUWr3rS-m2A_XxtN4Ue9uJDz7B;Posters Spring 2019;https://drive.google.com/file/d/1tndiSMN1tNfHwcWFtZhQ3XrUgifiLwc4/view;P22 Do the Guidelines Surrounding 68Ga-DOTA-conjugated Peptide PET/CT and Octreotide Treatment for Neuroendocrine Tumours require updating?;Winner of 2nd Poster Prize and Certificate of Merit;2019;Yes;Events;Posters;;;;;;;;;;;;;;X;;;;;;;;;;;;;;;;
https://drive.google.com/drive/folders/1UUucXpyUWr3rS-m2A_XxtN4Ue9uJDz7B;Posters Spring 2019;https://drive.google.com/file/d/1_xvFu_hW7wByKkRL7fTONfL23yQCIFzR/view;P23 Development of a 223Radium Dichloride (Xofigo) Patient Pathway for Meta-static Castrate-Resistant Prostate Cancer (mCRPC) that Present to the The Royal Wolverhampton NHS Trust Following an Alert by the Medicines and Healthcare Products Regulatory Agency (6th August 2018);;2019;Yes;Events;Posters;;;;;;;;;;;;;;;;;;;;;;;;;;;X;;;
https://drive.google.com/drive/folders/1UUucXpyUWr3rS-m2A_XxtN4Ue9uJDz7B;Posters Spring 2019;https://drive.google.com/file/d/1LwpaG7s0z8sor4QBWHjo0KiS_hW1GaVr/view;P24 Bio Distribution Mapping of 223Radium Dichloride During the Course of Treatments 2 to 6. A Patient Case Study;;2019;Yes;Events;Posters;;;;;;;;;;;;;;;;;;;;;;;;;;;X;;;
https://drive.google.com/drive/folders/1UUucXpyUWr3rS-m2A_XxtN4Ue9uJDz7B;Posters Spring 2019;https://drive.google.com/file/d/11xD-ze4-ADp1tGbcH-tyi_3TBpxj_mtk/view;P25 Should CTPA be Performed in Pregnant Women Out-of-hours?;;2019;Yes;Events;Posters;;;;;;;;;;;;;X;;;;;;;;;;;;;;;;;
https://drive.google.com/drive/folders/1UUucXpyUWr3rS-m2A_XxtN4Ue9uJDz7B;Posters Spring 2019;https://drive.google.com/file/d/1GmvAHD0OLooDQ-ehRxWVtiV_kcpch-P_/view;P29 A Comparative Study for Different Electronic Personal Dosimeters Used for NM Dose Assessments;;2019;Yes;Events;Posters;;;;;;;;;;;;;;;;;;;;;X;;;;;;;;;
https://drive.google.com/drive/folders/1UUucXpyUWr3rS-m2A_XxtN4Ue9uJDz7B;Posters Spring 2019;https://drive.google.com/file/d/1eStdbuw7iTWRvJL1pl3oTDX2Hz2yei8I/view;P30 Measuring the Level of Satisfaction in Patients Receiving Radium-223.;Winner of 3rd Poster Prize and Certificate of Merit;2019;Yes;Events;Posters;;;;;;;;;;;;;;;;;;;;;;;;;;;X;;;
https://drive.google.com/drive/folders/1UUucXpyUWr3rS-m2A_XxtN4Ue9uJDz7B;Posters Spring 2019;https://drive.google.com/file/d/12d6QFfo6RtGaWZSxHnAVFPIzCuFjDhNX/view;P31 Ultrasound and Microbubbles Enhance The Delivery Of A Liposomal Formulation For Targeted Chemo-Radionuclide Therapy;Winner of Certificate of Merit;2019;Yes;Events;Posters;;;;;;;;;;;;;;;;X;;;;;;;;;;;;;;
https://drive.google.com/drive/folders/1UUucXpyUWr3rS-m2A_XxtN4Ue9uJDz7B;Posters Spring 2019;https://drive.google.com/file/d/1KDvMMTNjm8v4fFSq01Z5gWMEZN9pQH8I/view;P32 A Method of Determining When Solid Radioactive Waste can be Considered Very Low Level Waste (VLLW) via Contamination Monitoring;Winner of Certificate of Merit;2019;Yes;Events;Posters;;;;;;;;;;;;;;;;;;;;;;;X;;;;;;;
https://drive.google.com/drive/folders/1UUucXpyUWr3rS-m2A_XxtN4Ue9uJDz7B;Posters Spring 2019;https://drive.google.com/file/d/15oSEXZ3GnyJGITSei8J94UJwFQIPi74G/view;P33 External Dose-Rate Modelling of Radioiodine RRA Patients;;2019;Yes;Events;Posters;;;;;;;;;;;;;;;;;;;;;X;;;;;;;;;
https://drive.google.com/drive/folders/1UUucXpyUWr3rS-m2A_XxtN4Ue9uJDz7B;Posters Spring 2019;https://drive.google.com/file/d/1Pw3VCt5RvzMMstMJJT3tN0LKhNGdvSuX/view;P34 Internal Dosimetry of Common Diagnostic Radionuclide Studies - Initial results from the SOLLID Trial.;;2019;Yes;Events;Posters;;;;;;;;;;;;;;;;;;;;;X;;;;;;;;;
https://drive.google.com/drive/folders/1UUucXpyUWr3rS-m2A_XxtN4Ue9uJDz7B;Posters Spring 2019;https://drive.google.com/file/d/1-oS2R1NqGC-8CKUdNBWURQabdaGPiHg_/view;P35 Deriving Relative Lung Function from SPECT V/Q Scans;;2019;Yes;Events;Posters;;;;;;;;;;;;;X;;;;;;;;;;;;;;;;;
https://drive.google.com/drive/folders/1UUucXpyUWr3rS-m2A_XxtN4Ue9uJDz7B;Posters Spring 2019;https://drive.google.com/file/d/1mRlu1T99wpoMhHiuGHIUNSBF9s3zab4q/view;P36 Phantom Evaluation and Optimisation of OSEM Reconstruction Algorithms on In-111 SPECT Imaging;Winner of Lee Jenkins Memorial Poster Prize and Certificate of Merit;2019;Yes;Events;Posters;;;;;;;;;;;;;;;;;;;;;;X;;;;;;;;
https://drive.google.com/drive/folders/1UUucXpyUWr3rS-m2A_XxtN4Ue9uJDz7B;Posters Spring 2019;https://drive.google.com/file/d/1f2ZMbjYDxekREAihAMTT9omyRQXoveqo/view;P37 Comparison of Wizard 1470 and Hidex AMG Gamma Counters for Measuring Glomerular Filtration Rate Samples;Winner of Certificate of Merit;2019;Yes;Events;Posters;;;;;;;;;X;;;;;;;;;;;;;;;;;;;;;
https://drive.google.com/drive/folders/1UUucXpyUWr3rS-m2A_XxtN4Ue9uJDz7B;Posters Spring 2019;https://drive.google.com/file/d/1brUz5-E1LLMGlKvfXWyM5RRiBC4PpYCb/view;P38 Selecting the Energy Window for Gamma Probe Sensitivity Constancy QC Checks;;2019;Yes;Events;Posters;;;;;;;;;X;;;;;;;;;;;;;;;;;;;;;
https://drive.google.com/drive/folders/1UUucXpyUWr3rS-m2A_XxtN4Ue9uJDz7B;Posters Spring 2019;https://drive.google.com/file/d/1z_mv15rXUh5nVupgju6xq62Qp1bqoBUx/view;P39 Single Sample GFRs: Should There be a Tolerance on the Optimal Sample Time?;;2019;Yes;Events;Posters;;;;;;;;;;;;;;;;;;;;;;;;;;X;;;;
https://drive.google.com/drive/folders/1UUucXpyUWr3rS-m2A_XxtN4Ue9uJDz7B;Posters Spring 2019;https://drive.google.com/file/d/136SD_iW5-T1VV4DOilVUO917YeEoApde/view;P40 FDG Oncology Image Quality Measurements Using FlowMotion in the Biograph Vision PET-CT;;2019;Yes;Events;Posters;;;;;;;;;;;;;;;;;;;;X;;;;;;;;;;
https://drive.google.com/drive/folders/1UUucXpyUWr3rS-m2A_XxtN4Ue9uJDz7B;Posters Spring 2019;https://drive.google.com/file/d/1Mc5e-NnVJ13fLLar49inXYDPmBZl9Axz/view;P41 Preparing a Gamma Counter for Calculating 99mTc-DTPA GFRs;;2019;Yes;Events;Posters;;;;;;;;;;;;;;;;;;;;;;;;;;X;;;;
https://drive.google.com/drive/folders/1UUucXpyUWr3rS-m2A_XxtN4Ue9uJDz7B;Posters Spring 2019;https://drive.google.com/file/d/1gx10RavRoEiu2wyVtmSf2Xlsr9vyowle/view;P42 Comparing the Success Rate for Patients with Graves’ Disease and Toxic Multinodular Goitre who Received Radioiodine Therapy;;2019;Yes;Events;Posters;;;;;;;;;;;;;;;;;;;;;;;;;;;;X;;
https://drive.google.com/drive/folders/1UUucXpyUWr3rS-m2A_XxtN4Ue9uJDz7B;Posters Spring 2019;https://drive.google.com/file/d/199TMDJxiGi2729lAV0yr_HOHVTNPsys_/view;P43 The Effect of SPECT Partial Volume Correction on I-131 Voxel Dosimetry using 3D Printed Inserts;Winner of Certificate of Merit;2019;Yes;Events;Posters;;;;;;;;;;;;;;;;;;;;;X;;;;;;;;;
https://drive.google.com/drive/folders/1UUucXpyUWr3rS-m2A_XxtN4Ue9uJDz7B;Posters Spring 2019;https://drive.google.com/file/d/1J0SWSktzAqP1hgDUSqIMSBIBhucCDRy2/view;P44 Characterisation of a Gamma Camera to Image and Quantify Radium-223;;2019;Yes;Events;Posters;;;;;;;;;X;;;;;;;;;;;;;;;;;;;;;
https://drive.google.com/drive/folders/1UUucXpyUWr3rS-m2A_XxtN4Ue9uJDz7B;Posters Spring 2019;https://drive.google.com/file/d/1uWxImnINb8WLVcP1lHp73pbAPjeloCvK/view;P45 Optimising FDG Activity for PET-MR Whole Body Imaging;;2019;Yes;Events;Posters;;;;;;;;;;;;;;;;;;;;X;;;;;;;;;;
https://drive.google.com/drive/folders/1UUucXpyUWr3rS-m2A_XxtN4Ue9uJDz7B;Posters Spring 2019;https://drive.google.com/file/d/1-_6g8ENj5nZJ8NS36LjOQG6BpxSeWL-m/view;P46 A Comparison of Methods for the Prevention of Contamination of Floors in Bathrooms and Wetrooms Used by Lu-177 Radionuclide Therapy Patients;Winner of Certificate of Merit;2019;Yes;Events;Posters;;;;;;;;;;;;;;;;;;;;;;;X;;;;;;;
https://drive.google.com/drive/folders/1UUucXpyUWr3rS-m2A_XxtN4Ue9uJDz7B;Posters Spring 2019;https://drive.google.com/file/d/1sfL5TyAuknR_lesbX1pXdsmtsyG7j675/view;P47 Radioactive Gel: A Suitable Material for Making Bespoke Phantoms.;;2019;Yes;Events;Posters;;;;;;;;;;;;;;;;;;;;;;X;;;;;;;;
https://drive.google.com/drive/folders/1UUucXpyUWr3rS-m2A_XxtN4Ue9uJDz7B;Posters Spring 2019;https://drive.google.com/file/d/1sZFGGafW5wTYd4rTWsvuvq8FWtEBShpX/view;P48 A Novel 3D Printed Cardiac Phantom for SPECT and PET Imaging;;2019;Yes;Events;Posters;;;;;;;;;;;;;;;;;;;;;;X;;;;;;;;
https://drive.google.com/drive/folders/1UUucXpyUWr3rS-m2A_XxtN4Ue9uJDz7B;Posters Spring 2019;https://drive.google.com/file/d/19NNlpVFuvbUUYORg0h1Co4Eowu7gDnsu/view;P49 A Comparison of Q.Clear and OSEM Using List-Mode resampling to Simulate the Noise in PET;;2019;Yes;Events;Posters;;;;;;;;;;;;;;;;;;;;X;;;;;;;;;;
https://drive.google.com/drive/folders/1UUucXpyUWr3rS-m2A_XxtN4Ue9uJDz7B;Posters Spring 2019;https://drive.google.com/file/d/1jFbLrrRor7qmRHVOID5q_dWNtN2X-TJs/view;P50 Visual Demonstration of Aliasing in Nuclear Medicine Planar Imaging;Winner of Certificate of Merit;2019;Yes;Events;Posters;;;;;;;X;;;;;;;;;;;;;;;;;;;;;;;
https://drive.google.com/drive/folders/1UUucXpyUWr3rS-m2A_XxtN4Ue9uJDz7B;Posters Spring 2019;https://drive.google.com/file/d/1Ck8XU3pvv83blX_U4nEhlWfw90sbLYNm/view;P51 Initial Experience of 99mTc-Tektroyd in Patients with Suspected Neuroendocrine Tumours (NET);;2019;Yes;Events;Posters;;;;;;;;;;;;;;;;;;X;;;;;;;;;;;;
https://drive.google.com/drive/folders/1UUucXpyUWr3rS-m2A_XxtN4Ue9uJDz7B;Posters Spring 2019;https://drive.google.com/file/d/1ALgg4zXqu6NqxPcK8lbceVA7TcRoZWBt/view;P52 18F Sodium Fluoride PET/CT Quantitative Values Relate to the Bone Involvement at the Lumbar Spine and Femoral Region for Alkaptonuria patients.;;2019;Yes;Events;Posters;;X;;;;;;;;;;;;;;;;;;;;;;;;;;;;
https://drive.google.com/drive/folders/1UUucXpyUWr3rS-m2A_XxtN4Ue9uJDz7B;Posters Spring 2019;https://drive.google.com/file/d/1mm5fLqsRXipsjjotMBVOWOx2-hfhCG8n/view;P53 A Tale of two hearts: Myocardial Perfusion Scintigraphy;;2019;Yes;Events;Posters;;;X;;;;;;;;;;;;;;;;;;;;;;;;;;;
https://drive.google.com/drive/folders/1UUucXpyUWr3rS-m2A_XxtN4Ue9uJDz7B;Posters Spring 2019;https://drive.google.com/file/d/1mPtaUGbTdbCJgv8T8mBJdIDEujZ_6CPC/view;P54 Lung Scintigraphy in the Detection of Right-to-left Shunt – A Peculiar Case Report;;2019;Yes;Events;Posters;;;;;;;;;;;;;X;;;;;;;;;;;;;;;;;
https://drive.google.com/drive/folders/1UUucXpyUWr3rS-m2A_XxtN4Ue9uJDz7B;Posters Spring 2019;https://drive.google.com/file/d/1tqGSuJ-T-bfdN-Pz75_Y2kXBwDas1YV2/view;P55 Setting Up Local Dose Reference Limits For Orthopaedic Bone SPECT-CT;Winner of Joint RTNG Poster Prize and Certificate of Merit;2019;Yes;Events;Posters;;X;;;;;;;;;;;;;;;;;;;X;;;;;;;;;
https://drive.google.com/drive/folders/1UUucXpyUWr3rS-m2A_XxtN4Ue9uJDz7B;Posters Spring 2019;https://drive.google.com/file/d/1CyFTe0W9rqVpRb0CUoL6MQ7Dw2gtSt_N/view;P56 68Ga-DOTATATE Uptake in Normal Tissue and NET Lesions after Somatostatin Therapy;Winner of Joint RTNG Poster Prize and Certificate of Merit;2019;Yes;Events;Posters;;;;;;;;;;;;;;;;;;X;;;;;;;;;;;;
https://drive.google.com/drive/folders/1UUucXpyUWr3rS-m2A_XxtN4Ue9uJDz7B;Posters Spring 2019;https://drive.google.com/file/d/1t0Z92ZxHZ2YCCvpmBVIwmGyqmUwMjjah/view;P57 An Extended Syringe Shield Device for the Reduction of Extremity Doses to PET Radiographers / Technologists when Dispensing PET Tracer for Administration to Patients;;2019;Yes;Events;Posters;;;;;;;;;;;;;;;;;;;;;;;X;;;;;;;
https://drive.google.com/drive/folders/1UUucXpyUWr3rS-m2A_XxtN4Ue9uJDz7B;Posters Spring 2019;https://drive.google.com/file/d/19-7YlcXJMEzsPVaTcaUizAl4IVQ1R4ru/view;P58 Unexpected Tc99m-Sestamibi Uptake As Seen On Parathyroid Scintigraphy;;2019;Yes;Events;Posters;;;;;;;;X;;;;;;;;;;;;;;;;;;;;;;
https://drive.google.com/drive/folders/1UUucXpyUWr3rS-m2A_XxtN4Ue9uJDz7B;Posters Spring 2019;https://drive.google.com/file/d/1SQJ72W5rtOA_qGONKnJUquaHaVSWN4a1/view;P59 Investigation into Finger Dosimeter Doses: Are Finger Dosimeter Doses Related to the Activity Handled During Injection by Technologists Working in Nuclear Medicine and PET/CT?;;2019;Yes;Events;Posters;;;;;;;;;;;;;;;;;;;;;;;X;;;;;;;
https://drive.google.com/drive/folders/1UUucXpyUWr3rS-m2A_XxtN4Ue9uJDz7B;Posters Spring 2019;https://drive.google.com/file/d/1bPfoR338GYvuqtzlscnoZjoCW0E2sKEb/view;P60 Validation of Half-time Whole Body Bone Scan Acquisition;Winner of 2nd Student Prize and Certificate of Merit;2019;Yes;Events;Posters;;X;;;;;;;;;;;;;;;;;;;;;;;;;;;;
https://drive.google.com/drive/folders/1UUucXpyUWr3rS-m2A_XxtN4Ue9uJDz7B;Posters Spring 2019;https://drive.google.com/file/d/1BwZcWXio7RU9yUDLbuwVFqQb2ToVICXl/view;P61 Establishing a Standard Uptake Value (SUV) Mean for Liver Uptake in 68Ga-PSMA and 68Ga-Dotatate Imaging;;2019;Yes;Events;Posters;;;;;;;;;;;;;;;;;;;;X;;;;;;;;;;
https://drive.google.com/drive/folders/1UUucXpyUWr3rS-m2A_XxtN4Ue9uJDz7B;Posters Spring 2019;https://drive.google.com/file/d/1UpXElyVYKJhGaEFBU7KmDzfanDgQ8dSz/view;"P62 Achieving the Paper Free Clean Room and Improving Data Trending Through the
Utilisation of an Electronic Quality Management System";;2019;Yes;Events;Posters;;;;;;;;;;;;;;;X;;;;;;;;;;;;;;;
https://drive.google.com/drive/folders/1UUucXpyUWr3rS-m2A_XxtN4Ue9uJDz7B;Posters Spring 2019;https://drive.google.com/file/d/1gjc-qwCxUlM8QV1JyCRolSeG3VlWIgh3/view;P63 Factors Affecting I-131 and Tc-99m Thyroid Uptakes in Benign Thyroid Disease.;;2019;Yes;Events;Posters;;;;;;;;;;;;;;;;;;;;;;;;;;;;X;;
https://drive.google.com/drive/folders/1qeplfSrWRwbUbng7JI1RKzwQcCfBz317;Posters Autumn 2018;https://drive.google.com/file/d/1bfBehMOraRjpdlGGRh8u2NufQSjvv4iF/view;P01 Do You Need Legs?;;2018;Yes;Events;Posters;;;;;;;;;;;;;;;;;;X;;;;;;;;;;;;
https://drive.google.com/drive/folders/1qeplfSrWRwbUbng7JI1RKzwQcCfBz317;Posters Autumn 2018;https://drive.google.com/file/d/1-fl9QBLdpD6JduBNnx0XEDau8i4PPh-p/view;P02 Pictorial Review of Incidental Musculoskeletal Pathology on PET/CT;;2018;Yes;Events;Posters;;X;;;;;;;;;;;;;;;;;;;;;;;;;;;;
https://drive.google.com/drive/folders/1qeplfSrWRwbUbng7JI1RKzwQcCfBz317;Posters Autumn 2018;https://drive.google.com/file/d/15ByPKTKFQBdvEfHi08jsHDV4q0aLEoE0/view;P03 Parathyroid Scintigraphy: An Investigation into the Optimal Timing of SPECT/CT to Demonstrate Parathyroid Adenomas;;2018;Yes;Events;Posters;;;;;;;;X;;;;;;;;;;;;;;;;;;;;;;
https://drive.google.com/drive/folders/1qeplfSrWRwbUbng7JI1RKzwQcCfBz317;Posters Autumn 2018;https://drive.google.com/file/d/1PK-9reZlcDmbThb8wgavym_w1SNZY8j6/view;P04 Patient Outcomes Following Nuclear Medicine Gastric Emptying Studies;;2018;Yes;Events;Posters;;;;;;;;;;X;;;;;;;;;;;;;;;;;;;;
https://drive.google.com/drive/folders/1qeplfSrWRwbUbng7JI1RKzwQcCfBz317;Posters Autumn 2018;https://drive.google.com/file/d/1QTFvZg-oOBE3D7icp_3mfM2br4XOE3ig/view;P05 Semi-Quantification of Dopamine Transporter SPECT Scans using BRASS and DaTQUANT;;2018;Yes;Events;Posters;;;;;;;;;;;;;;;;;X;;;;;;;;;;;;;
https://drive.google.com/drive/folders/1qeplfSrWRwbUbng7JI1RKzwQcCfBz317;Posters Autumn 2018;https://drive.google.com/file/d/1zH9vDo8ZMNeTBLuItJxqncFUGiL2EGCM/view;P06 A Direct Quantitative Comparison of PETMR to PETCT for Brain Scans of Patients with Dementia;;2018;Yes;Events;Posters;;;;;;;;;;;;;;;;;X;;;;;;;;;;;;;
https://drive.google.com/drive/folders/1qeplfSrWRwbUbng7JI1RKzwQcCfBz317;Posters Autumn 2018;https://drive.google.com/file/d/1q2UsrOM8Cp3HqE1c0W3LQfbH3veTviZu/view;P07 Non-invasive Detection of Transthyretin-related Cardiac Amyloidosis by 99mTc-PYP Scintigraphy;;2018;Yes;Events;Posters;;;X;;;;;;;;;;;;;;;;;;;;;;;;;;;
https://drive.google.com/drive/folders/1qeplfSrWRwbUbng7JI1RKzwQcCfBz317;Posters Autumn 2018;https://drive.google.com/file/d/19js9zWk3sLZVHDoAxX7AqNrkVRMO-wB-/view;P08 Uterine Leiomyoma: Incidental Finding upon 99mTc-EDDA/HYNIC-TOC Investigation;;2018;Yes;Events;Posters;;;;;;;;;;;;;;;;;;X;;;;;;;;;;;;
https://drive.google.com/drive/folders/1qeplfSrWRwbUbng7JI1RKzwQcCfBz317;Posters Autumn 2018;https://drive.google.com/file/d/1QwJEWdPfIKdE8-Yb9IZd6xCf9Hur45eO/view;P11 The Role of 18F FDG PET CT in Assessing Recurrent Cervical Malignancy;;2018;Yes;Events;Posters;;;;;;;;;;;;;;;;;;X;;;;;;;;;;;;
https://drive.google.com/drive/folders/1qeplfSrWRwbUbng7JI1RKzwQcCfBz317;Posters Autumn 2018;https://drive.google.com/file/d/1OTifZFzsTh6B0wNim9X1wNej0C4euhFA/view;P13 A Pilot Study to Qualitatively and Quantitatively Determine the Impact of a 2 minute per Bed Position Scan Time on 18F-flurodeoxyglucose (18F-FDG) Uptake in Clinical PET/CT Wholebody Images;;2018;Yes;Events;Posters;;;;;;;;;;;;;;;;;;;;X;;;;;;;;;;
https://drive.google.com/drive/folders/1qeplfSrWRwbUbng7JI1RKzwQcCfBz317;Posters Autumn 2018;https://drive.google.com/file/d/1VvaCroNTOLH2CdZmC2S7lyosSyJpYXRL/view;P14 The Renaissance of Thallium SPECT in Neuro-Oncology: A Pictorial Review of Radiation Necrosis Versus Tumour Recurrence;;2018;Yes;Events;Posters;;;;;;;;;;;;;;;;;X;;;;;;;;;;;;;
https://drive.google.com/drive/folders/1qeplfSrWRwbUbng7JI1RKzwQcCfBz317;Posters Autumn 2018;https://drive.google.com/file/d/1IfEX_DRstvrkRkzHjMjP5tOOGcIkCaQt/view;P15 Conducting a Hybrid I-123 MIBG SPECT/CT Radiotherapy Planning CT Scan: Newcastle's Experience;;2018;Yes;Events;Posters;;;;;;;;;;;;;;;;X;;;;;;;;;;;;;;
https://drive.google.com/drive/folders/1qeplfSrWRwbUbng7JI1RKzwQcCfBz317;Posters Autumn 2018;https://drive.google.com/file/d/1Kr9s0OF0HaFWbhm92z55SsmLJ1IEJLVx/view;P16 Reviewing 6 years of SeHCAT Studies: How Many SeHCAT Studies are Positive for Bile Acid Malabsorption?;;2018;Yes;Events;Posters;;;;;;;;;;X;;;;;;;;;;;;;;;;;;;;
https://drive.google.com/drive/folders/1qeplfSrWRwbUbng7JI1RKzwQcCfBz317;Posters Autumn 2018;https://drive.google.com/file/d/1ERE0e-mfonONPupkrg8BlV_xhE0MM-p-/view;P17 Commissioning and Evaluation of the Performance of GE Discovery 530c. A Solid State Multi-pinhole Dedicated Cardiac Camera.;;2018;Yes;Events;Posters;;;;;;;;;X;;;;;;;;;;;;;;;;;;;;;
https://drive.google.com/drive/folders/1qeplfSrWRwbUbng7JI1RKzwQcCfBz317;Posters Autumn 2018;https://drive.google.com/file/d/1rGhH6rVRrjWIyaAbaAeMmgINsowr2-27/view;P18 Detectability of Small Objects in PET/CT Phantom Images with Bayesian Penalised Likelihood Reconstruction (BPLR);;2018;Yes;Events;Posters;;;;;;;;;;;;;;;;;;;;;;X;;;;;;;;
https://drive.google.com/drive/folders/1qeplfSrWRwbUbng7JI1RKzwQcCfBz317;Posters Autumn 2018;https://drive.google.com/file/d/12-GpOht3tHjaeVX88dPNDLSUR0uzO0pw/view;"P19 CT Dose Modulation in PET/CT; Is it Working Satisfactorily?";;2018;Yes;Events;Posters;;;;;;;;;;;;;;;;;;;;;X;;;;;;;;;
https://drive.google.com/drive/folders/1qeplfSrWRwbUbng7JI1RKzwQcCfBz317;Posters Autumn 2018;https://drive.google.com/file/d/1LQ1gC-yZB2HRhJb2JxX8vLzMPKxCKrXT/view;"P20 ""Knee to Know"" A Novel Method for Reducing Finger Dose, Waste and Contamination from Yttrium During Radiation Synovectomies of the Knee";;2018;Yes;Events;Posters;;;;;;;;;;;;;;;;;;;;;;;X;;;;;;;
https://drive.google.com/drive/folders/1qeplfSrWRwbUbng7JI1RKzwQcCfBz317;Posters Autumn 2018;https://drive.google.com/file/d/1EPBnPabccgPGODharld9rsRkOsLe1ZIy/view;P21 Individualised Advice Regarding Breastfeeding and Close Contact Following the Administration of In111-Pentetreotide;;2018;Yes;Events;Posters;;;;;;;;;;;;;;;;;;;;;;;X;;;;;;;
https://drive.google.com/drive/folders/1qeplfSrWRwbUbng7JI1RKzwQcCfBz317;Posters Autumn 2018;https://drive.google.com/file/d/1M8VWJfmesTGzP2jEPz7voAn7_N45MSlg/view;P22 Experience the Unforgettable;;2018;Yes;Events;Posters;;;;X;;;;;;;;;;;;;;;;;;;;;;;;;;
https://drive.google.com/drive/folders/1qeplfSrWRwbUbng7JI1RKzwQcCfBz317;Posters Autumn 2018;https://drive.google.com/file/d/10Bh0BioV9tEtr5lk2rF0Mv3qUdbFvmM7/view;P23 Epidemiological Profile and Therapeutic Efficiency of Iodine-131 in The management of Hyperthyroidism: About 208 Patients;;2018;Yes;Events;Posters;;;;;;;;;;;;;;;;;;;;;;;;;;;;X;;
https://drive.google.com/drive/folders/1qeplfSrWRwbUbng7JI1RKzwQcCfBz317;Posters Autumn 2018;https://drive.google.com/file/d/1pK9meVjciYwsSvlnWLNmExcZ5EUB8s67/view;P24 Therapeutic Application of Radium-223-dichloride in Patients with Castration-resistant Prostate Cancer: Single Center Experience;;2018;Yes;Events;Posters;;;;;;;;;;;;;;;;;;;;;;;;;;;X;;;
https://drive.google.com/drive/folders/1qeplfSrWRwbUbng7JI1RKzwQcCfBz317;Posters Autumn 2018;https://drive.google.com/file/d/1VwMJbvZjowRsQ9duCdRnmqwINWm3kIfg/view;P25 A Comparison of I-131 and Tc-99m Pertechnetate Thyroid Uptake Results in Benign Thyroid Disease.;;2018;Yes;Events;Posters;;;;;;;;;;;;;;;;;;;;;;;;;;;;X;;
https://drive.google.com/drive/folders/1qeplfSrWRwbUbng7JI1RKzwQcCfBz317;Posters Autumn 2018;https://drive.google.com/file/d/1f8s8NjiAINkwx2k6eHdUROCywtyZ2VLB/view;P26 Radioactively Labeled Ramucirumab: In Vitro Binding and Internalization Studies in VEGFR-2 Positive Cells;;2018;Yes;Events;Posters;;;;;;;;;;;;;;;;;;;;;;;;X;;;;;;
https://drive.google.com/drive/folders/1qeplfSrWRwbUbng7JI1RKzwQcCfBz317;Posters Autumn 2018;https://drive.google.com/file/d/1mznCSEiC1O5D8bbfcvBCBuMydf_O5zB7/view;P27 Quantitative Analysis Using TC99m DMSA SPECT/CT in the Detection of Hypertensive and Diabetic Kidney Disease;;2018;Yes;Events;Posters;;;;;;;;;;;;;;;;;;;;;;;;;;X;;;;
https://drive.google.com/drive/folders/1wTCbu6pXH8uA2WVtYdhnYIRJ6fdIp4Ui;Posters Spring 2018;https://drive.google.com/file/d/0B6AOxJnEpZPbeWRhWEpOdW03Z19rOGtoYjRrUWtnQ0tlcTJZ/view?resourcekey=0-0GsJJ1L_aF3SS3GMOXGtAQ;P01 Appropriate Use of Bone Scintigraphy in Staging Prostate Cancer?;;2018;Yes;Events;Posters;;;;;;;;;;;;;;;;;;X;;;;;;;;;;;;
https://drive.google.com/drive/folders/1wTCbu6pXH8uA2WVtYdhnYIRJ6fdIp4Ui;Posters Spring 2018;https://drive.google.com/file/d/0B6AOxJnEpZPbUHJ2aTJHYTFqQXhMWEdCUWlkQ3daeXJOYU9v/view?resourcekey=0-O4gNsDzsml52YZuRFLNQKw;P02 Validation and Implementation of the Klarity Vaccum Cushion for Immobilisation in Musculoskeletal SPECT/CT;;2018;Yes;Events;Posters;;;;;;;;;X;;;;;;;;;;;;;;;;;;;;;
https://drive.google.com/drive/folders/1wTCbu6pXH8uA2WVtYdhnYIRJ6fdIp4Ui;Posters Spring 2018;https://drive.google.com/file/d/0B6AOxJnEpZPbQ2JFbF8tUGEyWkFlMGNWMkZaWV9ZMHVwZjY4/view?resourcekey=0-VQUcdpvF2T2H4Sd1xL3-Ig;P03 Partially Calcified Lungs Metastases on TC-99m MDP Bone Scan Mimicking Rib Metastases in Breast Cancer;;2018;Yes;Events;Posters;;;;;;;;;;;;;X;;;;;;;;;;;;;;;;;
https://drive.google.com/drive/folders/1wTCbu6pXH8uA2WVtYdhnYIRJ6fdIp4Ui;Posters Spring 2018;https://drive.google.com/file/d/1dLx6Fb97dz9JKwI6U3EhjBN1KCK5Kzaw/view;P05 Improving a Ventilation/Perfusion Single-Photon Emission Computed Tomography Service Through Continuous Service Evaluation;;2018;Yes;Events;Posters;;;;;;;;;;;;;;X;;;;;;;;;;;;;;;;
https://drive.google.com/drive/folders/1wTCbu6pXH8uA2WVtYdhnYIRJ6fdIp4Ui;Posters Spring 2018;https://drive.google.com/file/d/0B6AOxJnEpZPbWUZjcWVuOEdnVFVBOXBoWEh0MlV4Y3Y4U21n/view?resourcekey=0-rPS4UQOWFAM2a2xc6ow-Qw;P06 Investigation into the Contamination Hazard Associated with Technegas Administration;;2018;Yes;Events;Posters;;;;;;;;;;;;;;;;;;;;;;;X;;;;;;;
https://drive.google.com/drive/folders/1wTCbu6pXH8uA2WVtYdhnYIRJ6fdIp4Ui;Posters Spring 2018;https://drive.google.com/file/d/0B6AOxJnEpZPbQzdvUVVwLVVsOGwyTmZ6T3gwd3BEcVUwQ2R3/view?resourcekey=0-ARb-4D2eVbQabTlbctIGuA;P07 The Utility of Siemens’ Low-Penetration High-Resolution Collimators for Simultaneous 81mKr/99mTc SPECT Ventilation/Perfusion Scintigraphy;;2018;Yes;Events;Posters;;;;;;;;;;;;;X;;;;;;;;;;;;;;;;;
https://drive.google.com/drive/folders/1wTCbu6pXH8uA2WVtYdhnYIRJ6fdIp4Ui;Posters Spring 2018;https://drive.google.com/file/d/1mW6ni_s6JckF5DFQ2ZY8qSUxZ7C8N6Zk/view;P09 PET/MRI for Assessment of Suspected Cardiac Mass: Role of Simultaneously Acquired MRI for Motion Correction of PET Images;;2018;Yes;Events;Posters;;;X;;;;;;;;;;;;;;;;;;;;;;;;;;;
https://drive.google.com/drive/folders/1wTCbu6pXH8uA2WVtYdhnYIRJ6fdIp4Ui;Posters Spring 2018;https://drive.google.com/file/d/1FKoyWkCOzaBgPJ2jW6XQVc3s9JLxOne8/view;P10 The Role of Integrated Slice-by-slice Shimming (iShim) for Diffusion Weighted Imaging in Whole Body PET/MRI;;2018;Yes;Events;Posters;;;;;;;;;;;;;;;;;;;;X;;;;;;;;;;
https://drive.google.com/drive/folders/1wTCbu6pXH8uA2WVtYdhnYIRJ6fdIp4Ui;Posters Spring 2018;https://drive.google.com/file/d/0B6AOxJnEpZPbdldfbUlBenJySWdtMW9CX3E1b0pUVEN0aDh3/view?resourcekey=0-pg5puM8NBvy360-HqPqaFw;P11 PET Acquisition Time Optimisation using Q.Clear and Time of Flight Reconstructions;;2018;Yes;Events;Posters;;;;;;;;;;;;;;;;;;;;X;;;;;;;;;;
https://drive.google.com/drive/folders/1wTCbu6pXH8uA2WVtYdhnYIRJ6fdIp4Ui;Posters Spring 2018;https://drive.google.com/file/d/0B6AOxJnEpZPbaVhpQkVnRGc5RVZsY3VDVzd3ZHVUeUx4Y3dR/view?resourcekey=0-7VFB46c4lIF6zHHj5FwPmQ;P12 Comparison of Q-clear (Bayesian Penalise Likelihood (BPL) and VPHD (TOF Ordered Subset Expectation Maximisation (OSEM) Reconstruction Algorithms in Evaluating Metastatic Prostate Cancer on F18-choline PET/CT Study.;;2018;Yes;Events;Posters;;;;;;;;;;;;;;;;;;X;;;;;;;;;;;;
https://drive.google.com/drive/folders/1wTCbu6pXH8uA2WVtYdhnYIRJ6fdIp4Ui;Posters Spring 2018;https://drive.google.com/file/d/0B6AOxJnEpZPbbnUxQUNoa1lqNEszcVVyaGlxQmlGaHhlRTVV/view?resourcekey=0-rUyYaPNhXsjBpigJ8UhYQg;P13 The Imaging of Prostate Cancer Using 18F-Choline PET-CT;;2018;Yes;Events;Posters;;;;;;;;;;;;;;;;;;X;;;;;;;;;;;;
https://drive.google.com/drive/folders/1wTCbu6pXH8uA2WVtYdhnYIRJ6fdIp4Ui;Posters Spring 2018;https://drive.google.com/open?id=0B6AOxJnEpZPbRXNkRmxwWm5KR3I1NGszQXdYdmhicTVTSnJR&authuser=0&resourcekey=0-2DdB_j-NuMaUjH8U1o-Osw;P14 The Thigh’s the Limit A Pictorial Review;;2018;Yes;Events;Posters;;X;;;;;;;;;;;;;;;;;;;;;;;;;;;;
https://drive.google.com/drive/folders/1wTCbu6pXH8uA2WVtYdhnYIRJ6fdIp4Ui;Posters Spring 2018;https://drive.google.com/file/d/0B6AOxJnEpZPbUGNfRUpHSGp0eVFuaTdnOUl5NEl4RmVUMHZB/view?resourcekey=0-inteU5yyBP6v2bk0rFpOkA;P15 Pictorial Representation of the Causes of 18F-Fluorodeoxyglucose (FDG) Uptake on Positron Emission Tomography-Computed Tomography (PET-CT) Within the Spinal Canal.;;2018;Yes;Events;Posters;;;;;;;;;;;;;;;;;X;;;;;;;;;;;;;
https://drive.google.com/drive/folders/1wTCbu6pXH8uA2WVtYdhnYIRJ6fdIp4Ui;Posters Spring 2018;https://drive.google.com/file/d/0B6AOxJnEpZPbNmlCY1JDOVZnT0NXQnpIcnRxTkU4bXp2VnVz/view?usp=drive_open&resourcekey=0-HWloviRRaPQHkJT6cYZloA;P16 Use of 18F-Fluorodeoxyglucose PET-CT Imaging in the Investigation of Multiple Myeloma (MM) at University Hospitals of Leicester (UHL).;;2018;Yes;Events;Posters;;;;;;;;;;;X;;;;;;;;;;;;;;;;;;;
https://drive.google.com/drive/folders/1wTCbu6pXH8uA2WVtYdhnYIRJ6fdIp4Ui;Posters Spring 2018;https://drive.google.com/file/d/0B6AOxJnEpZPbOVdRd3dudHV3YUoyOVRWSjdCWE15dk85MGdn/view?resourcekey=0--KJbhQDI2oYY2atB4lczpA;P17 Myocardial Suppression in FDG PET-CT in Infective Endocarditis: A Single Site Experience in Patient Preparation;Winner of RTNG Poster Prize;2018;Yes;Events;Posters;;;X;;;;;;;;;;;;;;;;;;;;;;;;;;;
https://drive.google.com/drive/folders/1wTCbu6pXH8uA2WVtYdhnYIRJ6fdIp4Ui;Posters Spring 2018;https://drive.google.com/file/d/0B6AOxJnEpZPbVnZ6QkJHRTlKR2pRdFBVbFA3b2hZTHNHcmxv/view?resourcekey=0-ewKU0hPM8jHcijY_bh34TQ;P18 The Influence of Metformin on Physiological Bowel Uptake of 18F-FDG, and the Effect of its Withdrawal Prior to PET/CT Scanning.;;2018;Yes;Events;Posters;;;;;;;;X;;;;;;;;;;;;;;;;;;;;;;
https://drive.google.com/drive/folders/1wTCbu6pXH8uA2WVtYdhnYIRJ6fdIp4Ui;Posters Spring 2018;https://drive.google.com/open?id=0B6AOxJnEpZPbMk5uXzZ5R1BWWXczMEFOSHhCTC14WU9vcTlF&authuser=0&resourcekey=0-pMUJJ9grkVD6CJliSGQNPg;P19 Nodal metastases, lymphoma or just? FDG-PET/CT Findings of the Great Granulomatous Imitator;;2018;Yes;Events;Posters;;;;;;;;;;;;X;;;;;;;;;;;;;;;;;;
https://drive.google.com/drive/folders/1wTCbu6pXH8uA2WVtYdhnYIRJ6fdIp4Ui;Posters Spring 2018;https://drive.google.com/file/d/1ST3_-Apzo5YzwbMSNR5fHWEmp4CE7Dxk/view;P24 Pulmonary Neuroendocrine Tumours : A Case and a Review of the Histological Classification and the Role of FDG PET-CT;;2018;Yes;Events;Posters;;;;;;;;;;;;;X;;;;;;;;;;;;;;;;;
https://drive.google.com/drive/folders/1wTCbu6pXH8uA2WVtYdhnYIRJ6fdIp4Ui;Posters Spring 2018;https://drive.google.com/file/d/0B6AOxJnEpZPbOW5vM2xMVmpTMl9IYXRhU2RsdzdoM1d3Szkw/view?resourcekey=0-GhKBZMfrAV_GCUqUl1HW6g;P25 Indium-111 Pentetreotide Avid Diffuse Bone Metastases Mimicking the Appearance of Free Indium;;2018;Yes;Events;Posters;;X;;;;;;;;;;;;;;;;;;;;;;;;;;;;
https://drive.google.com/drive/folders/1wTCbu6pXH8uA2WVtYdhnYIRJ6fdIp4Ui;Posters Spring 2018;https://drive.google.com/file/d/0B6AOxJnEpZPbaDFFVU9sWkRUS1NMX1RyMGdlQU5nTlRFd05v/view?resourcekey=0-ck0Zy-wUCWBFsQ60EXX7oQ;P28 Safe Hospital Discharge of Day-case Patients Treated with Low Dose (1100MBq) RaI;;2018;Yes;Events;Posters;;;;;;;;;;;;;;;;;;;;;;;X;;;;;;;
https://drive.google.com/drive/folders/1wTCbu6pXH8uA2WVtYdhnYIRJ6fdIp4Ui;Posters Spring 2018;https://drive.google.com/file/d/0B6AOxJnEpZPbYzdENk5KQzZ6SHlxeHE2dzV0My1nblhLRERj/view?resourcekey=0-v4G2acZESHCRZw7_xcb9Bg;P29 Setting up a New Radiosynoviorthesis Paediatric Service;;2018;Yes;Events;Posters;;;;;;;;;;;;;;;;;;;X;;;;;;;;;;;
https://drive.google.com/drive/folders/1wTCbu6pXH8uA2WVtYdhnYIRJ6fdIp4Ui;Posters Spring 2018;https://drive.google.com/file/d/0B6AOxJnEpZPbcjRnLUkxOWJscmVtSXB3UnFsM2xZRm5xOEZN/view?resourcekey=0-xNzVS08AnSYpBi2MC5EOpw;P30 A CASE REPORT Radiation Synovectomy for Treatment of Haemophilic Synovitis in Paediatric Patients: An Approach to Scaling Administered Activity;;2018;Yes;Events;Posters;;;;;;;;;;;;;;;;;;;;;;;X;;;;;;;
https://drive.google.com/drive/folders/1wTCbu6pXH8uA2WVtYdhnYIRJ6fdIp4Ui;Posters Spring 2018;https://drive.google.com/file/d/1ce-Ka-sqQz25yL7mfYj5nG0luqwoRy4r/view;P31 Optimisation Of Radiation Protection Techniques During Selective Internal Radiation Therapy (SIRT);;2018;Yes;Events;Posters;;;;;;;;;;;;;;;;;;;;;;;X;;;;;;;
https://drive.google.com/drive/folders/1wTCbu6pXH8uA2WVtYdhnYIRJ6fdIp4Ui;Posters Spring 2018;https://drive.google.com/file/d/0B6AOxJnEpZPbbFM0YTFlM3YwVVREWHVzMnc2YmQ0aVlSTEc0/view?resourcekey=0-nePRgUiYsXT7HnOsTOiJxA;P32 Investigation Into Lung Shunt Fraction Calculations From SPECT/CT and Planar Scintigraphy for Pre-Therapy SIRT Patients;;2018;Yes;Events;Posters;;;;;;;;;;;;;;;;X;;;;;;;;;;;;;;
https://drive.google.com/drive/folders/1wTCbu6pXH8uA2WVtYdhnYIRJ6fdIp4Ui;Posters Spring 2018;https://drive.google.com/file/d/0B6AOxJnEpZPbTVNzMmlJY2VaMGJWdncteEh0U1NJcmhFV1BJ/view?resourcekey=0-LMEboE3PA4-pqtiVhnLEJw;P33 Selective Internal Radiation Therapy 99mTc-MAA and 90Y SPECT/CT Dose Volume Histogram Agreement;;2018;Yes;Events;Posters;;;;;;;;;;;;;;;;X;;;;;;;;;;;;;;
https://drive.google.com/drive/folders/1wTCbu6pXH8uA2WVtYdhnYIRJ6fdIp4Ui;Posters Spring 2018;https://drive.google.com/file/d/0B6AOxJnEpZPbSWhpcVR1QzRrUzZUYWlxV2hQU3g3Y0NubzVB/view?resourcekey=0-GArziuhybfRkcU3E8woUkg;P34 Renograms: A Comparison of Cardiac and Spleen Vascular Background Regions;Winner of 1st Poster Prize;2018;Yes;Events;Posters;;;;;;;;;;;;;;;;;;;;;;;;;;X;;;;
https://drive.google.com/drive/folders/1wTCbu6pXH8uA2WVtYdhnYIRJ6fdIp4Ui;Posters Spring 2018;https://drive.google.com/file/d/0B6AOxJnEpZPbSDM5aGtleWZXclhyTV9SN0ZFRWVoZktNMWxj/view?resourcekey=0-7spl_Zlyl5kV-3lNJMDHyA;P35 Logistical Considerations of Doing a Different GFR Protocol for Patients with Oedema;;2018;Yes;Events;Posters;;;;;;;;;;;;;;;;;;;;;;;;;;X;;;;
https://drive.google.com/drive/folders/1wTCbu6pXH8uA2WVtYdhnYIRJ6fdIp4Ui;Posters Spring 2018;https://drive.google.com/open?id=0B6AOxJnEpZPbc2o3azJWdlJzaVFsZllCaXJJSFVsSndQaGdn&authuser=0&resourcekey=0-3UUBnvMcEBGq40Zs34giKQ;P36 A Reference Range for the Terminal Half-life in Glomerular Filtration Rate Calculations;;2018;Yes;Events;Posters;;;;;;;;;;;;;;;;;;;;;;;;;;X;;;;
https://drive.google.com/drive/folders/1wTCbu6pXH8uA2WVtYdhnYIRJ6fdIp4Ui;Posters Spring 2018;https://drive.google.com/file/d/0B6AOxJnEpZPbYlVnZ1drMmxlR1dFTDdoSFJmQjB4NW1hZG5N/view?resourcekey=0-bdCCf4RUNCVHzQbqisGXrA;P37 Relationship Between Estimated GFR and Slope-intercept and Single-sample 51Cr-EDTA GFR;Winner of 2nd Poster Prize;2018;Yes;Events;Posters;;;;;;;;;;;;;;;;;;;;;;;;;;X;;;;
https://drive.google.com/drive/folders/1wTCbu6pXH8uA2WVtYdhnYIRJ6fdIp4Ui;Posters Spring 2018;https://drive.google.com/file/d/0B6AOxJnEpZPbUFBncUdsNWhVbTh0X3EzQWl4T3VFbUhHX2Rz/view?resourcekey=0-Z8qltxqmgtRflCKiSPnvVw;P38 Gastric Emptying: Does the Distribution of Activity in the Stomach Affect Function?;;2018;Yes;Events;Posters;;;;;;;;;;X;;;;;;;;;;;;;;;;;;;;
https://drive.google.com/drive/folders/1wTCbu6pXH8uA2WVtYdhnYIRJ6fdIp4Ui;Posters Spring 2018;https://drive.google.com/file/d/0B6AOxJnEpZPbX0QwXzU3alVBQm9OTnJWSmhsUDMzREdJNTNV/view?resourcekey=0-xTqB-HEZFzigx2N34iFltQ;P40 Improving Reporting Confidence By Ruling out Extravasation in DATScan;;2018;Yes;Events;Posters;;;;;;;;;;;;;;;;;X;;;;;;;;;;;;;
https://drive.google.com/drive/folders/1wTCbu6pXH8uA2WVtYdhnYIRJ6fdIp4Ui;Posters Spring 2018;https://drive.google.com/file/d/0B6AOxJnEpZPbQ2RmZ05ueFkxNHlvMzl1YWhlLWJIWEtCR1BB/view?resourcekey=0-lZZu33GLMsySHAPY5X_tWg;P41Assessment of Reliability of Communication via Post for Nuclear Medicine Bookings;Winner of 3rd Poster Prize;2018;Yes;Events;Posters;;;;;;;;;;;;;;;X;;;;;;;;;;;;;;;
https://drive.google.com/drive/folders/1wTCbu6pXH8uA2WVtYdhnYIRJ6fdIp4Ui;Posters Spring 2018;https://drive.google.com/file/d/0B6AOxJnEpZPbVXhhd2FkVExQSVp6RkZfOEx4SFR1VEhNSFRj/view?resourcekey=0-gGaF-3fupq-tS52HXxJwmw;P42 Validation of Molybdenum Breakthrough using a Sample Counter;;2018;Yes;Events;Posters;;;;;;;;;;;;;;;;;;;;;;;;;X;;;;;
https://drive.google.com/drive/folders/1wTCbu6pXH8uA2WVtYdhnYIRJ6fdIp4Ui;Posters Spring 2018;https://drive.google.com/file/d/0B6AOxJnEpZPbWjdNZEFOWHpXdlA0VHNOdTYzSGxhQXk0WTc0/view?resourcekey=0-LtB94oMWbaVf8RYtUzsErg;P43 To Flush or not to Flush? How Important is it to Flush Injection Syringes When Using a Cannula?;;2018;Yes;Events;Posters;;;;;;;;;;;;;;;;;;;;;;;;;;;;;X;
https://drive.google.com/drive/folders/1wTCbu6pXH8uA2WVtYdhnYIRJ6fdIp4Ui;Posters Spring 2018;https://drive.google.com/file/d/0B6AOxJnEpZPbWnBxOGNSQWJfb2VFVHowYnRvNk1QOW1HNDNv/view?resourcekey=0-0blKQTiTTJFpXWZS6eodyA;P44 Staff Dose Reduction Techniques Used in a Busy Nuclear Medicine, PET-CT and Radionuclide Therapy Department;;2018;Yes;Events;Posters;;;;;;;;;;;;;;;;;;;;;;;X;;;;;;;
https://drive.google.com/drive/folders/1wTCbu6pXH8uA2WVtYdhnYIRJ6fdIp4Ui;Posters Spring 2018;https://drive.google.com/file/d/0B6AOxJnEpZPbcEN4ektoTHd2WVpPbXVUemNHYmtVUFRsSkhz/view?resourcekey=0-vgj8pqOcm3W5ooAoZqqclA;P45 Implementation of an Automated Dispenser/Injector in PET;;2018;Yes;Events;Posters;;;;;;;;;X;;;;;;;;;;;;;;;;;;;;;
https://drive.google.com/drive/folders/1wTCbu6pXH8uA2WVtYdhnYIRJ6fdIp4Ui;Posters Spring 2018;https://drive.google.com/file/d/16_svuPMkP044b-cy2URfNa-hd3K3q6ve/view;P46 Evaluating The Effectiveness Of Different Types Of Syringe Shields Using SPECT-CT Imaging;;2018;Yes;Events;Posters;;;;;;;;;;;;;;;;;;;;;;;X;;;;;;;
https://drive.google.com/drive/folders/1wTCbu6pXH8uA2WVtYdhnYIRJ6fdIp4Ui;Posters Spring 2018;https://drive.google.com/file/d/0B6AOxJnEpZPbekR5TTFKQWlqSkJLclhUMEhIdTFMLXc2QURZ/view?resourcekey=0-plUQANC3ijBfk70BePHT1A;P47 Effect of EPI Heating on PET Scanner Performance for Brain Research Studies Using the Siemens mMR Scanner;;2018;Yes;Events;Posters;;;;;;;;;;;;;;;;;;;;;;X;;;;;;;;
https://drive.google.com/drive/folders/1wTCbu6pXH8uA2WVtYdhnYIRJ6fdIp4Ui;Posters Spring 2018;https://drive.google.com/file/d/0B6AOxJnEpZPbT1lSVFR1dFVUU3d1VXQtVm5Sd2JHcTFhb1k4/view?resourcekey=0--iNjdICCLfP8oX2pw_BXRQ;P48 GE Discovery MI DR PET/CT Performance Evaluation;Winner of Multimodality Poster Prize;2018;Yes;Events;Posters;;;;;;;;;X;;;;;;;;;;;;;;;;;;;;;
https://drive.google.com/drive/folders/1wTCbu6pXH8uA2WVtYdhnYIRJ6fdIp4Ui;Posters Spring 2018;https://drive.google.com/file/d/0B6AOxJnEpZPbZ19KQWdueGEyZks1UVdkU0VoT2drWmxKOFFz/view?resourcekey=0-eeR9KLXPEfEYfUkJse5_5w;P49 Variation of Contrast Recovery with Tangential and Radial Position Within a NEMA Image Quality Phantom;Winner of Lee Jenkins Memorial Poster Prize;2018;Yes;Events;Posters;;;;;;;;;;;;;;;;;;;;;;X;;;;;;;;
https://drive.google.com/drive/folders/1wTCbu6pXH8uA2WVtYdhnYIRJ6fdIp4Ui;Posters Spring 2018;https://drive.google.com/file/d/0B6AOxJnEpZPbbkl1V2pySFdfNW9xR1NVTEpGUU9HUUh0bXp3/view?resourcekey=0-Y9xusNQptRTDiwU-lQY-ZA;P51 The Impact of Phantom Geometry on SPECT Calibration;;2018;Yes;Events;Posters;;;;;;;;;;;;;;;;;;;;;;X;;;;;;;;
https://drive.google.com/drive/folders/0B6AOxJnEpZPbdWxNX2ZmbGt3TzQ?resourcekey=0-4NllD8k8-toG0NKcw43tlg;Posters Autumn 2017;https://drive.google.com/file/d/0B6AOxJnEpZPbLTR0dFk3ZWM0Zzg/view?resourcekey=0-WkGrCfKIrFms7g-KatHP0A;P01 How Can we Improve the Patient Experience of Nuclear Medicine Hybrid Imaging (HI) Procedures? A Systematic Review of the Evidence.;;2017;Yes;Events;Posters;;;;;;;;;;;;;;X;;;;;;;;;;;;;;;;
https://drive.google.com/drive/folders/0B6AOxJnEpZPbdWxNX2ZmbGt3TzQ?resourcekey=0-4NllD8k8-toG0NKcw43tlg;Posters Autumn 2017;https://drive.google.com/file/d/0B6AOxJnEpZPbcFNpcHp0MzRtTkk/view?resourcekey=0-zvk7WsEjiGqXpP1egy-Jtw;P03 Further Investigations and Incidental Findings Following PET-CT;;2017;Yes;Events;Posters;;;;;;X;;;;;;;;;;;;;;;;;;;;;;;;
https://drive.google.com/drive/folders/0B6AOxJnEpZPbdWxNX2ZmbGt3TzQ?resourcekey=0-4NllD8k8-toG0NKcw43tlg;Posters Autumn 2017;https://drive.google.com/file/d/0B6AOxJnEpZPbaVBsU0hwenZUTzA/view?resourcekey=0-xXdMAWrsSMNuhHaTKb17yA;P04 When Can I Sleep with my Partner? Providing Consistent Radiation Protection Advice to Patients Undergoing Radioiodine Therapy for Thyroid Cancer.;;2017;Yes;Events;Posters;;;;;;;;;;;;;;;;;;;;;;;X;;;;;;;
https://drive.google.com/drive/folders/0B6AOxJnEpZPbdWxNX2ZmbGt3TzQ?resourcekey=0-4NllD8k8-toG0NKcw43tlg;Posters Autumn 2017;https://drive.google.com/file/d/0B6AOxJnEpZPbWjgzVi16SnJZUXM/view?resourcekey=0-0OtHpbmmYzWddvlnmtG0sQ;P05 The Utility of Three Phase Neck CT in Patients with Primary Hyperparathyroidism;;2017;Yes;Events;Posters;;;;;;;;X;;;;;;;;;;;;;;;;;;;;;;
https://drive.google.com/drive/folders/0B6AOxJnEpZPbdWxNX2ZmbGt3TzQ?resourcekey=0-4NllD8k8-toG0NKcw43tlg;Posters Autumn 2017;https://drive.google.com/file/d/0B6AOxJnEpZPbSnU0MVNlYjRnMVE/view?resourcekey=0--6VLcJup2513biYnNJfZLA;"P06 Three Years Experience with a Small Footprint, Triple Head, Solid State Dedicated Cardiac Camera; Relearning the Artefacts.";;2017;Yes;Events;Posters;;;X;;;;;;;;;;;;;;;;;;;;;;;;;;;
https://drive.google.com/drive/folders/0B6AOxJnEpZPbdWxNX2ZmbGt3TzQ?resourcekey=0-4NllD8k8-toG0NKcw43tlg;Posters Autumn 2017;https://drive.google.com/file/d/0B6AOxJnEpZPbN1Zvb2h1S2Z2Sms/view?resourcekey=0-oFmHc93glJzbJyNtohvrTQ;P07 How Reliable is Quantification in 180° DaTSCAN?;;2017;Yes;Events;Posters;;;;;;;;;;;;;;;;;X;;;;;;;;;;;;;
https://drive.google.com/drive/folders/0B6AOxJnEpZPbdWxNX2ZmbGt3TzQ?resourcekey=0-4NllD8k8-toG0NKcw43tlg;Posters Autumn 2017;https://drive.google.com/file/d/0B6AOxJnEpZPbUlRpQWRPSFZYODA/view?resourcekey=0-GaCfe6drRdlXBKRpVAUQQQ;P08 An Audit of MPS Patient Appointment Letters;;2017;Yes;Events;Posters;;;;;;;;;;;;;;;X;;;;;;;;;;;;;;;
https://drive.google.com/drive/folders/0B6AOxJnEpZPbdWxNX2ZmbGt3TzQ?resourcekey=0-4NllD8k8-toG0NKcw43tlg;Posters Autumn 2017;https://drive.google.com/file/d/0B6AOxJnEpZPbTWhQODEtaXc3eWs/view?resourcekey=0-7hd6AAOTxWsj8r4iHELWDw;P09 Does Hypoxia Stimulate 18F-Fluorodeoxyglucose Uptake in Non Small Cell Lung Cancer Cell Lines?;;2017;Yes;Events;Posters;;;;;;;;;;;;;X;;;;;;;;;;;;;;;;;
https://drive.google.com/drive/folders/0B6AOxJnEpZPbdWxNX2ZmbGt3TzQ?resourcekey=0-4NllD8k8-toG0NKcw43tlg;Posters Autumn 2017;https://drive.google.com/file/d/0B6AOxJnEpZPbWlQzT0hBbm5CWTA/view?resourcekey=0-r2n7xlqj144epNkZIC6anA;P10 The Effect of Varying SPECT Reconstruction Parameters on DATSCAN Quantification Using DaTQUANT Software;;2017;Yes;Events;Posters;;;;;;;;;;;;;;;;;X;;;;;;;;;;;;;
https://drive.google.com/drive/folders/0B6AOxJnEpZPbdWxNX2ZmbGt3TzQ?resourcekey=0-4NllD8k8-toG0NKcw43tlg;Posters Autumn 2017;https://drive.google.com/file/d/0B6AOxJnEpZPbWmJoU245YTJQZFE/view?resourcekey=0-dO6zF6ThNbFp8jU0HMAYdw;P11 Use of SAFIRE Iterative Reconstruction for Attenuation Correction CT in PET-CT;;2017;Yes;Events;Posters;;;;;;;;;;;;;;;;;;;;X;;;;;;;;;;
https://drive.google.com/drive/folders/0B6AOxJnEpZPbQzNndHdxN0hSOUE?resourcekey=0--eOQN7UtQhknZ_dewW4psw;Posters Spring 2017;https://drive.google.com/file/d/0B6AOxJnEpZPbZHVGQURRaWI1UnM/view?resourcekey=0-9eEetA_nygXZ09Mt-ikUkQ;P02 Optimising CT Parameters for the Post-operative Spine SPECT/CT;;2017;Yes;Events;Posters;;X;;;;;;;;;;;;;;;;;;;;;;;;;;;;
https://drive.google.com/drive/folders/0B6AOxJnEpZPbQzNndHdxN0hSOUE?resourcekey=0--eOQN7UtQhknZ_dewW4psw;Posters Spring 2017;https://drive.google.com/file/d/0B6AOxJnEpZPbcFVreE1LQVQzWllVbm02SFhZdGpicURwdXo0/view?resourcekey=0-g15-llGj2daN_E5fnv_lpw;P04 Incidental Findings on Dual Energy X-ray Absorptiometry: Do They Take Twice as Much Energy to Investigate?;Winner of Certificate of Merit;2017;Yes;Events;Posters;;X;;;;;;;;;;;;;;;;;;;;;;;;;;;;
https://drive.google.com/drive/folders/0B6AOxJnEpZPbQzNndHdxN0hSOUE?resourcekey=0--eOQN7UtQhknZ_dewW4psw;Posters Spring 2017;https://drive.google.com/file/d/0B6AOxJnEpZPbMi0zZVNyVjhxLXVHV1BSQVg3Q0FpRlFRcXFR/view?resourcekey=0-r4fs5xbeaGDtCj8litZvpA;P05 Clinical Significance of 99mTc MDP Bone Scan SPECT/CT in Localizing the Pain Generator in Unhappy Spines After Spinal Surgeries;;2017;Yes;Events;Posters;;X;;;;;;;;;;;;;;;;;;;;;;;;;;;;
https://drive.google.com/drive/folders/0B6AOxJnEpZPbQzNndHdxN0hSOUE?resourcekey=0--eOQN7UtQhknZ_dewW4psw;Posters Spring 2017;https://drive.google.com/file/d/0B6AOxJnEpZPbc0g1REczM19jYV9lelZzNUpQdE1oRTFEb1A4/view?resourcekey=0-cO5LXjDKzK0nrTAZ4ej1eg;P06 SPECT/CT of the Wrist – A Decade of Experience in Musculoskeletal Imaging;;2017;Yes;Events;Posters;;X;;;;;;;;;;;;;;;;;;;;;;;;;;;;
https://drive.google.com/drive/folders/0B6AOxJnEpZPbQzNndHdxN0hSOUE?resourcekey=0--eOQN7UtQhknZ_dewW4psw;Posters Spring 2017;https://drive.google.com/file/d/0B6AOxJnEpZPbSDAxdjF4ckxEVWZsUy02U2RHZmx0b3VyRHFV/view?resourcekey=0-OvBwFvbxByqQPJTqv1Uo8g;P08 Post-stress Versus Rest LVEF in Gated MPI: Association with Reported Ischaemia Status;;2017;Yes;Events;Posters;;;X;;;;;;;;;;;;;;;;;;;;;;;;;;;
https://drive.google.com/drive/folders/0B6AOxJnEpZPbQzNndHdxN0hSOUE?resourcekey=0--eOQN7UtQhknZ_dewW4psw;Posters Spring 2017;https://drive.google.com/file/d/0B6AOxJnEpZPbcmRQaXdTTWtfdU94Wi03U3kwbmpzdEtDMnpZ/view?resourcekey=0-L23rhXZK35M3yJJvKMU3IQ;P09 Frequency of Incidental Computed Tomography (CT) Findings on Routine Myocardial Perfusion Imaging (MPI) Using Low Dose CT Attenuation Correct;;2017;Yes;Events;Posters;;;X;;;;;;;;;;;;;;;;;;;;;;;;;;;
https://drive.google.com/drive/folders/0B6AOxJnEpZPbQzNndHdxN0hSOUE?resourcekey=0--eOQN7UtQhknZ_dewW4psw;Posters Spring 2017;https://drive.google.com/file/d/0B6AOxJnEpZPbc0lwNzBzNGRZcnBlVWNoSDFfQ1lIUzVDWXE0/view?resourcekey=0-3e26lspUQoMmS3HQPdmF7A;P10 Left Ventricular Dyssynchrony Detected by Myocardial Perfusion Scintigraphin Hypertensive Patients with Normal Systolic Function;;2017;Yes;Events;Posters;;;X;;;;;;;;;;;;;;;;;;;;;;;;;;;
https://drive.google.com/drive/folders/0B6AOxJnEpZPbQzNndHdxN0hSOUE?resourcekey=0--eOQN7UtQhknZ_dewW4psw;Posters Spring 2017;https://drive.google.com/file/d/0B6AOxJnEpZPbLXcwNjMza3NKajBQUHYwTHNXQTZoTUFCX3M0/view?resourcekey=0-tw_P0_C5CcForEIu1c2hwg;P11 Rising total Alkaline Phosphatase in Patients Treated with 223Ra-dichloride: Progression of Bone Disease vs. New Liver Metastases.;;2017;Yes;Events;Posters;;;;;;;;;;;;;;;;;;;;;;;;;;;X;;;
https://drive.google.com/drive/folders/0B6AOxJnEpZPbQzNndHdxN0hSOUE?resourcekey=0--eOQN7UtQhknZ_dewW4psw;Posters Spring 2017;https://drive.google.com/file/d/0B6AOxJnEpZPbX0hwSnFURTVIdTA/view?resourcekey=0-p7gW2vqPYYktLFZm_ZGx9w;P12 Tc 99m-MIBI Parathyroid SPECT/CT Imaging and Perrier Nomenclature: A Pictorial Atlas;;2017;Yes;Events;Posters;;;;;;;;X;;;;;;;;;;;;;;;;;;;;;;
https://drive.google.com/drive/folders/0B6AOxJnEpZPbQzNndHdxN0hSOUE?resourcekey=0--eOQN7UtQhknZ_dewW4psw;Posters Spring 2017;https://drive.google.com/file/d/0B6AOxJnEpZPbeEFMaWlsd2VlbDNMQXhIb2c5Ymg2UTlPWDBj/view?resourcekey=0-NkmPCLt8mwOS1m0EMJrDKg;P13 Don't Forget Sweat Gland MIBI Accumulation: Bilateral Symmetrical Axillary Update in Tc-MIBI Parathyroid Imaging;;2017;Yes;Events;Posters;;;;;;;;X;;;;;;;;;;;;;;;;;;;;;;
https://drive.google.com/drive/folders/0B6AOxJnEpZPbQzNndHdxN0hSOUE?resourcekey=0--eOQN7UtQhknZ_dewW4psw;Posters Spring 2017;https://drive.google.com/file/d/0B6AOxJnEpZPbQ3ZaVE1IQnp2WjhPc1B4R2NpV3hjSVQ3ZGdJ/view?resourcekey=0-PvsSrEU1mGHbgCzygndklw;P14 Importance of Post Thyroidectomy Ultrasonography in the Post Operative Management of Differentiated Thyroid Cancer and its Role in Short Term Disease Prognostication - A Retrospective Analysis;;2017;Yes;Events;Posters;;;;;;;;;;;;;;;;;;;;;;;;;;;;X;;
https://drive.google.com/drive/folders/0B6AOxJnEpZPbQzNndHdxN0hSOUE?resourcekey=0--eOQN7UtQhknZ_dewW4psw;Posters Spring 2017;https://drive.google.com/file/d/0B6AOxJnEpZPbRVBVTkJvVzVTaGdvYTlWQ2pqeGlTTldTcDY4/view?resourcekey=0-NKnnTdlfpKVs1RpvnB7-9Q;P16 Significance of Isolated Raised Thyroglobulin Antibody in Follow up of Thyroid Cancer - A Retrospective Analysis of 21 Patients;;2017;Yes;Events;Posters;;;;;;;;;;;;;;;;;;;;;;;;;;;;X;;
https://drive.google.com/drive/folders/0B6AOxJnEpZPbQzNndHdxN0hSOUE?resourcekey=0--eOQN7UtQhknZ_dewW4psw;Posters Spring 2017;https://drive.google.com/file/d/0B6AOxJnEpZPbWXhRbW9sNEZRbUhpMGJqc3FWcVhCVWZ1U29R/view?resourcekey=0-YK88t0XG1t8jRz_ywHnGgw;P17 Evaluation of Ventilation/Perfusion (V/Q) Referrals for Investigation of Suspected Pulmonary Embolism (PE);;2017;Yes;Events;Posters;;;;;;;;;;;;;X;;;;;;;;;;;;;;;;;
https://drive.google.com/drive/folders/0B6AOxJnEpZPbQzNndHdxN0hSOUE?resourcekey=0--eOQN7UtQhknZ_dewW4psw;Posters Spring 2017;https://drive.google.com/file/d/0B6AOxJnEpZPbYlpkcExNNU5icmdwckJ5c3B0ZkZPRFNmY3JB/view?resourcekey=0-F1-fgq_CPpqmwsLuFVg6pQ;P18 To Breathe or Not to Breathe: The Impact of Simulated Respiratory Motion on Nodule Detection in Low-Resolution Computed Tomography (CT) for Attenuation Correction (AC): A Phantom Study;Winner of Certificate of Merit;2017;Yes;Events;Posters;;;;;;;;;;;;;;;;;;;;;;X;;;;;;;;
https://drive.google.com/drive/folders/0B6AOxJnEpZPbQzNndHdxN0hSOUE?resourcekey=0--eOQN7UtQhknZ_dewW4psw;Posters Spring 2017;https://drive.google.com/file/d/0B6AOxJnEpZPbMDRqZWgyUEViZVR3aXJTSnVQNERPMG9OV0Vr/view?resourcekey=0-ZmM_tJck2fRbVIQeRxEVvA;P20 Don’t Get Rid of the Q Scan;;2017;Yes;Events;Posters;;;;;;;;;;;;;X;;;;;;;;;;;;;;;;;
https://drive.google.com/drive/folders/0B6AOxJnEpZPbQzNndHdxN0hSOUE?resourcekey=0--eOQN7UtQhknZ_dewW4psw;Posters Spring 2017;https://drive.google.com/file/d/0B6AOxJnEpZPbOGtDMXRXQmo2UDg/view?resourcekey=0-RYqCKFu7pt--kGvbsvgbXQ;P21 Understanding the Biology Behind 18F-fluorodeoxyglucose (FDG)-PET Derived Texture Parameters in Non-small Cell Lung Cancer: Is There an Association With Tumour Cell Density and Distribution?;;2017;Yes;Events;Posters;;;;;;;;;;;;;X;;;;;;;;;;;;;;;;;
https://drive.google.com/drive/folders/0B6AOxJnEpZPbQzNndHdxN0hSOUE?resourcekey=0--eOQN7UtQhknZ_dewW4psw;Posters Spring 2017;https://drive.google.com/file/d/0B6AOxJnEpZPbWHJlSUxEQ2dCNk9aVmJjaXdYQkJUdFhPYlgw/view?resourcekey=0-Jev1kjGsLT773P3fRK9D0g;P24 Dual F-18 FDG and F-18 Florbetapir (Amyvid) PET/CT Imaging in Evaluating Challenging Cases of Cognitive Impairment;;2017;Yes;Events;Posters;;;;;;;;;;;;;;;;;X;;;;;;;;;;;;;
https://drive.google.com/drive/folders/0B6AOxJnEpZPbQzNndHdxN0hSOUE?resourcekey=0--eOQN7UtQhknZ_dewW4psw;Posters Spring 2017;https://drive.google.com/file/d/0B6AOxJnEpZPbR0RsN3FlSlc0cFlDbkRjbnZtVjlfd3h6VDZB/view?resourcekey=0-Y8xHoRpQcbgAxA6wR9-_3A;P26 Radionuclide Injection Administered Activity for Sentinel Lymph Node Localisation in Breast Cancer;;2017;Yes;Events;Posters;;;;;;;;;;;;;;;;;;X;;;;;;;;;;;;
https://drive.google.com/drive/folders/0B6AOxJnEpZPbQzNndHdxN0hSOUE?resourcekey=0--eOQN7UtQhknZ_dewW4psw;Posters Spring 2017;https://drive.google.com/file/d/0B6AOxJnEpZPbYmZ2TnFsZEw5akU4UFpjdFRDQ0tzXzQ3NllF/view?resourcekey=0-fi1yqI0VkYP5xtDwGhujDQ;P27 Success Rate of Radioisotope Guided Sentinel Lymph Node Localisation Using Operative and Histological Findings as Gold Standard;;2017;Yes;Events;Posters;;;;;;;;;;;;;;;;;;X;;;;;;;;;;;;
https://drive.google.com/drive/folders/0B6AOxJnEpZPbQzNndHdxN0hSOUE?resourcekey=0--eOQN7UtQhknZ_dewW4psw;Posters Spring 2017;https://drive.google.com/file/d/0B6AOxJnEpZPbQl94NVFTQW1oSEJBelpsSHRacWtyLVkybmk0/view?resourcekey=0-SuRRNiWUZS9Gggug0czPqw;P30 Correlation Between Histological Subtype, Epidermal Growth Factor Receptor (EGFR) Mutation and 18F-Fluorodeoxyglucose Standard Uptake Value (SUV max) in Patients With Lung Adenocarcinoma;;2017;Yes;Events;Posters;;;;;;;;;;;;;X;;;;;;;;;;;;;;;;;
https://drive.google.com/drive/folders/0B6AOxJnEpZPbQzNndHdxN0hSOUE?resourcekey=0--eOQN7UtQhknZ_dewW4psw;Posters Spring 2017;https://drive.google.com/file/d/0B6AOxJnEpZPbbkhDeTJEYXAydlRXa3gzMGtDLVZvRFZSd0tN/view?resourcekey=0-alYoWONK5Q4nyJROJNC6vQ;P31 Braf Mutation Status in Pakistani Patients with Papillary Thyroid Carcinoma and Correlation with Clinicopathological Features of the Primary Tumour;;2017;Yes;Events;Posters;;;;;;;;;;;;;;;;;;X;;;;;;;;;;;;
https://drive.google.com/drive/folders/0B6AOxJnEpZPbQzNndHdxN0hSOUE?resourcekey=0--eOQN7UtQhknZ_dewW4psw;Posters Spring 2017;https://drive.google.com/file/d/0B6AOxJnEpZPbNGVXTjJxeEFKc2NFVjYzeVJha1FKRXVIeExV/view?resourcekey=0-h2y0_ZywFE5Yt2wrV1NJDw;P32 18F-Choline PET-CT for Prostate Cancer;;2017;Yes;Events;Posters;;;;;;;;;;;;;;;;;;;;;;;;;;;;;;
https://drive.google.com/drive/folders/0B6AOxJnEpZPbQzNndHdxN0hSOUE?resourcekey=0--eOQN7UtQhknZ_dewW4psw;Posters Spring 2017;https://drive.google.com/file/d/0B6AOxJnEpZPbZ0x4VHVjZkJ3eGFFdGZsVE1TWkp3Q3FNQThZ/view?resourcekey=0-br6Ytyej8T8_5axo_THoLg;"P33 Participation of Patients Undergoing Clinical PET/CT Scans Patients in Generic Observational Research; Experiences of the First 6 Months";;2017;Yes;Events;Posters;;;;;;;;;;;;;;;X;;;;;;;;;;;;;;;
https://drive.google.com/drive/folders/0B6AOxJnEpZPbQzNndHdxN0hSOUE?resourcekey=0--eOQN7UtQhknZ_dewW4psw;Posters Spring 2017;https://drive.google.com/file/d/0B6AOxJnEpZPbNlpWSDJ6ZEVreFVLNm0teHZPUkRIRC1OOHJB/view?resourcekey=0-RbatX1ducxeJAELeh70lqQ;P37 18F-Choline- PET/CT in Low-grade Lymphoma : A Potential Clinical Application?;;2017;Yes;Events;Posters;;;;;;;;;;;X;;;;;;;;;;;;;;;;;;;
https://drive.google.com/drive/folders/0B6AOxJnEpZPbQzNndHdxN0hSOUE?resourcekey=0--eOQN7UtQhknZ_dewW4psw;Posters Spring 2017;https://drive.google.com/file/d/0B6AOxJnEpZPbRWtlRmFGNnhqUVE/view?resourcekey=0-ueh8jvFzbKawdQUpY40J7A;P38 Dual Tracer GAD-enhanced PET-MRI for Malignant Brain Tumours.;;2017;Yes;Events;Posters;;;;;;;;;;;;;;;;;X;;;;;;;;;;;;;
https://drive.google.com/drive/folders/0B6AOxJnEpZPbQzNndHdxN0hSOUE?resourcekey=0--eOQN7UtQhknZ_dewW4psw;Posters Spring 2017;https://drive.google.com/file/d/0B6AOxJnEpZPbYl9TYlZpWHg0WS1yVVpVTkFTcXlScEljY3pF/view?resourcekey=0-tA6eDTOmrsRyf2ecFkIERg;P41 18-FDG PET/CT and Succinate Dehydrogenase (SDHx) Mutations in Head and Neck Paragangliomas.;;2017;Yes;Events;Posters;;;;;;;;;;;;;;;;;;X;;;;;;;;;;;;
https://drive.google.com/drive/folders/0B6AOxJnEpZPbQzNndHdxN0hSOUE?resourcekey=0--eOQN7UtQhknZ_dewW4psw;Posters Spring 2017;https://drive.google.com/file/d/0B6AOxJnEpZPbTjZjTFJWdE51Q2dvRW1IejdBRFd1TUdxc0tj/view?resourcekey=0-aq4lcCTQa7aCZVZUOs3rhg;P43 An Automated Monitoring System for Isolated Limb Perfusion;Winner of 3rd Poster Prize;2017;Yes;Events;Posters;;;;;;;;;X;;;;;;;;;;;;;;;;;;;;;
https://drive.google.com/drive/folders/0B6AOxJnEpZPbQzNndHdxN0hSOUE?resourcekey=0--eOQN7UtQhknZ_dewW4psw;Posters Spring 2017;https://drive.google.com/file/d/0B6AOxJnEpZPbZUxlckZUdy1PbFA3R04ybHpRV09rR0ZmYkQw/view?resourcekey=0-zlpZARECqRioEa_m0xW6Ng;P46 Potential Dose Savings for Radionuclide Ventriculography: Effect of Left Ventricle Ejection Fraction;Winner of Certificate of Merit;2017;Yes;Events;Posters;;;X;;;;;;;;;;;;;;;;;;;;;;;;;;;
https://drive.google.com/drive/folders/0B6AOxJnEpZPbQzNndHdxN0hSOUE?resourcekey=0--eOQN7UtQhknZ_dewW4psw;Posters Spring 2017;https://drive.google.com/file/d/0B6AOxJnEpZPbei1fQXJJcTZlUzg/view?resourcekey=0-7X5qL_B4tM1mr52Ce3MAYQ;P47 The Effect of Reducing Time per Bed Position on Diagnostic Image Quality for Whole-Body FDG-PET Scans;;2017;Yes;Events;Posters;;;;;;;;;;;;;;;;;;;;X;;;;;;;;;;
https://drive.google.com/drive/folders/0B6AOxJnEpZPbQzNndHdxN0hSOUE?resourcekey=0--eOQN7UtQhknZ_dewW4psw;Posters Spring 2017;https://drive.google.com/file/d/0B6AOxJnEpZPbZ2FDN1J6Ty1faG03d193RkhwQlNfckZ4Vnk4/view?resourcekey=0-u2tbnEVqjxR5P2ps4GV4Mw;P48 Matching and Optimisation of CT Protocols Using Automatic Exposure Control in PET/CT;;2017;Yes;Events;Posters;;;;;;;;;;;;;;;;;;;;;X;;;;;;;;;
https://drive.google.com/drive/folders/0B6AOxJnEpZPbQzNndHdxN0hSOUE?resourcekey=0--eOQN7UtQhknZ_dewW4psw;Posters Spring 2017;https://drive.google.com/file/d/0B6AOxJnEpZPbajFfRkw1Q2RBWnVmUnV3anA2SnZ4d283enY0/view?resourcekey=0-wfruy04MYttIFNXULrAXJA;P49 PatientSspecific Monte Carlo Dose Calculations for 3D Printed Phantom Studies;;2017;Yes;Events;Posters;;;;;;;;;;;;;;;;;;;;;X;;;;;;;;;
https://drive.google.com/drive/folders/0B6AOxJnEpZPbQzNndHdxN0hSOUE?resourcekey=0--eOQN7UtQhknZ_dewW4psw;Posters Spring 2017;https://drive.google.com/file/d/0B6AOxJnEpZPbZGQtZkc1T3BGSkZHajQzMFlxbzhBVDREdGl3/view?resourcekey=0-PrX8vuQDXjFLxWgyEGN1Yw;P51 Can Pacing Leads and Calcified Coronary Arteries Influence the Interpretation of CT-based Attenuation Corrected Myocardial Perfusion Scans? A Phantom Study.;Winner of Multimodality Poster Prize and Certificate of Merit;2017;Yes;Events;Posters;;;X;;;;;;;;;;;;;;;;;;;;;;;;;;;
https://drive.google.com/drive/folders/0B6AOxJnEpZPbQzNndHdxN0hSOUE?resourcekey=0--eOQN7UtQhknZ_dewW4psw;Posters Spring 2017;https://drive.google.com/file/d/0B6AOxJnEpZPbcERxemNvVjg5RkdLbFJ5WE81UmZmWXRLTy1F/view?resourcekey=0-6mKp2YN440EPazFmxbigHg;P52 Assessment of MR Compatible Blood Sampling System for PET-MR Kinetic Modelling Studies;;2017;Yes;Events;Posters;;;;;;;;;X;;;;;;;;;;;;;;;;;;;;;
https://drive.google.com/drive/folders/0B6AOxJnEpZPbQzNndHdxN0hSOUE?resourcekey=0--eOQN7UtQhknZ_dewW4psw;Posters Spring 2017;https://drive.google.com/file/d/0B6AOxJnEpZPbakJJVnpsYm1HdzBnYTliMTBMVWItNjFMQXNn/view?resourcekey=0-JYOphmG9a0UCSN2TvVmjUA;P53 An Intrinsic Method to Evaluate Gamma Camera Consistency of Angular Response;Winner of Certificate of Merit;2017;Yes;Events;Posters;;;;;;;;;;;;;;;;;;;;;;X;;;;;;;;
https://drive.google.com/drive/folders/0B6AOxJnEpZPbQzNndHdxN0hSOUE?resourcekey=0--eOQN7UtQhknZ_dewW4psw;Posters Spring 2017;https://drive.google.com/file/d/0B6AOxJnEpZPbanNGNEFiUWpYOEpPVy1XdEN0N0JodWNiTXA4/view?resourcekey=0-G3HW5I1bl-yxFihiRXjIrg;P54 Characterisation of Gamma Camera Performance Following Switch on After Power Supply Interruption;Winner of Certificate of Merit;2017;Yes;Events;Posters;;;;;;;;;X;;;;;;;;;;;;;;;;;;;;;
https://drive.google.com/drive/folders/0B6AOxJnEpZPbQzNndHdxN0hSOUE?resourcekey=0--eOQN7UtQhknZ_dewW4psw;Posters Spring 2017;https://drive.google.com/file/d/0B6AOxJnEpZPbOEJ5ZlhrdnBEZU1fLWpmYUptQ21NSG85b3ZB/view?resourcekey=0-aUtOfMQsx_w2kWnFyBmf9A;P56 Methods to Evaluate Patient Dose for an I-123 mIBG Study Without Thyroid Blocking: A Case Report;;2017;Yes;Events;Posters;;;;;;;;;;;;;;;;;;;;;X;;;;;;;;;
https://drive.google.com/drive/folders/0B6AOxJnEpZPbQzNndHdxN0hSOUE?resourcekey=0--eOQN7UtQhknZ_dewW4psw;Posters Spring 2017;https://drive.google.com/file/d/0B6AOxJnEpZPbTGp2TE5aRmJEQTVfZG8ydDlHZjRSVy0xakNF/view?resourcekey=0-irCYkIWgaLTW1wgXi87KnA;P57 Estimation of Finger Skin Dose Frrom Syringes Containing Ra-223 Using Commercially Available Dosimeters and Water Filled Gloves;;2017;Yes;Events;Posters;;;;;;;;;;;;;;;;;;;;;X;;;;;;;;;
https://drive.google.com/drive/folders/0B6AOxJnEpZPbQzNndHdxN0hSOUE?resourcekey=0--eOQN7UtQhknZ_dewW4psw;Posters Spring 2017;https://drive.google.com/file/d/0B6AOxJnEpZPbTWVIWjIxLTBESmhhd1J5b3NWbDFXMEMxTDV3/view?resourcekey=0-T6ZlFOwemU5jDwUIjZ7YXw;P58 Validation of Production of [18F] THK-5351 on the GE FASTlab 2TM Platform;;2017;Yes;Events;Posters;;;;;;;;;;;;;;;;;;;;;;;;;X;;;;;
https://drive.google.com/drive/folders/0B6AOxJnEpZPbQzNndHdxN0hSOUE?resourcekey=0--eOQN7UtQhknZ_dewW4psw;Posters Spring 2017;https://drive.google.com/file/d/0B6AOxJnEpZPbVzc3b0hWYTBVM3pIYnVZOXZmUkdybUVQcTFZ/view?resourcekey=0-Ops51BG7dEB0IwECjF6AsA;P59 Experience of Implementing Radiotherapy Planning in PET-CT;Winner of RTNG Poster Prize;2017;Yes;Events;Posters;;;;;;;;;;;;;;;;;;;;X;;;;;;;;;;
https://drive.google.com/drive/folders/0B6AOxJnEpZPbQzNndHdxN0hSOUE?resourcekey=0--eOQN7UtQhknZ_dewW4psw;Posters Spring 2017;https://drive.google.com/file/d/0B6AOxJnEpZPbS2pBSE9lTUpDVHhnX2cybmg0T0pwTzJ3RU1N/view?resourcekey=0-PIbUv62QvgrQQdaTrz08fw;P60 Check of 123I FP-CIT Quantification Analysis Package;;2017;Yes;Events;Posters;;;;;;;;;;;;;;;;;X;;;;;;;;;;;;;
https://drive.google.com/drive/folders/0B6AOxJnEpZPbQzNndHdxN0hSOUE?resourcekey=0--eOQN7UtQhknZ_dewW4psw;Posters Spring 2017;https://drive.google.com/file/d/0B6AOxJnEpZPbVGRmVTFpV0laS190bEpoZUtOMFJfUUhnc1c0/view?resourcekey=0-xEhMEAj3hvnfYM_F43Z4KQ;P61 Radius of Rotation for I-123 FP-CIT SPECT Scans: Variance and Effect on Results of Quantitative Analysis;;2017;Yes;Events;Posters;;;;;;;;;;;;;;;;;X;;;;;;;;;;;;;
https://drive.google.com/drive/folders/0B6AOxJnEpZPbQzNndHdxN0hSOUE?resourcekey=0--eOQN7UtQhknZ_dewW4psw;Posters Spring 2017;https://drive.google.com/file/d/0B6AOxJnEpZPbNEhSaVBTaEhSODdhc1VZMGxIR1haVW43SGNB/view?resourcekey=0-8yJ-uSWdIqTSN8SKwQd82g;P62 A Matter of Urgency: Can We Reduce Acquisition Time for Diuretic F-15 Renograms?;;2017;Yes;Events;Posters;;;;;;;;;;;;;;;;;;;;;;;;;;X;;;;
https://drive.google.com/drive/folders/0B6AOxJnEpZPbQzNndHdxN0hSOUE?resourcekey=0--eOQN7UtQhknZ_dewW4psw;Posters Spring 2017;https://drive.google.com/file/d/0B6AOxJnEpZPbejk5QVhuckZXNnIzVm96N3NUaWlnMVY1Q25R/view?resourcekey=0-pPR0k-ossRLw8OUlZQAJCw;P63 Early Single Institution Experience in Treating Progressive Inoperable/Metastatic Neuroendocrine Tumor (NET) Using Peptide Receptor Radionuclide Therapy (PRRT).;;2017;Yes;Events;Posters;;;;;;;;;;;;;;;;;;;;;;;;;;;X;;;
https://drive.google.com/drive/folders/0B6AOxJnEpZPbQzNndHdxN0hSOUE?resourcekey=0--eOQN7UtQhknZ_dewW4psw;Posters Spring 2017;https://drive.google.com/file/d/0B6AOxJnEpZPbc0tCQktrSlRCQXRuN0RUT255Y1lqUXJzQTJV/view?resourcekey=0-8j9zLTDByDOjKXp09tLzXA;P65 Review and Outcomes of the Wessex Peptide Receptor Radionuclide (PRRT) Service;;2017;Yes;Events;Posters;;;;;;;;;;;;;;;;;;;;;;;;;;;X;;;
https://drive.google.com/drive/folders/0B6AOxJnEpZPbQzNndHdxN0hSOUE?resourcekey=0--eOQN7UtQhknZ_dewW4psw;Posters Spring 2017;https://drive.google.com/file/d/0B6AOxJnEpZPbMVhvYllyZlZGSU0/view?resourcekey=0-wZmG7b2qSrbxRsS00qumwQ;P66 Retrospective Analysis of 99mTc-MAA SIRT Work-Up Using WB and SPECT-CT Prior to 90Y-SIRT Therapy;;2017;Yes;Events;Posters;;;;;;;;;;;;;;;;X;;;;;;;;;;;;;;
https://drive.google.com/drive/folders/0B6AOxJnEpZPbQzNndHdxN0hSOUE?resourcekey=0--eOQN7UtQhknZ_dewW4psw;Posters Spring 2017;https://drive.google.com/file/d/0B6AOxJnEpZPbdFZxa1dMM2tvLWJ4Tm5wSEJLbjB5VUNzNmdR/view?resourcekey=0-6t4OZ_A_D6VV8neu22LlzA;P67 The Role of Molecular Hybrid Imaging (MHI) in Patients with Neuroendocrine Tumours (NETs);;2017;Yes;Events;Posters;;;;;;;;;;;;;;;;;;X;;;;;;;;;;;;
https://drive.google.com/drive/folders/0B6AOxJnEpZPbQzNndHdxN0hSOUE?resourcekey=0--eOQN7UtQhknZ_dewW4psw;Posters Spring 2017;https://drive.google.com/file/d/0B6AOxJnEpZPbZmg3QlN4UzEtZW04dkJIVXN6WmNSdUk2alQ0/view?resourcekey=0--ZDvNE4lY_8uptuafmK_NQ;P69 Towards a Normal Range for Colonic Transit Reporting;Winner of 2nd Poster Prize;2017;Yes;Events;Posters;;;;;;;;;;X;;;;;;;;;;;;;;;;;;;;
https://drive.google.com/drive/folders/0B6AOxJnEpZPbQzNndHdxN0hSOUE?resourcekey=0--eOQN7UtQhknZ_dewW4psw;Posters Spring 2017;https://drive.google.com/file/d/0B6AOxJnEpZPbNFByaWdfRVQzWGxHdjh0QjFJV3BRMGFrZ2h3/view?resourcekey=0-NcbEutaMEhC44rieMQiZYQ;P70 Utility of 18F-FDG PET-CT in Management of IgG4 Related Disease.;;2017;Yes;Events;Posters;;;;;;;;;;;;X;;;;;;;;;;;;;;;;;;
https://drive.google.com/drive/folders/0B6AOxJnEpZPbQzNndHdxN0hSOUE?resourcekey=0--eOQN7UtQhknZ_dewW4psw;Posters Spring 2017;https://drive.google.com/file/d/0B6AOxJnEpZPbT2YyRjYwU1NMRXg0Z1E3Z0ltejJ2Qmttd3FR/view?resourcekey=0-QxHNdQ1yGIXC_R9CdFgw9Q;P71 Preliminary Assessment of the Optimum Time to Count GFR Samples in Combined GFR/Renogram Studies for Live Kidney Donor Work-up;;2017;Yes;Events;Posters;;;;;;;;;;;;;;;;;;;;;;;;;;X;;;;
https://drive.google.com/drive/folders/0B6AOxJnEpZPbQzNndHdxN0hSOUE?resourcekey=0--eOQN7UtQhknZ_dewW4psw;Posters Spring 2017;https://drive.google.com/file/d/0B6AOxJnEpZPbQW5Ba3FlNHlPSDhZdFBFUmhUTFFBa3N4Y2tn/view?resourcekey=0-zwpwrvl2QVoAvC4kroiRig;P74 Effect of Varying Levels of Plasma Haemolysis on 51Cr-EDTA Glomerular Filtration Rate Measurements;Winner of 1st Poster Prize;2017;Yes;Events;Posters;;;;;;;;;;;;;;;;;;;;;;;;;;X;;;;
https://drive.google.com/drive/folders/0B6AOxJnEpZPbMld0cmpBaV9RMDA?resourcekey=0-jdHhqXNEvr_j478Dred0iQ;Posters Spring 2016;https://drive.google.com/file/d/0B6AOxJnEpZPbc1JSUzRhVUhNdDQ/view?usp=drive_open&resourcekey=0-kD0vp9fQG88ALvguEr7icQ;CP1 Evaluation of Smartphone Contamination Following 131I Thyroid Ablation;;2016;Yes;Events;Posters;;;;;;;;;;;;;;;;;;;;;;;X;;;;;;;
https://drive.google.com/drive/folders/0B6AOxJnEpZPbMld0cmpBaV9RMDA?resourcekey=0-jdHhqXNEvr_j478Dred0iQ;Posters Spring 2016;https://drive.google.com/file/d/0ByuZ8G6VAGt7MFUyeHNfcmVHd3c/view?resourcekey=0-zJGBg45781Na2D_BmZkIVQ;CP2 Audit of X-ray Requests Following Nuclear Medicine Bone Scans;Winner of Clinical Practitioner Poster Prize and Certificate of Merit;2016;Yes;Events;Posters;;X;;;;;;;;;;;;;;;;;;;;;;;;;;;;
https://drive.google.com/drive/folders/0B6AOxJnEpZPbMld0cmpBaV9RMDA?resourcekey=0-jdHhqXNEvr_j478Dred0iQ;Posters Spring 2016;https://drive.google.com/file/d/0B6AOxJnEpZPbbVRxeWwyNDZNaTA/view?resourcekey=0-PphndMDcvxHYTZ0qhGWMVQ;CP3 Calculation of 51Cr-EDTA Glomerular Filtration Rate (GFR), Following Simultaneous Administration of 18FDG for a PET/CT Scan.;Winner of Certificate of Merit;2016;Yes;Events;Posters;;;;;;;;;;;;;;;;;;;;;;;;;;X;;;;
https://drive.google.com/drive/folders/0B6AOxJnEpZPbMld0cmpBaV9RMDA?resourcekey=0-jdHhqXNEvr_j478Dred0iQ;Posters Spring 2016;https://drive.google.com/file/d/0B6AOxJnEpZPbRmF6N2N4WFhwTjg/view?resourcekey=0-KmS_NIsYPkGsqel0Ls35IQ;CP4 The Effect of Image Acquisition Duration on DaTSCAN Studies;Winner of 1st Student Prize;2016;Yes;Events;Posters;;;;;;;;;;;;;;;;;X;;;;;;;;;;;;;
https://drive.google.com/drive/folders/0B6AOxJnEpZPbMld0cmpBaV9RMDA?resourcekey=0-jdHhqXNEvr_j478Dred0iQ;Posters Spring 2016;https://drive.google.com/file/d/0ByuZ8G6VAGt7NTVIdTJ1X1A0SW8/view?resourcekey=0-3WDyEAIU8pp0V6BVEZbaEA;CP5 Essentials of PET/CT Radiotherapy Planning Quality Control;;2016;Yes;Events;Posters;;;;;;;;;;;;;;;;;;;;X;;;;;;;;;;
https://drive.google.com/drive/folders/0B6AOxJnEpZPbMld0cmpBaV9RMDA?resourcekey=0-jdHhqXNEvr_j478Dred0iQ;Posters Spring 2016;https://drive.google.com/file/d/0ByuZ8G6VAGt7VDNia3RBbG1zbXM/view?resourcekey=0-4ErwaZe_wXd4CUa-cc2Z8Q;CP6 Development of an Electronic Radiopharmaceutical Ordering System;;2016;Yes;Events;Posters;;;;;;;;;;;;;;;;;;;;;;;;;X;;;;;
https://drive.google.com/drive/folders/0B6AOxJnEpZPbMld0cmpBaV9RMDA?resourcekey=0-jdHhqXNEvr_j478Dred0iQ;Posters Spring 2016;https://drive.google.com/file/d/0B6AOxJnEpZPbdGdqUGpnaTdWNW8/view?resourcekey=0-w6z4xTIgXKOE-C5XrEBz6A;CP7 Practical Methods for Measuring Clinical SPECT Spatial Resolution;;2016;Yes;Events;Posters;;;;;;;;;;;;;;;;;;;;;;X;;;;;;;;
https://drive.google.com/drive/folders/0B6AOxJnEpZPbMld0cmpBaV9RMDA?resourcekey=0-jdHhqXNEvr_j478Dred0iQ;Posters Spring 2016;https://drive.google.com/file/d/0ByuZ8G6VAGt7UmMtNm85YUZTTkk/view?resourcekey=0-YOsYmb8Qmyyk2wlSHPdz1w;CP8 A New Phantom for SUV-SPECT/PET (Esser SUV Phantom);Winner of Certificate of Merit;2016;Yes;Events;Posters;;;;;;;;;;;;;;;;;;;;;;X;;;;;;;;
https://drive.google.com/drive/folders/0B6AOxJnEpZPbMld0cmpBaV9RMDA?resourcekey=0-jdHhqXNEvr_j478Dred0iQ;Posters Spring 2016;https://drive.google.com/file/d/0B6AOxJnEpZPbbElnemRBeG51a2c/view?resourcekey=0-Sp0siw3dDq2EHkq2jDXF9g;P01 Investigating Different Attenuation Correction Methods in Tc99m HMPAO SPECT-CT Brain Perfusion Images;Winner of Certificate of Merit;2016;Yes;Events;Posters;;;;;;;;;;;;;;;;;X;;;;;;;;;;;;;
https://drive.google.com/drive/folders/0B6AOxJnEpZPbMld0cmpBaV9RMDA?resourcekey=0-jdHhqXNEvr_j478Dred0iQ;Posters Spring 2016;https://drive.google.com/file/d/0B6AOxJnEpZPbdzdTQzhNNlp6Qmc/view?resourcekey=0-2yuGQSONqdpTIKg9znp9eA;P01 Investigating Different Attenuation Correction Methods in Tc99m HMPAO SPECT-CT Brain Perfusion Images;Part 2;2016;Yes;Events;Posters;;;;;;;;;;;;;;;;;X;;;;;;;;;;;;;
https://drive.google.com/drive/folders/0B6AOxJnEpZPbMld0cmpBaV9RMDA?resourcekey=0-jdHhqXNEvr_j478Dred0iQ;Posters Spring 2016;https://drive.google.com/file/d/0B6AOxJnEpZPbRmtCbWx6SlZ2dEU/view?resourcekey=0-IL6Ypw3o0Eb1OkKkCQCWfg;P01 Investigating Different Attenuation Correction Methods in Tc99m HMPAO SPECT-CT Brain Perfusion Images;Part 3;2016;Yes;Events;Posters;;;;;;;;;;;;;;;;;X;;;;;;;;;;;;;
https://drive.google.com/drive/folders/0B6AOxJnEpZPbMld0cmpBaV9RMDA?resourcekey=0-jdHhqXNEvr_j478Dred0iQ;Posters Spring 2016;https://drive.google.com/file/d/0B6AOxJnEpZPbaUZNWmlBcXBveUE/view?resourcekey=0-PDpxs8DlV0PKNRntCjnSkQ;P03 Investigating the Impact of Count Reduction on the Diagnostic Quality of Myocardial Perfusion Images;;2016;Yes;Events;Posters;;;X;;;;;;;;;;;;;;;;;;;;;;;;;;;
https://drive.google.com/drive/folders/0B6AOxJnEpZPbMld0cmpBaV9RMDA?resourcekey=0-jdHhqXNEvr_j478Dred0iQ;Posters Spring 2016;https://drive.google.com/file/d/0ByuZ8G6VAGt7TkprRnJRM1NiLVU/view?resourcekey=0-s5yDPmnoujFC8qTK2FpHgQ;P04 Audit of Myocardial Perfusion Imaging in Renal Transplant Patients According to the British Transplantation Society Guidelines;;2016;Yes;Events;Posters;;;X;;;;;;;;;;;;;;;;;;;;;;;;;;;
https://drive.google.com/drive/folders/0B6AOxJnEpZPbMld0cmpBaV9RMDA?resourcekey=0-jdHhqXNEvr_j478Dred0iQ;Posters Spring 2016;https://drive.google.com/file/d/0ByuZ8G6VAGt7VHZtcXRkbHBTWlE/view?resourcekey=0-SZgb_Whvnz2YNLG_NNF-4Q;P05 The Diagnosis, Prognosis and Risk Stratification of Patients Undergoing Investigation of Chest Pain Using Qualitative and Quantitative Myocardial Perfusion Scintigraphy Analysis;;2016;Yes;Events;Posters;;;X;;;;;;;;;;;;;;;;;;;;;;;;;;;
https://drive.google.com/drive/folders/0B6AOxJnEpZPbMld0cmpBaV9RMDA?resourcekey=0-jdHhqXNEvr_j478Dred0iQ;Posters Spring 2016;https://drive.google.com/file/d/0ByuZ8G6VAGt7RmUzUGJiWEptR3M/view?resourcekey=0-_hURrOaKscRjxmo_p3AxAw;P06 Half Time SPECT of the Pelvis vs Squat Image;;2016;Yes;Events;Posters;;X;;;;;;;;;;;;;;;;;;;;;;;;;;;;
https://drive.google.com/drive/folders/0B6AOxJnEpZPbMld0cmpBaV9RMDA?resourcekey=0-jdHhqXNEvr_j478Dred0iQ;Posters Spring 2016;https://drive.google.com/file/d/0B6AOxJnEpZPbeHlDc1htaU9DaklnSnU4VldPWUJFVHNoRlJB/view?resourcekey=0-sdFA8GsmbNvgJ_zqQqfpGA;P08 Timing of Diuretic Administration Differentiates Homsy’s Sign from Frank Obstruction;;2016;Yes;Events;Posters;;;;;;;;;;;;;;;;;;;;;;;;;;X;;;;
https://drive.google.com/drive/folders/0B6AOxJnEpZPbMld0cmpBaV9RMDA?resourcekey=0-jdHhqXNEvr_j478Dred0iQ;Posters Spring 2016;https://drive.google.com/file/d/0B6AOxJnEpZPbbWtOWi14MGhnaTA/view?resourcekey=0-TUFSWJEz6DdbP_iAJwJ_wA;P09 Thyroid Scans – How Normal is ‘Normal’?;Winner of Certificate of Merit;2016;Yes;Events;Posters;;;;;;;;;;;;;;;;;;;;;;;;;;;;X;;
https://drive.google.com/drive/folders/0B6AOxJnEpZPbMld0cmpBaV9RMDA?resourcekey=0-jdHhqXNEvr_j478Dred0iQ;Posters Spring 2016;https://drive.google.com/file/d/0B6AOxJnEpZPbUkhZbDZRZzlUQ3c/view?resourcekey=0-AglzCpGLNMxWc5Ah49myoQ;P10 Early Experiences of Colonic Transit Studies in Children;Winner of 2nd Poster Prize and Certificate of Merit;2016;Yes;Events;Posters;;;;;;;;;;;;;;;;;;;X;;;;;;;;;;;
https://drive.google.com/drive/folders/0B6AOxJnEpZPbMld0cmpBaV9RMDA?resourcekey=0-jdHhqXNEvr_j478Dred0iQ;Posters Spring 2016;https://drive.google.com/file/d/0ByuZ8G6VAGt7S1drTG1wS09WVW8/view?resourcekey=0-8V_iWKRyaVNYcqzd29KUaQ;P11 Is Three-hour Imaging for 99mTc Sestamibi Parathyroid Studies Necessary?;;2016;Yes;Events;Posters;;;;;;;;;;;;;;;;;;;;;;;;;;;;X;;
https://drive.google.com/drive/folders/0B6AOxJnEpZPbMld0cmpBaV9RMDA?resourcekey=0-jdHhqXNEvr_j478Dred0iQ;Posters Spring 2016;https://drive.google.com/file/d/0B6AOxJnEpZPbMnJRMGZJaVdDV0E/view?resourcekey=0-ulR2jrXHrjsh6iHWcz9acA;P12 Investigation of Quantitative Parameters for Assessment of Lymphatic Drainage;;2016;Yes;Events;Posters;;;;;;X;;;;;;;;;;;;;;;;;;;;;;;;
https://drive.google.com/drive/folders/0B6AOxJnEpZPbMld0cmpBaV9RMDA?resourcekey=0-jdHhqXNEvr_j478Dred0iQ;Posters Spring 2016;https://drive.google.com/file/d/0ByuZ8G6VAGt7Uk9yS25WaVdwcWM/view?resourcekey=0-gx3HLYBmNJEXSSU9Us7m0Q;P13 Dual Phase Planar Bone Scintigraphy in the Evaluation of the Failed Hip and Knee Joint Prosthesis;;2016;Yes;Events;Posters;;X;;;;;;;;;;;;;;;;;;;;;;;;;;;;
https://drive.google.com/drive/folders/0B6AOxJnEpZPbMld0cmpBaV9RMDA?resourcekey=0-jdHhqXNEvr_j478Dred0iQ;Posters Spring 2016;https://drive.google.com/file/d/0B6AOxJnEpZPbZmtycU1GRHpBbEk/view?resourcekey=0-T8Xpvgjklni_WbFf-LE8Ig;P14 Radiological Features of Sarcoid-like Reaction;;2016;Yes;Events;Posters;;;;;;;;;;;;;;;;;;X;;;;;;;;;;;;
https://drive.google.com/drive/folders/0B6AOxJnEpZPbMld0cmpBaV9RMDA?resourcekey=0-jdHhqXNEvr_j478Dred0iQ;Posters Spring 2016;https://drive.google.com/file/d/0ByuZ8G6VAGt7R3BiOTh0bk9neTQ/view?resourcekey=0-9VbgbX0dHMdENYGChOk1qA;P15 Is it Necessary to Order Both an Ultrasound and SPECT-CT to Determine Surgical Planning for a Parathyroidectomy?;;2016;Yes;Events;Posters;;;;;;;;;;;;;;;;;;;;;;;;;;;;X;;
https://drive.google.com/drive/folders/0B6AOxJnEpZPbMld0cmpBaV9RMDA?resourcekey=0-jdHhqXNEvr_j478Dred0iQ;Posters Spring 2016;https://drive.google.com/file/d/0ByuZ8G6VAGt7d25aOXFBUFA2WlE/view?resourcekey=0-6XhnOuAuPuSi3Kuo4TWOSw;P16 Preopera9ve Localisa9on of Parathyroid Adenomas: The Accuracy of Contrast-enhanced Parathyroid Scintigraphy with SPECT/CT (99mTc-MIBI-SPECT/CT) Scan;;2016;Yes;Events;Posters;;;;;;;;;;;;;;;;;;;;;;;;;;;;X;;
https://drive.google.com/drive/folders/0B6AOxJnEpZPbMld0cmpBaV9RMDA?resourcekey=0-jdHhqXNEvr_j478Dred0iQ;Posters Spring 2016;https://drive.google.com/file/d/0ByuZ8G6VAGt7Z3huR0hTZ0toRFU/view?resourcekey=0-wTtNjg4_l3bDtubDvxVPSA;P18 Post-Operative Spine: Spectrum of 99mTc-MDP Bone SPECT/CT Appearances;Winner of Certificate of Merit;2016;Yes;Events;Posters;;X;;;;;;;;;;;;;;;;;;;;;;;;;;;;
https://drive.google.com/drive/folders/0B6AOxJnEpZPbMld0cmpBaV9RMDA?resourcekey=0-jdHhqXNEvr_j478Dred0iQ;Posters Spring 2016;https://drive.google.com/file/d/0B6AOxJnEpZPbVFM1T0xDWExocHc/view?resourcekey=0-w8x6ttxyR1hl3pOQp9N0Kg;P19 SPECT-CT in Symptomatic Hip Replacement - Correlation Between Radiological Findings and Orthopaedic Clinical/Surgical Outcomes?;;2016;Yes;Events;Posters;;X;;;;;;;;;;;;;;;;;;;;;;;;;;;;
https://drive.google.com/drive/folders/0B6AOxJnEpZPbMld0cmpBaV9RMDA?resourcekey=0-jdHhqXNEvr_j478Dred0iQ;Posters Spring 2016;https://drive.google.com/file/d/0ByuZ8G6VAGt7U2xGVWVjam1pQnM/view?resourcekey=0-htasfeb5vE236r5A03LWjA;P21 The Value of SPECT-CT in Diagnosing Post-operative Pain in the Foot and Ankle;;2016;Yes;Events;Posters;;X;;;;;;;;;;;;;;;;;;;;;;;;;;;;
https://drive.google.com/drive/folders/0B6AOxJnEpZPbMld0cmpBaV9RMDA?resourcekey=0-jdHhqXNEvr_j478Dred0iQ;Posters Spring 2016;https://drive.google.com/file/d/0B6AOxJnEpZPbZmVPMW1oT09ucWs/view?resourcekey=0-Bw6PZTAiUa1dk8-CQdcr3g;P22 Bone Scan with SPECT CT in a Child With Severe Elbow Pain: Paediatric Bone Scan SPECT/CT Technique in Detail;;2016;Yes;Events;Posters;;X;;;;;;;;;;;;;;;;;;;;;;;;;;;;
https://drive.google.com/drive/folders/0B6AOxJnEpZPbMld0cmpBaV9RMDA?resourcekey=0-jdHhqXNEvr_j478Dred0iQ;Posters Spring 2016;https://drive.google.com/file/d/0B6AOxJnEpZPbbEU0dzBvaFl5Nzg/view?resourcekey=0-6SS3eZx1vLw97FC5XaEtmg;P23 Intraosseous Haemangiomas on Tc99m-MDP SPECT-CT;;2016;Yes;Events;Posters;;X;;;;;;;;;;;;;;;;;;;;;;;;;;;;
https://drive.google.com/drive/folders/0B6AOxJnEpZPbMld0cmpBaV9RMDA?resourcekey=0-jdHhqXNEvr_j478Dred0iQ;Posters Spring 2016;https://drive.google.com/file/d/0B6AOxJnEpZPbeDNmbmFuX1RNalE/view?resourcekey=0-XQjIs5v_57ArMdDCxu-83w;P25 Pictorial Atlas of 18F-FDG PET/CT in Colorectal Cancer;;2016;Yes;Events;Posters;;;;;;;;;;;;;;;;;;X;;;;;;;;;;;;
https://drive.google.com/drive/folders/0B6AOxJnEpZPbMld0cmpBaV9RMDA?resourcekey=0-jdHhqXNEvr_j478Dred0iQ;Posters Spring 2016;https://drive.google.com/file/d/0ByuZ8G6VAGt7VEg5QWNLNU9ROEU/view?resourcekey=0-iGRA8wqeUdORPEtuifg8_w;P26 A Pictorial Review of Extra-nodal Presentation of Lymphoma and lymphoma Mimics on PET-CT;;2016;Yes;Events;Posters;;;;;;;;;;;;;;;;;;;;X;;;;;;;;;;
https://drive.google.com/drive/folders/0B6AOxJnEpZPbMld0cmpBaV9RMDA?resourcekey=0-jdHhqXNEvr_j478Dred0iQ;Posters Spring 2016;https://drive.google.com/file/d/0ByuZ8G6VAGt7NkNNaV9VZ0tBbDQ/view?resourcekey=0-NOu79PfmWXYfsOf827eVtg;P27 Artefacts and Diagnostic Pitfalls in PET/MRI;Winner of Multimodality Poster Prize;2016;Yes;Events;Posters;;;;;;;;;;;;;;;;;;;;;;X;;;;;;;;
https://drive.google.com/drive/folders/0B6AOxJnEpZPbMld0cmpBaV9RMDA?resourcekey=0-jdHhqXNEvr_j478Dred0iQ;Posters Spring 2016;https://drive.google.com/file/d/0B6AOxJnEpZPbM1FHM0VuTGZURk0/view?resourcekey=0-SyltLBBQXqdPq6XvdcA4lA;P28 PET/CT & Radiotherapy Planning for Gastro-Oesophageal Cancers: The South East Wales Approach;;2016;Yes;Events;Posters;;;;;;;;;;;;;;;;;;;;X;;;;;;;;;;
https://drive.google.com/drive/folders/0B6AOxJnEpZPbMld0cmpBaV9RMDA?resourcekey=0-jdHhqXNEvr_j478Dred0iQ;Posters Spring 2016;https://drive.google.com/file/d/0B6AOxJnEpZPbTy1GeEVoU0Z4UXM/view?resourcekey=0-dM1APdprrYH7QqEfcWxqMA;P29 18F FDG PET-CT in Staging Small Cell Lung Cancer;;2016;Yes;Events;Posters;;;;;;;;;;;;;;;;;;;;X;;;;;;;;;;
https://drive.google.com/drive/folders/0B6AOxJnEpZPbMld0cmpBaV9RMDA?resourcekey=0-jdHhqXNEvr_j478Dred0iQ;Posters Spring 2016;https://drive.google.com/file/d/0B6AOxJnEpZPbMlliTzU3T0JJQWhUTnJual9kTS0zNmFRNHhF/view?resourcekey=0-Tnfjm_0bES-j6vHME7xjqA;P30 Gallium-68 DOTANOC PET/CT in Imaging Neuroendocrine Tumours: Pearls, Pitfalls and Pathology;;2016;Yes;Events;Posters;;;;;;;;;;;;;;;;;;;;X;;;;;;;;;;
https://drive.google.com/drive/folders/0B6AOxJnEpZPbMld0cmpBaV9RMDA?resourcekey=0-jdHhqXNEvr_j478Dred0iQ;Posters Spring 2016;https://drive.google.com/file/d/0ByuZ8G6VAGt7c2MyZ0Q4V3Y4QlE/view?resourcekey=0-lDoPjkKjeIhtCgxfNw05Zg;P31 A Pictorial Review of Extra-nodal Presentation of Lymphoma and Lymphoma Mimics on PET-CT;;2016;Yes;Events;Posters;;;;;;;;;;;;;;;;;;;;X;;;;;;;;;;
https://drive.google.com/drive/folders/0B6AOxJnEpZPbMld0cmpBaV9RMDA?resourcekey=0-jdHhqXNEvr_j478Dred0iQ;Posters Spring 2016;https://drive.google.com/file/d/0B6AOxJnEpZPbUjFDb1hPOEJDOHM/view?resourcekey=0-ZLOMLB9jofV9KqXGuuT4Rg;P32 Colocalisation Analysis of Brown Adipose Tissue on Serial 18F-FDG PET/CT Scans Implies Fixed Deposits;;2016;Yes;Events;Posters;;;;;;;;;;;;;;;;;;;;X;;;;;;;;;;
https://drive.google.com/drive/folders/0B6AOxJnEpZPbMld0cmpBaV9RMDA?resourcekey=0-jdHhqXNEvr_j478Dred0iQ;Posters Spring 2016;https://drive.google.com/file/d/0B6AOxJnEpZPbVVRRN2FUN2FPYXM/view?resourcekey=0-UK87u-FdgpkezZX3SDaouA;P33 Determinants of Human Brown Adipose Tissue Prevalence and Volume on 18F-FDG PET/CT Scans: A Retrospective Analysis of 3,295 Cases;;2016;Yes;Events;Posters;;;;;;;;;;;;;;;;;;;;X;;;;;;;;;;
https://drive.google.com/drive/folders/0B6AOxJnEpZPbMld0cmpBaV9RMDA?resourcekey=0-jdHhqXNEvr_j478Dred0iQ;Posters Spring 2016;https://drive.google.com/file/d/0ByuZ8G6VAGt7MmFtS3N3d2pNVEU/view?resourcekey=0-IjMQveGGPb7KW_HjUpW2Vg;P35 Usefulness of Complementary Multimodality Imaging in Diagnosing rare Lymphoma Cases;;2016;Yes;Events;Posters;;;;;;;;;;;;;;;;;;X;;;;;;;;;;;;
https://drive.google.com/drive/folders/0B6AOxJnEpZPbMld0cmpBaV9RMDA?resourcekey=0-jdHhqXNEvr_j478Dred0iQ;Posters Spring 2016;https://drive.google.com/file/d/0ByuZ8G6VAGt7cVR5QUZJOWFvRHc/view?resourcekey=0-BUOfesxS2vegBJnew5SFuw;P36 An Evaluation of New PET-CT Parameters in Predicting Recurrence of Lung Carcinoid Disease: Tumour Shape and Uptake Heterogeneity;;2016;Yes;Events;Posters;;;;;;;;;;;;;;;;;;;;X;;;;;;;;;;
https://drive.google.com/drive/folders/0B6AOxJnEpZPbMld0cmpBaV9RMDA?resourcekey=0-jdHhqXNEvr_j478Dred0iQ;Posters Spring 2016;https://drive.google.com/file/d/0ByuZ8G6VAGt7YndrRWo4ZXhWVW8/view?resourcekey=0-tQ2n-FTgaK7Y5ZVoyXk4fg;P37 The use of PET-CT in Patients with Pyrexia of Unknown Origin;;2016;Yes;Events;Posters;;;;;;;;;;;;;;;;;;;;X;;;;;;;;;;
https://drive.google.com/drive/folders/0B6AOxJnEpZPbMld0cmpBaV9RMDA?resourcekey=0-jdHhqXNEvr_j478Dred0iQ;Posters Spring 2016;https://drive.google.com/file/d/0ByuZ8G6VAGt7LUlDd0l5U0hyNjg/view?resourcekey=0-FjgP8W2w-dWVyFaj6tNFkQ;P39 Improving Repeatability in Quantitative Analysis of F-18 FDG PET/CT Cardiac Sarcoidosis Imaging.;;2016;Yes;Events;Posters;;;;;;;;;;;;;;;;;;;;X;;;;;;;;;;
https://drive.google.com/drive/folders/0B6AOxJnEpZPbMld0cmpBaV9RMDA?resourcekey=0-jdHhqXNEvr_j478Dred0iQ;Posters Spring 2016;https://drive.google.com/file/d/0ByuZ8G6VAGt7am5QOV9yWlB6S2M/view?resourcekey=0-pSaCvisMSmTAMX6nBZqsaQ;P40 Single Centre Initial Experience with F18-Fluobetapir PET-CT for the Assessment of Brain Amyloid Deposition to Aid Diagnosis of Alzheimer’s disease;;2016;Yes;Events;Posters;;;;;;;;;;;;;;;;;X;;;;;;;;;;;;;
https://drive.google.com/drive/folders/0B6AOxJnEpZPbMld0cmpBaV9RMDA?resourcekey=0-jdHhqXNEvr_j478Dred0iQ;Posters Spring 2016;https://drive.google.com/file/d/0ByuZ8G6VAGt7bjV5TmdfVVFkUVk/view?resourcekey=0-fK01inkXL_FKMwzs14EVRQ;P42 A Randomised, Controlled, Multicentre, International Study of the Impact of Florbetapir (18F) PET Amyloid Imaging on Patient Diagnosis and Management;;2016;Yes;Events;Posters;;;;;;;;;;;;;;;;;X;;;;;;;;;;;;;
https://drive.google.com/drive/folders/0B6AOxJnEpZPbMld0cmpBaV9RMDA?resourcekey=0-jdHhqXNEvr_j478Dred0iQ;Posters Spring 2016;https://drive.google.com/file/d/0B6AOxJnEpZPbbFJoc1RVaFFXaE0/view?resourcekey=0-UrEEgS5qBSbaUJKtbYEoDw;P43 Clinical Utility of SUV-SPECT for 123I-DaTSCAN Reporting;;2016;Yes;Events;Posters;;;;;;;;;;;;;;;;;X;;;;;;;;;;;;;
https://drive.google.com/drive/folders/0B6AOxJnEpZPbMld0cmpBaV9RMDA?resourcekey=0-jdHhqXNEvr_j478Dred0iQ;Posters Spring 2016;https://drive.google.com/file/d/0B6AOxJnEpZPbTTBZVTNjUEN4Q3IyU1FPblZFeW1kbVFqYVd3/view?resourcekey=0-Vg4G0Ng_aZdZmaqLLfRQ8Q;P44 Negative and Positive Predictive Values for DaTSpect Scan Reporting at The Royal United Hospital, Bath.;;2016;Yes;Events;Posters;;;;;;;;;;;;;;;;;X;;;;;;;;;;;;;
https://drive.google.com/drive/folders/0B6AOxJnEpZPbMld0cmpBaV9RMDA?resourcekey=0-jdHhqXNEvr_j478Dred0iQ;Posters Spring 2016;https://drive.google.com/file/d/0B6AOxJnEpZPbazRtMHloWVhsSkk/view?resourcekey=0-0VjXFWJsZJVr_TCx8TyYGQ;P46 Inter-reader Variability of 18F-Florbetapir (Amyvid) PET/CT Brain Examinations;;2016;Yes;Events;Posters;;;;;;;;;;;;;;;;;X;;;;;;;;;;;;;
https://drive.google.com/drive/folders/0B6AOxJnEpZPbMld0cmpBaV9RMDA?resourcekey=0-jdHhqXNEvr_j478Dred0iQ;Posters Spring 2016;https://drive.google.com/file/d/0B6AOxJnEpZPbcFlfUHFVbVlsbDdDTXRyNkpWTHRVTjdwZEhv/view?resourcekey=0-7SHypfWW0uycfFLbcQjWJA;P48 Impact of 18F- Florbetapir PET-CT on the Management of Patients with a Possible Diagnosis of Alzheimer’s Disease;;2016;Yes;Events;Posters;;;;;;;;;;;;;;;;;X;;;;;;;;;;;;;
https://drive.google.com/drive/folders/0B6AOxJnEpZPbMld0cmpBaV9RMDA?resourcekey=0-jdHhqXNEvr_j478Dred0iQ;Posters Spring 2016;https://drive.google.com/file/d/0ByuZ8G6VAGt7UjZwSWFvRzN2Mzg/view?resourcekey=0-Odhp6m_L806HSgztGSirVw;P49 Regional HMPAO SPECT Imaging Abnormality Predicts Alzheimer's Disease CSF Biomarker Status;Winner of Certificate of Merit;2016;Yes;Events;Posters;;;;;;;;;;;;;;;;;X;;;;;;;;;;;;;
https://drive.google.com/drive/folders/0B6AOxJnEpZPbMld0cmpBaV9RMDA?resourcekey=0-jdHhqXNEvr_j478Dred0iQ;Posters Spring 2016;https://drive.google.com/file/d/0B6AOxJnEpZPbWjlvRXBmME5UZFBxcm5PaE8zbGVHZFI1NHVj/view?resourcekey=0-rvHJdvRMnRdP6mS9aR9SnQ;P50 Cerebral Metastasis with Increased Uptake of 99mTc-HMDP Individualized in a SPECT-CT Study;;2016;Yes;Events;Posters;;X;;;;;;;;;;;;;;;;;;;;;;;;;;;;
https://drive.google.com/drive/folders/0B6AOxJnEpZPbMld0cmpBaV9RMDA?resourcekey=0-jdHhqXNEvr_j478Dred0iQ;Posters Spring 2016;https://drive.google.com/file/d/0B6AOxJnEpZPbS0tGMlR3WV83eEk/view?resourcekey=0-eg5ETc4rbLYzeuVfNIri-g;P51 Investigating Different Attenuation Correction Methods in Tc99m HMPAO SPECT-CT Brain Perfusion Images;;2016;Yes;Events;Posters;;;;;;;;;;;;;;;;;X;;;;;;;;;;;;;
https://drive.google.com/drive/folders/0B6AOxJnEpZPbMld0cmpBaV9RMDA?resourcekey=0-jdHhqXNEvr_j478Dred0iQ;Posters Spring 2016;https://drive.google.com/file/d/0B6AOxJnEpZPbZFh2UkZRTkJWWTlDWk5rdTZSQ082NTNRekZN/view?resourcekey=0-6dlH6Y_ERZGi4s2HG-R-FA;P52 PRRT Patient Specific Dosimetry: Variation in Organ and Tumour Dose Demonstrates Limitations of Fixed Administered Activity Regimes;Winner of Certificate of Merit;2016;Yes;Events;Posters;;;;;;;;;;;;;;;;;;;;;X;;;;;;;;;
https://drive.google.com/drive/folders/0B6AOxJnEpZPbMld0cmpBaV9RMDA?resourcekey=0-jdHhqXNEvr_j478Dred0iQ;Posters Spring 2016;https://drive.google.com/file/d/0B6AOxJnEpZPba09hQzNOeWFtY1k/view?resourcekey=0-URuZ-v4diUA303XfxiKO0Q;P53 Dose-rate Measurements from RRA Patients Treated with 1.1 GBq of I-131;Winner of Certificate of Merit;2016;Yes;Events;Posters;;;;;;;;;;;;;;;;;;;;;;;;;;;;X;;
https://drive.google.com/drive/folders/0B6AOxJnEpZPbMld0cmpBaV9RMDA?resourcekey=0-jdHhqXNEvr_j478Dred0iQ;Posters Spring 2016;https://drive.google.com/file/d/0ByuZ8G6VAGt7T0NmRzFZS1V4dHc/view?resourcekey=0-EuXnX-bJ5ZHqQQ7v-q9bKg;P54 Referral and Treatment Patterns for Radium-223 (Ra-223) Radionuclide Therapy in the First 21 months of Service: South of England Single Centre Experience;Winner of Certificate of Merit;2016;Yes;Events;Posters;;;;;;;;;;;;;;;;X;;;;;;;;;;;;;;
https://drive.google.com/drive/folders/0B6AOxJnEpZPbMld0cmpBaV9RMDA?resourcekey=0-jdHhqXNEvr_j478Dred0iQ;Posters Spring 2016;https://drive.google.com/file/d/0B6AOxJnEpZPbbUxJYldEWFlJWFU/view?resourcekey=0-6S4B5NX5JpWKc_U4Ha2jbA;P55 Repeat Radioiodine Therapy Treatments in Benign Thyroid Disease;;2016;Yes;Events;Posters;;;;;;;;;;;;;;;;;;;;;;;X;;;;;;;
https://drive.google.com/drive/folders/0B6AOxJnEpZPbMld0cmpBaV9RMDA?resourcekey=0-jdHhqXNEvr_j478Dred0iQ;Posters Spring 2016;https://drive.google.com/file/d/0ByuZ8G6VAGt7elJGekRrYTQ0TXc/view?resourcekey=0-yc5VZPIb1lPpL7z23oH8aQ;P56 Maximum Activity of Radium-223 for Cremation of Corpses Without Special Precaution;Winner of Certificate of Merit;2016;Yes;Events;Posters;;;;;;;;;;;;;;;;;;;;;;;X;;;;;;;
https://drive.google.com/drive/folders/0B6AOxJnEpZPbMld0cmpBaV9RMDA?resourcekey=0-jdHhqXNEvr_j478Dred0iQ;Posters Spring 2016;https://drive.google.com/file/d/0ByuZ8G6VAGt7ZFZmQlVoYUNubVU/view?resourcekey=0-EOqtQCDPBPMXzEXart38dg;P57 Audit of Pre-assessment of Thyroid Cancer Patients Being Treated with Radioiodine.;Winner of Certificate of Merit;2016;Yes;Events;Posters;;;;;;;;;;;;;;;;;;;;;;;;;;;;X;;
https://drive.google.com/drive/folders/0B6AOxJnEpZPbMld0cmpBaV9RMDA?resourcekey=0-jdHhqXNEvr_j478Dred0iQ;Posters Spring 2016;https://drive.google.com/file/d/0ByuZ8G6VAGt7eWdLZi1JLXFoMHM/view?resourcekey=0-hsRtcTpSx7XH1c7ll-hyKQ;P58 Outcome of Ablation with Low Activity Radio-active Iodine (1.1 GBq) in Patients with Differentiated Thyroid Cancer;Winner of Certificate of Merit;2016;Yes;Events;Posters;;;;;;;;;;;;;;;;;;;;;;;;;;;;X;;
https://drive.google.com/drive/folders/0B6AOxJnEpZPbMld0cmpBaV9RMDA?resourcekey=0-jdHhqXNEvr_j478Dred0iQ;Posters Spring 2016;https://drive.google.com/file/d/0B6AOxJnEpZPbREc2Y2ZycHN6Zlk/view?resourcekey=0-U49xGs1Zd1zvnL_wVzhV7w;P59 Can the ATA risk of Recurrence Predict the Likelihood of Developing Radioiodine Refractory Differentiated Thyroid Cancer?;;2016;Yes;Events;Posters;;;;;;;;;;;;;;;;;;;;;;;;;;;;X;;
https://drive.google.com/drive/folders/0B6AOxJnEpZPbMld0cmpBaV9RMDA?resourcekey=0-jdHhqXNEvr_j478Dred0iQ;Posters Spring 2016;https://drive.google.com/file/d/0ByuZ8G6VAGt7Z0dCMmc3VGJwck0/view?resourcekey=0-aA1I0Nc3G-TOVGAxsOfECw;"P61 Radium-223 and the District General Hospital; The First Patients at Darlington Memorial Hospital";;2016;Yes;Events;Posters;;;;;;;;;;;;;;;;X;;;;;;;;;;;;;;
https://drive.google.com/drive/folders/0B6AOxJnEpZPbMld0cmpBaV9RMDA?resourcekey=0-jdHhqXNEvr_j478Dred0iQ;Posters Spring 2016;https://drive.google.com/file/d/0ByuZ8G6VAGt7dXN4TGJNTmo5dVU/view?resourcekey=0-rugq0DxUh80QuGh4X0ItvA;P62 Glomerular Filtration Rate - A Clinical Audit;;2016;Yes;Events;Posters;;;;;;;;;;;;;;;;;;;;;;;;;;X;;;;
https://drive.google.com/drive/folders/0B6AOxJnEpZPbMld0cmpBaV9RMDA?resourcekey=0-jdHhqXNEvr_j478Dred0iQ;Posters Spring 2016;https://drive.google.com/file/d/0ByuZ8G6VAGt7Nk9NeWlDRGVHM2M/view?resourcekey=0-TRUN4VZ18PjsAxNpjplAeA;P63 ImageJ: Enhancing Processing and Display of Nuclear Medicine Studies;;2016;Yes;Events;Posters;;;;;;;;;;;;;;;;;;;;;;X;;;;;;;;
https://drive.google.com/drive/folders/0B6AOxJnEpZPbMld0cmpBaV9RMDA?resourcekey=0-jdHhqXNEvr_j478Dred0iQ;Posters Spring 2016;https://drive.google.com/file/d/0B6AOxJnEpZPbV0Ewb0J1X2VmX0ZKSXFGZl92QUhNQWdpMlJj/view?resourcekey=0-smtGuowbVflTmk3iAikHKg;P64 An Analysis of 2 Methods of Area Under the Curve Renography Processing to Establish Whether the Time Frame of Analysis Influences Results;;2016;Yes;Events;Posters;;;;;;;;;;;;;;;;;;;;;;;;;;X;;;;
https://drive.google.com/drive/folders/0B6AOxJnEpZPbMld0cmpBaV9RMDA?resourcekey=0-jdHhqXNEvr_j478Dred0iQ;Posters Spring 2016;https://drive.google.com/file/d/0ByuZ8G6VAGt7WU9pUHc0RDJYUEk/view?resourcekey=0-KFZKfWyV2utjWfRIPIaGZQ;P65 Average Linear Smoothness: A New Heterogeneity Parameter;Winner of Certificate of Merit;2016;Yes;Events;Posters;;;;;;;;;;;;;;;;;;;;;;X;;;;;;;;
https://drive.google.com/drive/folders/0B6AOxJnEpZPbMld0cmpBaV9RMDA?resourcekey=0-jdHhqXNEvr_j478Dred0iQ;Posters Spring 2016;https://drive.google.com/file/d/0ByuZ8G6VAGt7ZWk3WGkxc0NvTzQ/view?resourcekey=0-YlOygybFe2O25yKBCIFfKQ;P66 A Cross-calibration Method for Determining Calibration Factors for Containers Used in the Hospital Environment;;2016;Yes;Events;Posters;;;;;;;;;;;;;;;;;;;;;X;;;;;;;;;
https://drive.google.com/drive/folders/0B6AOxJnEpZPbMld0cmpBaV9RMDA?resourcekey=0-jdHhqXNEvr_j478Dred0iQ;Posters Spring 2016;https://drive.google.com/file/d/0B6AOxJnEpZPbdk1rM0lJMGpnQ0U/view?resourcekey=0-xMQRFtNs8yRa_PNzM8dK3Q;P68 GFR Sample Counting in a Busy Nuclear Medicine Department: When is best?;;2016;Yes;Events;Posters;;;;;;;;;;;;;;;;;;;;;;;;;;X;;;;
https://drive.google.com/drive/folders/0B6AOxJnEpZPbMld0cmpBaV9RMDA?resourcekey=0-jdHhqXNEvr_j478Dred0iQ;Posters Spring 2016;https://drive.google.com/file/d/0ByuZ8G6VAGt7dDN6LXZ4Smc0cHc/view?resourcekey=0-zGf8ryCKcJ-_7ekQRsYbPg;P70 Relative Lung Perfusion: Planar vs SPECT;;2016;Yes;Events;Posters;;;;;;;;;;;;;X;;;;;;;;;;;;;;;;;
https://drive.google.com/drive/folders/0B6AOxJnEpZPbMld0cmpBaV9RMDA?resourcekey=0-jdHhqXNEvr_j478Dred0iQ;Posters Spring 2016;https://drive.google.com/file/d/0ByuZ8G6VAGt7cHBRT2lqNXFMQms/view?resourcekey=0-xEZeGj1W6yrI2uZTEQpu7A;P71 Validating an Automatic Delineation Method for Lesion Detection in SPECT/CT;;2016;Yes;Events;Posters;;;;;;;;;;;;;;;;;;;;;;X;;;;;;;;
https://drive.google.com/drive/folders/0B6AOxJnEpZPbMld0cmpBaV9RMDA?resourcekey=0-jdHhqXNEvr_j478Dred0iQ;Posters Spring 2016;https://drive.google.com/file/d/0B6AOxJnEpZPbcVlFbnY1bEJESjA/view?resourcekey=0-zyumHSOFKAWukyIGU7i9ug;P73 Qualitative Assessment of Image Quality with Siemens xSPECT Reconstruction;;2016;Yes;Events;Posters;;;;;;;;;;;;;;;;;;;;;;X;;;;;;;;
https://drive.google.com/drive/folders/0B6AOxJnEpZPbMld0cmpBaV9RMDA?resourcekey=0-jdHhqXNEvr_j478Dred0iQ;Posters Spring 2016;https://drive.google.com/file/d/0B6AOxJnEpZPbTHdteFdTZFhLdGJyLWxTUHVHcjhrN1N1SzRF/view?resourcekey=0-ycKaDCdQjtmzE7chbrBIZA;P74 Initial Experiences of Using Hermes SUV-SPECT® Software for the Evaluation of Lu-177 DOTATATE PRRT in NET Patients;Winner of Certificate of Merit;2016;Yes;Events;Posters;;;;;;;;;;;;;;;;;;;;;X;;;;;;;;;
https://drive.google.com/drive/folders/0B6AOxJnEpZPbMld0cmpBaV9RMDA?resourcekey=0-jdHhqXNEvr_j478Dred0iQ;Posters Spring 2016;https://drive.google.com/file/d/0ByuZ8G6VAGt7N1h5aFhCNTNKYlU/view?resourcekey=0-7rMBi00aY-tLOVwS4fe1xg;P75 Penalised Deconvolution of SPECT Images for Tumour Dosimetry;;2016;Yes;Events;Posters;;;;;;;;;;;;;;;;;;;;;X;;;;;;;;;
https://drive.google.com/drive/folders/0B6AOxJnEpZPbMld0cmpBaV9RMDA?resourcekey=0-jdHhqXNEvr_j478Dred0iQ;Posters Spring 2016;https://drive.google.com/file/d/0B6AOxJnEpZPbZTRkLXdJVDNSVU0/view?resourcekey=0-SbuJrcxk_UHTateQq03j4A;P76 Assessment Of Bed Overlap In Multi-FOV SPECT/CT;;2016;Yes;Events;Posters;;;;;;;;;;;;;;;;;;;;;;X;;;;;;;;
https://drive.google.com/drive/folders/0B6AOxJnEpZPbMld0cmpBaV9RMDA?resourcekey=0-jdHhqXNEvr_j478Dred0iQ;Posters Spring 2016;https://drive.google.com/file/d/0B6AOxJnEpZPbaWY1S0twak42OUk/view?resourcekey=0-ZZ62s7WZSXVZkNR-8tbXzQ;P77 A Novel Two-sample Approach for Clinical SPECT Noise Estimation;Winner of 3rd Poster Prize;2016;Yes;Events;Posters;;;;;;;;;;;;;;;;;;;;;;X;;;;;;;;
https://drive.google.com/drive/folders/0B6AOxJnEpZPbMld0cmpBaV9RMDA?resourcekey=0-jdHhqXNEvr_j478Dred0iQ;Posters Spring 2016;https://drive.google.com/file/d/0B6AOxJnEpZPbVzhzcUgxalp5ZG8/view?resourcekey=0-Q9nL0KIhwd4ASJ9nMI0tCA;P78 A-priori Noise Estimation for Maintaining VQ SPECT Image Quality;Winner of 1st Poster Prize and Certificate of Merit;2016;Yes;Events;Posters;;;;;;;;;;;;;X;;;;;;;;;;;;;;;;;
https://drive.google.com/drive/folders/0B6AOxJnEpZPbMld0cmpBaV9RMDA?resourcekey=0-jdHhqXNEvr_j478Dred0iQ;Posters Spring 2016;https://drive.google.com/file/d/0B6AOxJnEpZPbakF5SDVmNWN2Y2M/view?resourcekey=0-MOmeKn146BlzMD86lJhDdw;P80 Respiratory Motion Correction of Myocardial Perfusion Images on a Solid State Cardiac Camera;Winner of Certificate of Merit;2016;Yes;Events;Posters;;;X;;;;;;;;;;;;;;;;;;;;;;;;;;;
https://drive.google.com/drive/folders/0B6AOxJnEpZPbMld0cmpBaV9RMDA?resourcekey=0-jdHhqXNEvr_j478Dred0iQ;Posters Spring 2016;https://drive.google.com/file/d/0B6AOxJnEpZPbQ3hjN1JISERKd1U/view?resourcekey=0-x5r7O8C48JpbAHsggT9Cqw;P81 123I SPECT Calibration Considerations for Accurate Quantification (SUV);;2016;Yes;Events;Posters;;;;;;;;;;;;;;;;;;;;;;X;;;;;;;;
https://drive.google.com/drive/folders/0B6AOxJnEpZPbMld0cmpBaV9RMDA?resourcekey=0-jdHhqXNEvr_j478Dred0iQ;Posters Spring 2016;https://drive.google.com/file/d/0ByuZ8G6VAGt7Q0pOd21xU2JvY00/view?resourcekey=0-qjw7fCjfU764RQIAH73tNQ;P82 Can We Improve Our SPECT VQs?;;2016;Yes;Events;Posters;;;;;;;;;;;;;X;;;;;;;;;;;;;;;;;
https://drive.google.com/drive/folders/0B6AOxJnEpZPbMld0cmpBaV9RMDA?resourcekey=0-jdHhqXNEvr_j478Dred0iQ;Posters Spring 2016;https://drive.google.com/file/d/0B6AOxJnEpZPbZ3hDOVVKT1lTZ1U/view?resourcekey=0-KMUkf068d_Ke-sR2G3Ow4w;P83 Phantom Study on the Effect of CT Zone Maps on Quantitative Results with Siemens xSPECT Quant;Winner of Certificate of Merit;2016;Yes;Events;Posters;;;;;;;;;;;;;;;;;;;;;;X;;;;;;;;
https://drive.google.com/drive/folders/0B6AOxJnEpZPbMld0cmpBaV9RMDA?resourcekey=0-jdHhqXNEvr_j478Dred0iQ;Posters Spring 2016;https://drive.google.com/file/d/0B6AOxJnEpZPbZTRZc09rNkVhNkE/view?resourcekey=0-vwBzipBwko6E4ASfdO9JPg;P84 Step and Shoot vs Continuous Acquisition;;2016;Yes;Events;Posters;;;;;;;;;X;;;;;;;;;;;;;;;;;;;;;
https://drive.google.com/drive/folders/0B6AOxJnEpZPbMld0cmpBaV9RMDA?resourcekey=0-jdHhqXNEvr_j478Dred0iQ;Posters Spring 2016;https://drive.google.com/file/d/0ByuZ8G6VAGt7UDM4VHJPSGV4UzQ/view?resourcekey=0-DfiWwjgpKAGh30QrRaaP4g;P85 Initial Experience and Comparison of Quantitative SPECT Systems;;2016;Yes;Events;Posters;;;;;;;;;X;;;;;;;;;;;;;;;;;;;;;
https://drive.google.com/drive/folders/0B6AOxJnEpZPbMld0cmpBaV9RMDA?resourcekey=0-jdHhqXNEvr_j478Dred0iQ;Posters Spring 2016;https://drive.google.com/file/d/0ByuZ8G6VAGt7ZDI2OVZoNjVTOEk/view?resourcekey=0-U5M30MyxSquOAkVicoDoaw;P86 A Dynamic Motion Correction Algorithm for Paediatric DMSA;;2016;Yes;Events;Posters;;;;;;;;;;;;;;;;;;;X;;;;;;;;;;;
https://drive.google.com/drive/folders/0B6AOxJnEpZPbMld0cmpBaV9RMDA?resourcekey=0-jdHhqXNEvr_j478Dred0iQ;Posters Spring 2016;https://drive.google.com/file/d/0ByuZ8G6VAGt7TEhRc0lJNWNhU2s/view?resourcekey=0-v-hGqgjW4PNJ7f5XcvcoVg;P88 Investigation of the Use of Scatter Limit to Reduce Wash-out Artefacts on GE Discovery 710;;2016;Yes;Events;Posters;;;;;;;;;;;;;;;;;;;;;;X;;;;;;;;
https://drive.google.com/drive/folders/0B6AOxJnEpZPbMld0cmpBaV9RMDA?resourcekey=0-jdHhqXNEvr_j478Dred0iQ;Posters Spring 2016;https://drive.google.com/file/d/0ByuZ8G6VAGt7TEtycklBal9ta0E/view?resourcekey=0-5Fodd6NaBvTknvNtDeTE2Q;P89 Characterising Dead Time for 131I on the Siemens Symbia Intevo Gamma Camera;;2016;Yes;Events;Posters;;;;;;;;;X;;;;;;;;;;;;;;;;;;;;;
https://drive.google.com/drive/folders/0B6AOxJnEpZPbMld0cmpBaV9RMDA?resourcekey=0-jdHhqXNEvr_j478Dred0iQ;Posters Spring 2016;https://drive.google.com/file/d/0ByuZ8G6VAGt7LWJ3VUJMcWZBd00/view?resourcekey=0-KyZpl8icAwgmqoM730YseQ;P90 Moving from a Fixed Dose to a Dose-by-weight Regime in FDG PET-CT using TRASIS Dose Dispenser;;2016;Yes;Events;Posters;;;;;;;;;;;;;;;;;;;;X;;;;;;;;;;
https://drive.google.com/drive/folders/0B6AOxJnEpZPbMld0cmpBaV9RMDA?resourcekey=0-jdHhqXNEvr_j478Dred0iQ;Posters Spring 2016;https://drive.google.com/file/d/0B6AOxJnEpZPbS0xzQWVfQ3F6Nm8/view?resourcekey=0-X2HOGwZcYpzpGRX09Rv7Fw;P91 Performance Characteristics of the NanoScan PET/CT 122S;;2016;Yes;Events;Posters;;;;;;;;;;;;;;;;;;;;X;;;;;;;;;;
https://drive.google.com/drive/folders/0B6AOxJnEpZPbMld0cmpBaV9RMDA?resourcekey=0-jdHhqXNEvr_j478Dred0iQ;Posters Spring 2016;https://drive.google.com/file/d/0ByuZ8G6VAGt7MkVQcHNZTEtyUVU/view?resourcekey=0-vkInvy8sbyUsrwVJHkg1QQ;P92 Use of a new 3D Segmentation Tool for Regional Quantitation of Lung Ventilation & Perfusion in Patients Scheduled for Lung Reduction Surgery;;2016;Yes;Events;Posters;;;;;;;;;;;;;X;;;;;;;;;;;;;;;;;
https://drive.google.com/drive/folders/0B6AOxJnEpZPbMld0cmpBaV9RMDA?resourcekey=0-jdHhqXNEvr_j478Dred0iQ;Posters Spring 2016;https://drive.google.com/file/d/0ByuZ8G6VAGt7NUZyT3dCVWpWTFE/view?resourcekey=0-w93jgptry5BO3erhPIb1ag;P93 Shielding Calculations for Barriers Containing Duct Penetrations in a PET Cyclotron Bunker;;2016;Yes;Events;Posters;;;;;;;;;;;;;;;;;;;;;;;X;;;;;;;
https://drive.google.com/drive/folders/0B6AOxJnEpZPbMld0cmpBaV9RMDA?resourcekey=0-jdHhqXNEvr_j478Dred0iQ;Posters Spring 2016;https://drive.google.com/file/d/0B6AOxJnEpZPbQW9Bek9CVFZRMGs/view?resourcekey=0-UsH6ncrBhg1L5IWJmiTu2w;P94 Effect of Fat-water Swaps on Quantitative Accuracy of PET Images Reconstructed with a Dixon Method for Attenuation Correction;Winner of Certificate of Merit;2016;Yes;Events;Posters;;;;;;;;;;;;;;;;;;;;;;X;;;;;;;;
https://drive.google.com/drive/folders/0B6AOxJnEpZPbMld0cmpBaV9RMDA?resourcekey=0-jdHhqXNEvr_j478Dred0iQ;Posters Spring 2016;https://drive.google.com/file/d/0ByuZ8G6VAGt7TWd1dlJiTWhwQms/view?resourcekey=0-7Ei3IlBwC7pwl8y6tlaPkw;P95 Effect of Slice Overlap on Axial Uniformity in Step and Shoot PET/CT;Winner of Certificate of Merit;2016;Yes;Events;Posters;;;;;;;;;;;;;;;;;;;;;;X;;;;;;;;
https://drive.google.com/drive/folders/0B6AOxJnEpZPbMld0cmpBaV9RMDA?resourcekey=0-jdHhqXNEvr_j478Dred0iQ;Posters Spring 2016;https://drive.google.com/file/d/0ByuZ8G6VAGt7Ulh5MTM5Z0tHbTg/view?resourcekey=0-BVn0X8V76nicIvibzU9sOw;P96 Optimisation of Computed Tomography (CT) Based Attenuation Correction for Positron Emission Tomography (PET) on a Siemens Biograph mCT Flow PET/CT Scanner;;2016;Yes;Events;Posters;;;;;;;;;;;;;;;;;;;;X;;;;;;;;;;
https://drive.google.com/drive/folders/0B6AOxJnEpZPbMld0cmpBaV9RMDA?resourcekey=0-jdHhqXNEvr_j478Dred0iQ;Posters Spring 2016;https://drive.google.com/file/d/0ByuZ8G6VAGt7b25PNkt0X2lwc00/view?resourcekey=0-aEMTrqmxcxvHKTXfMSLYog;P97 Assessment of Q.Clear Reconstruction on FDG Brain Imaging using a Hoffman Phantom;;2016;Yes;Events;Posters;;;;;;;;;;;;;;;;;X;;;;;;;;;;;;;
https://drive.google.com/drive/folders/0B6AOxJnEpZPbMld0cmpBaV9RMDA?resourcekey=0-jdHhqXNEvr_j478Dred0iQ;Posters Spring 2016;https://drive.google.com/file/d/0ByuZ8G6VAGt7X3JubHpsWk5BMzA/view?resourcekey=0-iBRT1SldStbjFTxVtbAOAg;P98 Estimation of Bladder Voiding Factor from Patients Undergoing PET/CT Imaging with 18F-FDG Using External Radiation Dose Rate Measurements;;2016;Yes;Events;Posters;;;;;;;;;;;;;;;;;;;;X;;;;;;;;;;
https://drive.google.com/drive/folders/0B6AOxJnEpZPbMld0cmpBaV9RMDA?resourcekey=0-jdHhqXNEvr_j478Dred0iQ;Posters Spring 2016;https://drive.google.com/file/d/0ByuZ8G6VAGt7dWZMYWxpYnVXNzQ/view?resourcekey=0-tHSvoCg7jgzFjZ23KbcPOQ;P99 Five Year Experience with Staff Dose for PET/CT at PSMMC in Saudi Arabia;;2016;Yes;Events;Posters;;;;;;;;;;;;;;;;;;;;;;;X;;;;;;;
https://drive.google.com/drive/folders/0B6AOxJnEpZPbMld0cmpBaV9RMDA?resourcekey=0-jdHhqXNEvr_j478Dred0iQ;Posters Spring 2016;https://drive.google.com/file/d/0B6AOxJnEpZPbb3BNeE9ESmd5aHNnaEgzTVZvYWtVb3lpNm5R/view?resourcekey=0-QUKQ41D7F3AJFtA5Eix2OQ;P100 PET Explained Using Only the Ten-Hundred Most Commonly Used Words;;2016;Yes;Events;Posters;;;;;;;X;;;;;;;;;;;;;;;;;;;;;;;