"Excel row","Organisation","Department","Duplicate of row","Department UUID","Organisation UUID","Outcome","Changed fields","Blank fields preserved","address_line_1","address_line2","address_line_3","address_town_city","address_county","address_post_code","phone_number"
"2","Alder Hey Children's Hospital","Nuclear Medicine Stand Alone","","9671c845-e570-45fb-ae37-9e505d9769bb","9913f2a9-ff35-4e64-9c7e-78101e349c74","Updated and verified","address_line_1; address_town_city; address_county; address_post_code","address_line2; address_line_3; phone_number","Eaton Road","","","Liverpool","Merseyside","L12 2AP",""
"3","Alliance Medical Portsmouth PET-CT Centre","PET Centre","","2c1993ce-80a4-4e64-b337-546e3257768e","f4939226-4ee9-42d3-8722-4376fbea6514","Updated and verified","address_line_1; address_town_city; address_county; address_post_code","address_line2; address_line_3; phone_number","Southwick Hill Road","","","Portsmouth","Hampshire","PO6 3LY",""
"4","Altnagelvin Area Hospital","Radiopharmacy","","7e2f6621-2e6f-4c00-85f8-2b441c973d86","96990ff0-fc1f-4ce7-bc40-7c7268616ef9","Updated and verified","address_line_1; address_town_city; address_post_code","address_line2; address_line_3; address_county; phone_number","Glenshane Road","","","Londonderry","","BT47 6SB",""
"5","Altnagelvin Area Hospital","Radiology based Nuclear Medicine","","8eb093e1-4fb1-4ec9-aad2-83a2af2b2eab","96990ff0-fc1f-4ce7-bc40-7c7268616ef9","Updated and verified","address_line_1; address_town_city; address_post_code","address_line2; address_line_3; address_county; phone_number","Glenshane Road","","","Londonderry","","BT47 6SB",""
"6","Antrim Area Hospital","Nuclear Medicine Stand Alone","","8cfe8251-8586-48d4-8a34-212031de56f3","48aca279-1946-4ca2-8891-26fc7ee93576","Updated and verified","address_line_1; address_town_city; address_post_code","address_line2; address_line_3; address_county; phone_number","45 Bush Road","","","Antrim","","BT41 2RL",""
"7","Barnet Hospital","Radiology based Nuclear Medicine","","a513d727-8d6c-4a5d-ae6a-a094ed71ba2d","e5d90e63-b748-40d8-90ba-2c63f8da9920","Updated and verified","address_line_1; address_town_city; address_county; address_post_code","address_line2; address_line_3; phone_number","Wellhouse Lane","","","Barnet","Hertfordshire","EN5 3DJ",""
"8","Barnsley Hospital","Nuclear Medicine Stand Alone","","22224ec1-b0c9-4e0e-ba6d-a6da4970a59f","98941bc0-726e-43f0-bac2-0693a2f4626a","Updated and verified","address_line_1; address_town_city; address_county; address_post_code","address_line2; address_line_3; phone_number","Gawber Road","","","Barnsley","South Yorkshire","S75 2EP",""
"9","Barnsley Hospital","Radiopharmacy","","c3e8c658-b0f0-4119-b8da-b6df04de48fb","98941bc0-726e-43f0-bac2-0693a2f4626a","Updated and verified","address_line_1; address_town_city; address_county; address_post_code","address_line2; address_line_3; phone_number","Gawber Road","","","Barnsley","South Yorkshire","S75 2EP",""
"10","Basildon University Hospital","Radiology based Nuclear Medicine","","41c4ff5b-e589-4916-93d9-9c288b815470","c3aee66a-3b05-4ff4-b6cd-3d6819243e92","Updated and verified","address_line_1; address_town_city; address_county; address_post_code","address_line2; address_line_3; phone_number","Nethermayne","","","Basildon","Essex","SS16 5NL",""
"11","Basingstoke and North Hampshire Hospital","Nuclear Medicine Stand Alone","","5d9091b1-32b1-4135-a2a0-b2e97fc43ad2","6a3a810b-22c9-4a82-9afa-011e4c64e356","Updated and verified","address_line_1; address_town_city; address_county; address_post_code","address_line2; address_line_3; phone_number","Aldermaston Road","","","Basingstoke","Hampshire","RG24 9NA",""
"12","Bedford Hospital","Nuclear Medicine Stand Alone","","c8c4dae8-fd2b-4854-8ebb-13f74111955c","acc526dc-c910-454c-b2c6-be5984fc1e45","Updated and verified","address_line_1; address_town_city; address_county; address_post_code","address_line2; address_line_3; phone_number","Kempston Road","","","Bedford","Bedfordshire","MK42 9DJ",""
"13","Belfast City Hospital","Nuclear Medicine - Physics based","","09765e79-5de9-4829-a7bf-009c6b08de23","3ff7db2b-5800-45a1-b2ba-f3fc9f52c625","Updated and verified","address_line_1; address_town_city; address_post_code","address_line2; address_line_3; address_county; phone_number","Lisburn Road","","","Belfast","","BT9 7AB",""
"14","Birmingham Children's Hospital","Radiology based Nuclear Medicine","","24c5547e-82c4-4eb9-bd05-fe72618df462","2c65efb1-32fe-468c-aa14-eb83c53f8ddf","Updated and verified","address_line_1; address_town_city; address_post_code","address_line2; address_line_3; address_county; phone_number","Steelhouse Lane","","","Birmingham","","B4 6NH",""
"15","Birmingham Heartlands Hospital","Nuclear Medicine Stand Alone","","738537f0-b105-4f66-af25-f81e7b6dbbdb","2bc3c7ea-287d-47f3-8c77-b7f13bb6349c","Updated and verified","address_line_1; address_town_city; address_county; address_post_code","address_line2; address_line_3; phone_number","Bordesley Green East","","","Birmingham","West Midlands","B9 5SS",""
"16","Birmingham PET-CT Centre","PET Centre","","1fe869a4-1930-4a68-9be4-74f841c71634","f89eb62e-d005-4688-844d-587eb03132fa","Updated and verified","address_line_1; address_town_city; address_county; address_post_code; phone_number","address_line2; address_line_3","Top of Main Drive","","","Birmingham","West Midlands","B15 2TH","0121 371 7220"
"17","Blackpool Victoria Hospital","Radiology based Nuclear Medicine","","fe1111ee-2f75-4d9d-842b-ca277d74f7a8","5302be61-f711-470a-bc71-b3049290eb69","Updated and verified","address_line_1; address_town_city; address_county; address_post_code","address_line2; address_line_3; phone_number","Whinney Heys Road","","","Blackpool","Lancashire","FY3 8NR",""
"18","BMI Mount Alvernia Hospital","Radiology based Nuclear Medicine","","f56936c0-a706-4665-9d50-3f05c7dd430e","b0d3c573-c818-4e3f-8fe5-ded2ed325670","Updated and verified","address_line_1; address_town_city; address_county; address_post_code","address_line2; address_line_3; phone_number","46 Harvey Road","","","Guildford","Surrey","GU1 3LX",""
"19","Borders General Hospital","Radiology based Nuclear Medicine","","db659acc-f731-4125-83b6-eff4fac39006","79587b69-f8e5-47e6-8de9-e0cd3e2b9a86","Updated and verified","address_line_1; address_town_city; address_county; address_post_code","address_line2; address_line_3; phone_number","Huntlyburn Terrace","","","Melrose","Roxburghshire","TD6 9BS",""
"20","Bradford Royal Infirmary","Nuclear Medicine - Physics based","","4bdbe333-bce4-4c54-9474-224ff03cdcb0","c4e22b2f-668b-4b91-8535-176689ee8f1a","Updated and verified","address_line_1; address_town_city; address_county; address_post_code","address_line2; address_line_3; phone_number","Duckworth Lane","","","Bradford","West Yorkshire","BD9 6RJ",""
"21","Bradford Royal Infirmary","Radiopharmacy","","8bbbb2b8-2dad-4300-a314-de4731163c27","c4e22b2f-668b-4b91-8535-176689ee8f1a","Updated and verified","address_line_1; address_town_city; address_county; address_post_code","address_line2; address_line_3; phone_number","Duckworth Lane","","","Bradford","West Yorkshire","BD9 6RJ",""
"22","Bristol Royal Infirmary","Radiology based Nuclear Medicine","","45d4652a-8b6c-411a-a359-799e5b375b8d","7bd3943a-edb1-4d5a-b219-c9e9b7024ef3","Updated and verified","address_line_1; address_town_city; address_post_code","address_line2; address_line_3; address_county; phone_number","Upper Maudlin Street","","","Bristol","","BS2 8HW",""
"23","Bristol Royal Infirmary","Radiopharmacy","","8755e71e-726e-4f78-a594-2771a45e373e","7bd3943a-edb1-4d5a-b219-c9e9b7024ef3","Updated and verified","address_line_1; address_town_city; address_post_code","address_line2; address_line_3; address_county; phone_number","Upper Maudlin Street","","","Bristol","","BS2 8HW",""
"24","Broomfield Hospital","Nuclear Medicine Stand Alone","","13b1d84a-1e1e-4b91-afd1-dc7a58dfd788","26dcc016-008e-4eac-bd9d-befa56473fd3","Updated and verified","address_line_1; address_line2; address_town_city; address_county; address_post_code","address_line_3; phone_number","Court Road","Broomfield","","Chelmsford","Essex","CM1 7ET",""
"25","Cardiff Royal Infirmary","Radiology based Nuclear Medicine","","91694050-352b-49a6-b8fa-34272fe5b61b","b84e036a-df02-44b7-bbe2-fdc8111722fe","Updated and verified","address_line_1; address_town_city; address_post_code","address_line2; address_line_3; address_county; phone_number","Glossop Terrace","","","Cardiff","","CF24 0SZ",""
"26","Castle Hill Hospital","Nuclear Medicine Stand Alone","","163d4c47-3af7-4b43-85fe-bf9cc9ec96cb","3c198270-af51-40d9-83f2-ecfd5dbf7067","Updated and verified","address_line_1; address_town_city; address_county; address_post_code","address_line2; address_line_3; phone_number","Castle Road","","","Cottingham","East Yorkshire","HU16 5JQ",""
"27","Castle Hill Hospital","PET Centre","","e2bbeded-e197-4cec-b835-2cdcf8fa25b0","3c198270-af51-40d9-83f2-ecfd5dbf7067","Updated and verified","address_line_1; address_town_city; address_county; address_post_code","address_line2; address_line_3; phone_number","Castle Road","","","Cottingham","East Yorkshire","HU16 5JQ",""
"28","Charing Cross Hospital","Nuclear Medicine Stand Alone","","d38280a7-3e92-45f8-8e1f-6b5845b61d4f","e4817a7d-27f3-4d1b-9619-5daa7f5efa38","Updated and verified","address_line_1; address_town_city; address_post_code","address_line2; address_line_3; address_county; phone_number","Fulham Palace Road","","","London","","W6 8RF",""
"29","Chelsea and Westminster Hospital","Nuclear Medicine Stand Alone","","17a8342b-e9f8-4b93-a185-819b30fb0480","d2366cdb-7c3b-47a9-beae-8e1d031876cb","Updated and verified","address_line_1; address_town_city; address_post_code; phone_number","address_line2; address_line_3; address_county","369 Fulham Road","","","London","","SW10 9NH","020 3315 8415"
"30","Cheltenham General Hospital","Nuclear Medicine Stand Alone","","14638070-91cb-4e88-b78e-7e3268acd669","41fc84ec-b6da-4a4a-8c49-37537b7b96a8","Updated and verified","address_line_1; address_town_city; address_county; address_post_code","address_line2; address_line_3; phone_number","Sandford Road","","","Cheltenham","Gloucestershire","GL53 7AN",""
"31","Cheltenham General Hospital","Radiopharmacy","","200433b2-8a66-4f8a-9b26-1bff874b8b32","41fc84ec-b6da-4a4a-8c49-37537b7b96a8","Updated and verified","address_line_1; address_town_city; address_county; address_post_code","address_line2; address_line_3; phone_number","Sandford Road","","","Cheltenham","Gloucestershire","GL53 7AN",""
"32","Chesterfield Royal Hospital","Radiopharmacy","","28ecd3fa-188e-4a62-9211-fa560dba2096","2ae3e12c-0287-4417-89f9-e76fcea0ff74","Updated and verified","address_line_1; address_line2; address_town_city; address_county; address_post_code","address_line_3; phone_number","Chesterfield Road","Calow","","Chesterfield","Derbyshire","S44 5BL",""
"33","Chesterfield Royal Hospital","Radiology based Nuclear Medicine","","42bf0355-c042-43a2-ad85-204d21778145","2ae3e12c-0287-4417-89f9-e76fcea0ff74","Updated and verified","address_line_1; address_line2; address_town_city; address_county; address_post_code","address_line_3; phone_number","Chesterfield Road","Calow","","Chesterfield","Derbyshire","S44 5BL",""
"34","Christchurch Hospital","Radiology based Nuclear Medicine","","fdb93b8c-712a-4852-bdbf-25215279f072","27f8f87e-e47c-4ead-a201-e8cc03b4419c","Updated and verified","address_line_1; address_town_city; address_county; address_post_code","address_line2; address_line_3; phone_number","Fairmile Road","","","Christchurch","Dorset","BH23 2JX",""
"35","Churchill Hospital","Nuclear Medicine Stand Alone","","a3a8ded3-2493-4b6c-9550-f454398bc8cd","22813a71-ef75-497b-95a6-7616b2ba8bd2","Updated and verified","address_line_1; address_line2; address_town_city; address_county; address_post_code","address_line_3; phone_number","Old Road","Headington","","Oxford","Oxfordshire","OX3 7LE",""
"36","Churchill Hospital","PET Centre","","c3ab9ee8-5392-4140-800d-e674fb2de6a7","22813a71-ef75-497b-95a6-7616b2ba8bd2","Updated and verified","address_line_1; address_line2; address_town_city; address_county; address_post_code","address_line_3; phone_number","Old Road","Headington","","Oxford","Oxfordshire","OX3 7LE",""
"37","Churchill Hospital","Radiopharmacy","","f294f444-e5f4-4f00-af12-597530d82096","22813a71-ef75-497b-95a6-7616b2ba8bd2","Updated and verified","address_line_1; address_line2; address_town_city; address_county; address_post_code","address_line_3; phone_number","Old Road","Headington","","Oxford","Oxfordshire","OX3 7LE",""
"38","Clatterbridge Hospital","Radiology based Nuclear Medicine","","4320f0a0-524e-4db2-8275-ad6ef85c4e0c","1b7d188f-1986-4018-bf74-bfe4627394aa","Updated and verified","address_line_1; address_town_city; address_county; address_post_code","address_line2; address_line_3; phone_number","Clatterbridge Road","","","Bebington","Wirral","CH63 4JY",""
"39","Cobalt Imaging Centre","PET Centre","","c0e7b56b-c639-4b29-b56c-495862bef4f8","51235727-144e-4bb5-8f48-35e6c2c6d6d1","Updated and verified","address_line_1; address_town_city; address_county; address_post_code","address_line2; address_line_3; phone_number","Thirlestaine Road","","","Cheltenham","Gloucestershire","GL53 7AS",""
"40","Colchester Hospital","Radiopharmacy","","0e2849f9-87e2-4be9-94eb-1dc6fd125c39","9bde0feb-734f-446b-9805-59111aec3633","Updated and verified","address_line_1; address_town_city; address_county; address_post_code","address_line2; address_line_3; phone_number","Turner Road","","","Colchester","Essex","CO4 5JL",""
"41","Colchester Hospital","Radiology based Nuclear Medicine","","b0e7710b-bd47-44c5-a5b0-4cf67fce9b5b","9bde0feb-734f-446b-9805-59111aec3633","Updated and verified","address_line_1; address_town_city; address_county; address_post_code","address_line2; address_line_3; phone_number","Turner Road","","","Colchester","Essex","CO4 5JL",""
"42","Conquest Hospital","Radiology based Nuclear Medicine","","b875b580-49ad-418a-aaf5-46c515dd559d","56b36b6b-c57f-4f0f-a92d-ef6e51987ba7","Updated and verified","address_line_1; address_town_city; address_county; address_post_code","address_line2; address_line_3; phone_number","The Ridge","","","St Leonards-on-Sea","East Sussex","TN37 7RD",""
"43","Countess of Chester Hospital","Radiology based Nuclear Medicine","","16a9fe60-8b9b-4c78-915a-87c164ba2705","cd8aaac1-3e88-444a-8107-aca6c2f06de8","Updated and verified","address_line_1; address_town_city; address_county; address_post_code","address_line2; address_line_3; phone_number","Liverpool Road","","","Chester","Cheshire","CH2 1UL",""
"44","Craigavon Area Hospital","Radiology based Nuclear Medicine","","536fb38e-034a-4018-a4c9-37013595896a","0cc860d7-ed62-44ef-b0a1-f35cd3f330bf","Updated and verified","address_line_1; address_town_city; address_post_code","address_line2; address_line_3; address_county; phone_number","68 Lurgan Road","","","Portadown","","BT63 5QQ",""
"45","Cromwell Hospital","PET Centre","","acb738c0-c335-480d-ad9a-df12c8c69e01","befcc132-fcac-440a-96af-51c77e0c87be","Updated and verified","address_line_1; address_town_city; address_post_code","address_line2; address_line_3; address_county; phone_number","164-178 Cromwell Road","","","London","","SW5 0TU",""
"46","Crosshouse Hospital","Nuclear Medicine - Physics based","","48b41eea-59ba-4a5a-a085-96888d892c6d","fd2520d8-9c8d-408d-82ad-6028bc99712f","Updated and verified","address_line_1; address_line2; address_town_city; address_county; address_post_code","address_line_3; phone_number","Kilmarnock Road","Crosshouse","","Kilmarnock","Ayrshire","KA2 0BE",""
"47","Cumberland Infirmary","Radiology based Nuclear Medicine","","20b372f6-0987-422f-a85a-6e90d65dc411","2d4d1f43-35cf-45f3-b83d-4aabc09efadd","Updated and verified","address_line_1; address_town_city; address_county; address_post_code","address_line2; address_line_3; phone_number","Newtown Road","","","Carlisle","Cumbria","CA2 7HY",""
"48","Cumberland Infirmary","Radiopharmacy","","26ecfe47-5db9-4cc1-8209-34ead5effa54","2d4d1f43-35cf-45f3-b83d-4aabc09efadd","Updated and verified","address_line_1; address_town_city; address_county; address_post_code","address_line2; address_line_3; phone_number","Newtown Road","","","Carlisle","Cumbria","CA2 7HY",""
"49","Darent Valley Hospital","Nuclear Medicine Stand Alone","","24cc0002-770c-4e84-8ffb-d91859515266","64a2317e-f62b-42c1-8cb3-e5a2d6bab2a4","Updated and verified","address_line_1; address_town_city; address_county; address_post_code","address_line2; address_line_3; phone_number","Darenth Wood Road","","","Dartford","Kent","DA2 8DA",""
"50","Darlington Memorial Hospital","Radiopharmacy","","0d159ef9-b7a8-41e2-b514-770e3e8c139c","8260f133-56e0-4924-a98d-920d68040aee","Updated and verified","address_line_1; address_town_city; address_county; address_post_code","address_line2; address_line_3; phone_number","Hollyhurst Road","","","Darlington","County Durham","DL3 6HX",""
"51","Darlington Memorial Hospital","Nuclear Medicine - Physics based","","cd744770-5ef3-4a6f-9a4b-72cd3d107933","8260f133-56e0-4924-a98d-920d68040aee","Updated and verified","address_line_1; address_town_city; address_county; address_post_code","address_line2; address_line_3; phone_number","Hollyhurst Road","","","Darlington","County Durham","DL3 6HX",""
"52","Derriford Hospital","Nuclear Medicine Stand Alone","","3dd51100-b514-491b-9c92-f618c2c67b49","959243f8-f552-44e7-b447-1ceda4181c80","Updated and verified","address_line_1; address_line2; address_town_city; address_county; address_post_code","address_line_3; phone_number","Derriford Road","Crownhill","","Plymouth","Devon","PL6 8DH",""
"53","Derriford Hospital","Radiopharmacy","","b9b2efff-8fe0-404e-9c74-4953f7b978ff","959243f8-f552-44e7-b447-1ceda4181c80","Updated and verified","address_line_1; address_line2; address_town_city; address_county; address_post_code","address_line_3; phone_number","Derriford Road","Crownhill","","Plymouth","Devon","PL6 8DH",""
"54","Diana, Princess of Wales Hospital","Radiopharmacy","","9ef76a3b-d4b0-42c0-aef7-5882187b4eae","6abe5a77-40c5-4e7f-892d-bb45dd755181","Updated and verified","address_line_1; address_town_city; address_county; address_post_code","address_line2; address_line_3; phone_number","Scartho Road","","","Grimsby","North East Lincolnshire","DN33 2BA",""
"55","Diana, Princess of Wales Hospital","Nuclear Medicine Stand Alone","","b6c0d546-ac17-41cc-a3fa-93c87e663009","6abe5a77-40c5-4e7f-892d-bb45dd755181","Updated and verified","address_line_1; address_town_city; address_county; address_post_code","address_line2; address_line_3; phone_number","Scartho Road","","","Grimsby","North East Lincolnshire","DN33 2BA",""
"56","Doncaster Royal Infirmary","Radiology based Nuclear Medicine","","938b4829-bda4-414b-8201-c8c67f9d3c16","d0cf3998-a023-44c3-b1cd-f9a9bd86f738","Updated and verified","address_line_1; address_town_city; address_county; address_post_code","address_line2; address_line_3; phone_number","Armthorpe Road","","","Doncaster","South Yorkshire","DN2 5LT",""
"57","East Surrey Hospital","Radiology based Nuclear Medicine","","4ea38a89-5605-4e7b-8894-c7d149269e96","2e29dda4-134e-4e00-b85b-7048734bcd1d","Updated and verified","address_line_1; address_town_city; address_county; address_post_code","address_line2; address_line_3; phone_number","Canada Avenue","","","Redhill","Surrey","RH1 5RH",""
"58","Eastbourne District General Hospital","Radiology based Nuclear Medicine","","f3dd293c-0f5c-45b8-a99b-cb3b7be9f423","cf16656b-44a6-450b-88c9-ce15a65ac0b9","Updated and verified","address_line_1; address_town_city; address_county; address_post_code","address_line2; address_line_3; phone_number","Kings Drive","","","Eastbourne","East Sussex","BN21 2UD",""
"59","Forth Valley Royal Hospital","Nuclear Medicine Stand Alone","","3d8e352a-15d5-46ee-9f1d-1c7fe35c9a6e","59f043a5-7a54-47d9-a637-3bfd40d3dbd8","Updated and verified","address_line_1; address_town_city; address_post_code","address_line2; address_line_3; address_county; phone_number","Stirling Road","","","Larbert","","FK5 4WR",""
"60","Freeman Hospital","Radiopharmacy","","219e23f7-83aa-478f-8fab-336bcf35f94c","b41fad3f-42f6-406d-a50a-17c7a3809b69","Updated and verified","address_line_1; address_line2; address_town_city; address_county; address_post_code","address_line_3; phone_number","Freeman Road","High Heaton","","Newcastle upon Tyne","Tyne and Wear","NE7 7DN",""
"61","Freeman Hospital","Radiology based Nuclear Medicine","","f9629759-cd53-499b-97b9-a94784536d18","b41fad3f-42f6-406d-a50a-17c7a3809b69","Updated and verified","address_line_1; address_line2; address_town_city; address_county; address_post_code; phone_number","address_line_3","Freeman Road","High Heaton","","Newcastle upon Tyne","Tyne and Wear","NE7 7DN","0191 2138200"
"62","Frimley Park Hospital","Radiology based Nuclear Medicine","","bff9eafd-5d9c-4acb-96ce-85aa62594ee6","97ca46dd-48af-443f-b396-af5908a2a984","Updated and verified","address_line_1; address_town_city; address_county; address_post_code","address_line2; address_line_3; phone_number","Portsmouth Road","","","Camberley","Surrey","GU16 7UJ",""
"63","Furness General Hospital","Radiopharmacy","","3288420a-0fd4-43fb-a62a-8259c276ee68","0d7b6d55-a69a-4fb7-9f66-e0ce4a88c2f6","Updated and verified","address_line_1; address_town_city; address_county; address_post_code","address_line2; address_line_3; phone_number","Dalton Lane","","","Barrow-in-Furness","Cumbria","LA14 4LF",""
"64","Furness General Hospital","Radiology based Nuclear Medicine","","41264ea6-ad70-4eb1-9bc1-89b5079baafe","0d7b6d55-a69a-4fb7-9f66-e0ce4a88c2f6","Updated and verified","address_line_1; address_town_city; address_county; address_post_code","address_line2; address_line_3; phone_number","Dalton Lane","","","Barrow-in-Furness","Cumbria","LA14 4LF",""
"65","Gartnavel General Hospital","Nuclear Medicine - Physics based","","1c7f36aa-9d78-47ce-84be-47fdce6c65f8","d2a04c1b-8de7-402e-af4b-61ece4f7f71e","Updated and verified","address_line_1; address_town_city; address_post_code","address_line2; address_line_3; address_county; phone_number","1053 Great Western Road","","","Glasgow","","G12 0YN",""
"66","Glan Clwyd Hospital","Radiology based Nuclear Medicine","","de433674-b81f-41eb-99b9-20c4e246c475","f7f2e1be-f62b-46b9-b3fa-793f3c37986d","Updated and verified","address_line_1; address_line2; address_town_city; address_county; address_post_code","address_line_3; phone_number","Rhuddlan Road","Bodelwyddan","","Rhyl","Denbighshire","LL18 5UJ",""
"67","Glasgow Royal Infirmary","Nuclear Medicine - Physics based","","b0d9c420-0aae-4af9-ba51-8c19697e7f56","474d6028-27c3-447d-afe2-7c9d8540e4ab","Updated and verified","address_line_1; address_town_city; address_post_code","address_line2; address_line_3; address_county; phone_number","Alexandra Parade","","","Glasgow","","G31 2ER",""
"68","Glasgow Royal Infirmary","Nuclear Cardiology","","e6eeef1a-cbb6-4471-977c-146673deae3e","474d6028-27c3-447d-afe2-7c9d8540e4ab","Updated and verified","address_line_1; address_town_city; address_post_code","address_line2; address_line_3; address_county; phone_number","Alexandra Parade","","","Glasgow","","G31 2ER",""
"69","Glenfield Hospital","Nuclear Medicine - Physics based","","193c80ab-8e0b-4599-80bb-07bc46f0db80","b99c1308-2c5f-4ec6-8288-c576a2970071","Updated and verified","address_line_1; address_town_city; address_county; address_post_code","address_line2; address_line_3; phone_number","Groby Road","","","Leicester","Leicestershire","LE3 9QP",""
"70","Glenfield Hospital","Nuclear Medicine Stand Alone","","c6e3d8ea-fc24-44c4-8202-28e0c2c0fd6e","b99c1308-2c5f-4ec6-8288-c576a2970071","Updated and verified","address_line_1; address_town_city; address_county; address_post_code","address_line2; address_line_3; phone_number","Groby Road","","","Leicester","Leicestershire","LE3 9QP",""
"71","Gloucestershire Royal Hospital","Nuclear Medicine - Physics based","","c9dc0ef2-675d-4000-bc95-4a354833360e","3a0d28db-1e80-47e6-9002-0885c9a5a334","Updated and verified","address_line_1; address_town_city; address_county; address_post_code","address_line2; address_line_3; phone_number","Great Western Road","","","Gloucester","Gloucestershire","GL1 3NN",""
"72","Good Hope Hospital","Radiology based Nuclear Medicine","","42866e4c-b51e-4072-b1fc-fe8a9dc61828","e1c8d402-7c52-4e9c-974f-d75b3c0d2198","Updated and verified","address_line_1; address_town_city; address_county; address_post_code","address_line2; address_line_3; phone_number","Rectory Road","","","Sutton Coldfield","West Midlands","B75 7RR",""
"73","Grantham and District Hospital","Radiology based Nuclear Medicine","","eb0010bc-a05b-43d3-982e-d4d496036b53","794ad7f2-0af5-4a6b-abb9-226538640df1","Updated and verified","address_line_1; address_town_city; address_county; address_post_code","address_line2; address_line_3; phone_number","101 Manthorpe Road","","","Grantham","Lincolnshire","NG31 8DG",""
"74","Great Ormond Street Hospital","Radiology based Nuclear Medicine","","e5ab5b90-9a97-4565-9397-c03615edb074","9f046ddb-b480-4967-8a90-46f5d4c0b29b","Updated and verified","address_line_1; address_town_city; address_post_code","address_line2; address_line_3; address_county; phone_number","Great Ormond Street","","","London","","WC1N 3JH",""
"75","Great Western Hospital","Radiology based Nuclear Medicine","","597ad4b9-23b3-4c21-bc91-e064c44c9420","5ccc2767-6da6-4171-8630-ae63d81f8a10","Updated and verified","address_line_1; address_town_city; address_county; address_post_code","address_line2; address_line_3; phone_number","Marlborough Road","","","Swindon","Wiltshire","SN3 6BB",""
"76","Guy's Hospital","Radiopharmacy","","4e70b24b-05cf-43d2-bad9-f3f6ffc3c8ed","a5e0bd35-fcc0-4bab-9518-efb97fd1020e","Updated and verified","address_line_1; address_town_city; address_post_code","address_line2; address_line_3; address_county; phone_number","Great Maze Pond","","","London","","SE1 9RT",""
"77","Guy's Hospital","Nuclear Medicine Stand Alone","","8696a3d8-b80b-4d9f-890f-08aa24ded0d5","a5e0bd35-fcc0-4bab-9518-efb97fd1020e","Updated and verified","address_line_1; address_town_city; address_post_code; phone_number","address_line2; address_line_3; address_county","Great Maze Pond","","","London","","SE1 9RT","020 7188 4112"
"78","Hammersmith Hospital","Radiology based Nuclear Medicine","","f2963e6b-7d26-4737-bee4-ac035d0c5796","a3dcdce6-21e6-474d-bd38-d32e547cbb2f","Updated and verified","address_line_1; address_town_city; address_post_code","address_line2; address_line_3; address_county; phone_number","Du Cane Road","","","London","","W12 0HS",""
"79","Harefield Hospital","Nuclear Medicine Stand Alone","","0b4f4ee5-9d62-4353-be9b-728b311f8507","51711e8d-1371-4e1b-956e-3a936d3bb062","Updated and verified","address_line_1; address_town_city; address_post_code","address_line2; address_line_3; address_county; phone_number","Hill End Road","","","Harefield","","UB9 6JH",""
"80","Harrogate District Hospital","Radiology based Nuclear Medicine","","6debb3a7-a9fa-4baf-81b7-9e369a5c3293","49c2560a-f705-4020-b442-e39fd34586fa","Updated and verified","address_line_1; address_town_city; address_county; address_post_code","address_line2; address_line_3; phone_number","Lancaster Park Road","","","Harrogate","North Yorkshire","HG2 7SX",""
"81","Hemel Hempstead Hospital","Radiology based Nuclear Medicine","","124d9915-6ef0-4a2b-b75c-38121036f70e","bb511364-8848-4728-b5e3-28c90e117abd","Updated and verified","address_line_1; address_town_city; address_county; address_post_code","address_line2; address_line_3; phone_number","Hillfield Road","","","Hemel Hempstead","Hertfordshire","HP2 4AD",""
"82","Hereford County Hospital","Nuclear Medicine Stand Alone","","cb0bf2d8-3c9e-4751-b1c2-8bf695251182","0755f120-c74b-4ba3-b269-77a3acde5216","Updated and verified","address_line_1; address_town_city; address_county; address_post_code","address_line2; address_line_3; phone_number","Stonebow Road","","","Hereford","Herefordshire","HR1 2BN",""
"83","Hillingdon Hospital","Radiology based Nuclear Medicine","","9cb63489-7b8e-47e5-bbbe-965d0834ea97","61e4109a-00f4-4921-b031-dc4cc37e68d7","Updated and verified","address_line_1; address_town_city; address_county; address_post_code","address_line2; address_line_3; phone_number","Pield Heath Road","","","Uxbridge","Middlesex","UB8 3NN",""
"84","Huddersfield Royal Infirmary","Radiology based Nuclear Medicine","","cc9b5253-369e-400c-bb53-2d9fccda1715","aec84f48-5b26-43a1-8f6b-dd9f3ae5e0ac","Updated and verified","address_line_1; address_town_city; address_county; address_post_code","address_line2; address_line_3; phone_number","Acre Street","","","Huddersfield","West Yorkshire","HD3 3EA",""
"85","Huddersfield Royal Infirmary","Radiopharmacy","","e8aef3a8-2c56-418b-9bbe-90e935e31207","aec84f48-5b26-43a1-8f6b-dd9f3ae5e0ac","Updated and verified","address_line_1; address_town_city; address_county; address_post_code","address_line2; address_line_3; phone_number","Acre Street","","","Huddersfield","West Yorkshire","HD3 3EA",""
"86","Hull Royal Infirmary","Radiology based Nuclear Medicine","","72aac136-41a9-4193-aee7-bddb9a43f939","6c0ab51a-5889-4788-aaa4-0f4dd9db0823","Updated and verified","address_line_1; address_town_city; address_county; address_post_code","address_line2; address_line_3; phone_number","Anlaby Road","","","Hull","East Yorkshire","HU3 2JZ",""
"87","Hull Royal Infirmary","Radiopharmacy","","c25ac777-2e13-43a0-b670-1fd7dc616888","6c0ab51a-5889-4788-aaa4-0f4dd9db0823","Updated and verified","address_line_1; address_town_city; address_county; address_post_code","address_line2; address_line_3; phone_number","Anlaby Road","","","Hull","East Yorkshire","HU3 2JZ",""
"88","InHealth Nottingham PETCT Centre","PET Centre","","8ed94cb1-6618-48bb-8cc5-203ead59d13e","c2d9ef73-5ee0-4c7b-95b2-0af852e97bd9","Updated and verified","address_line_1; address_town_city; address_county; address_post_code; phone_number","address_line2; address_line_3","Hucknall Road","","","Nottingham","Nottinghamshire","NG5 1PB","0115 896 8580"
"89","Inverclyde Royal Hospital","PET Centre","","26b7310f-d87c-4030-a5c1-12d7e4e35a03","06eceb62-d0cd-4592-b99c-2a8777758866","Updated and verified","address_line_1; address_town_city; address_post_code","address_line2; address_line_3; address_county; phone_number","Larkfield Road","","","Greenock","","PA16 0XN",""
"90","Ipswich Hospital","Radiopharmacy","","67cc7c73-bfbc-46c6-8814-24ab2e87d063","662246be-8586-4ee6-9082-18b592e276ff","Updated and verified","address_line_1; address_town_city; address_county; address_post_code","address_line2; address_line_3; phone_number","Heath Road","","","Ipswich","Suffolk","IP4 5PD",""
"91","Ipswich Hospital","Radiology based Nuclear Medicine","","763730e2-0f7b-4fbb-acfd-910d87cbdfe1","662246be-8586-4ee6-9082-18b592e276ff","Updated and verified","address_line_1; address_town_city; address_county; address_post_code","address_line2; address_line_3; phone_number","Heath Road","","","Ipswich","Suffolk","IP4 5PD",""
"92","Jack Brignall PET-CE Centre","PET Centre","","bb6a9b5b-ccd4-4677-8ad6-a7a015d7d3ee","e5dfef21-fbb5-437e-a4b4-d2720440dec7","Updated and verified","address_line_1; address_town_city; address_county; address_post_code; phone_number","address_line2; address_line_3","Castle Road","","","Cottingham","East Riding of Yorkshire","HU16 5JQ","01482 623201"
"93","John Mallard PET Centre","PET Centre","","9d6e98f9-734b-4b4d-b476-da803378759c","6895d932-8894-4bf5-82a9-877e5d15911d","Updated and verified","address_line_1; address_town_city; address_county; address_post_code","address_line2; address_line_3; phone_number","Foresterhill","","","Aberdeen","Aberdeenshire","AB25 9ZD",""
"94","John Radcliffe Hospital","Nuclear Medicine Stand Alone","","44a331f4-7cff-4c12-ad3e-a699a37a153d","0ce1098b-42e4-4056-ab89-ac28a06ac34c","Updated and verified","address_line_1; address_line2; address_town_city; address_county; address_post_code","address_line_3; phone_number","Headley Way","Headington","","Oxford","Oxfordshire","OX3 9DU",""
"95","Kent and Canterbury Hospital","Radiopharmacy","","40c48446-7b1e-4813-a13b-c73a8b569d67","c13546d9-a8ae-46fc-9370-57c9c811f914","Updated and verified","address_line_1; address_town_city; address_county; address_post_code","address_line2; address_line_3; phone_number","Ethelbert Road","","","Canterbury","Kent","CT1 3XL",""
"96","Kent and Canterbury Hospital","Nuclear Medicine Stand Alone","","e629e712-2068-45aa-bc23-fca21599ff31","c13546d9-a8ae-46fc-9370-57c9c811f914","Updated and verified","address_line_1; address_town_city; address_county; address_post_code; phone_number","address_line2; address_line_3","Ethelbert Road","","","Canterbury","Kent","CT1 3XL","01227 864258"
"97","Kettering General Hospital","Nuclear Medicine Stand Alone","","9ea7aa66-e117-4532-8b35-1d7ddb641954","9ba3693f-ed39-4a70-a5ed-ee455ba809f9","Updated and verified","address_line_1; address_town_city; address_county; address_post_code","address_line2; address_line_3; phone_number","Rothwell Road","","","Kettering","Northamptonshire","NN16 8UZ",""
"98","King's College Hospital","PET Centre","","3fa4bfea-ae68-40ac-be80-a7f7a5fc7c34","79381b52-eaf0-4a73-9893-684d3267eea3","Updated and verified","address_line_1; address_town_city; address_post_code","address_line2; address_line_3; address_county; phone_number","Denmark Hill","","","London","","SE5 9RS",""
"99","King's College Hospital","Nuclear Medicine Stand Alone","","cb330777-3f9e-4e0d-a20c-7ded89a5333f","79381b52-eaf0-4a73-9893-684d3267eea3","Updated and verified","address_line_1; address_town_city; address_post_code","address_line2; address_line_3; address_county; phone_number","Denmark Hill","","","London","","SE5 9RS",""
"100","King's Mill Hospital","Nuclear Medicine Stand Alone","","63ce65d2-7a9c-4629-8132-cf24b8845c0e","43bbce5d-f2ff-473d-875a-d8d3d63b28c3","Updated and verified","address_line_1; address_town_city; address_county; address_post_code","address_line2; address_line_3; phone_number","Mansfield Road","","","Sutton-in-Ashfield","Nottinghamshire","NG17 4JL",""
"101","Kingston Hospital","Radiology based Nuclear Medicine","","b54a94f3-6ab9-42aa-ad8a-e23ed86f8cca","d3a19eef-f71c-4079-81ca-bfc6bb3fa71d","Updated and verified","address_line_1; address_town_city; address_county; address_post_code","address_line2; address_line_3; phone_number","Galsworthy Road","","","Kingston upon Thames","Surrey","KT2 7QB",""
"102","Leeds General Infirmary","Radiology based Nuclear Medicine","","6b79e44c-e9ac-4ba0-9f02-27d735ee752d","a97a6d95-e578-44f7-9002-033af0ca4ee8","Updated and verified","address_line_1; address_town_city; address_county; address_post_code","address_line2; address_line_3; phone_number","Great George Street","","","Leeds","West Yorkshire","LS1 3EX",""
"103","Leicester Royal Infirmary","Nuclear Medicine - Physics based","","315f6c85-00d3-4415-8787-aa1b5344f4ec","08fcc1f7-f2e2-41d6-8dbc-bf5c07b4b841","Updated and verified","address_line_1; address_line2; address_town_city; address_county; address_post_code; phone_number","address_line_3","Level 0 Sandringham Building","Leicester Royal Infirmary","","Leicester","Leicestershire","LE1 5WW","0116 258 5627"
"104","Lincoln County Hospital","Radiopharmacy","","85c35d07-23dc-4a7c-901f-15c8ce8ff350","a923f6fd-e3ec-4324-877f-5567650d26eb","Updated and verified","address_line_1; address_town_city; address_county; address_post_code","address_line2; address_line_3; phone_number","Greetwell Road","","","Lincoln","Lincolnshire","LN2 5QY",""
"105","Lincoln County Hospital","Nuclear Medicine - Physics based","","86fcc4d8-b6e0-4464-bbb8-bc3c2fff5f43","a923f6fd-e3ec-4324-877f-5567650d26eb","Updated and verified","address_line_1; address_town_city; address_county; address_post_code","address_line2; address_line_3; phone_number","Greetwell Road","","","Lincoln","Lincolnshire","LN2 5QY",""
"106","Lister Hospital","Radiology based Nuclear Medicine","","190ebd39-d354-449f-b0b2-7401e6701653","763fd21d-a9e9-4153-b143-958a0dcf5cff","Updated and verified","address_line_1; address_town_city; address_county; address_post_code","address_line2; address_line_3; phone_number","Coreys Mill Lane","","","Stevenage","Hertfordshire","SG1 4AB",""
"107","London Bridge Hospital","Radiology based Nuclear Medicine","","dfc38fc3-62af-4ff3-aa97-94fbaa75def1","a6f386bd-3821-4a56-84ab-97c7d46c5f68","Updated and verified","address_line_1; address_town_city; address_post_code","address_line2; address_line_3; address_county; phone_number","27 Tooley Street","","","London","","SE1 2PR",""
"108","Luton and Dunstable Hospital","Radiology based Nuclear Medicine","","850a386b-c39a-4280-b4ea-edf14be7a214","11237f87-9b4c-4567-b7e5-7287c8e08546","Updated and verified","address_line_1; address_town_city; address_county; address_post_code","address_line2; address_line_3; phone_number","Lewsey Road","","","Luton","Bedfordshire","LU4 0DZ",""
"109","Maidstone Hospital","Radiology based Nuclear Medicine","","106b4f39-db6a-4194-9ec7-b90dbc357bab","83b9c5ca-79a3-4bc0-bed3-f705cd1b5759","Updated and verified","address_line_1; address_town_city; address_county; address_post_code","address_line2; address_line_3; phone_number","Hermitage Lane","","","Maidstone","Kent","ME16 9QQ",""
"110","Manchester Royal Infirmary","Radiology based Nuclear Medicine","","1496986e-6ee8-474c-a1ff-353261826ee3","1b533469-2582-4b92-a86b-812b2d7d41bf","Updated and verified","address_line_1; address_town_city; address_county; address_post_code","address_line2; address_line_3; phone_number","Oxford Road","","","Manchester","Greater Manchester","M13 9WL",""
"111","Manchester Royal Infirmary","Nuclear Medicine Stand Alone","","607cda26-bf27-429a-964d-762a2b864782","1b533469-2582-4b92-a86b-812b2d7d41bf","Updated and verified","address_line_1; address_town_city; address_county; address_post_code","address_line2; address_line_3; phone_number","Oxford Road","","","Manchester","Greater Manchester","M13 9WL",""
"112","Manor Hospital Walsall","Radiology based Nuclear Medicine","","90730491-d619-41c2-a501-a9e44236352b","c0a1200e-c752-4966-9c70-34017273ab9c","Updated and verified","address_line_1; address_town_city; address_county; address_post_code","address_line2; address_line_3; phone_number","Moat Road","","","Walsall","West Midlands","WS2 9PS",""
"113","Medway Maritime Hospital","Nuclear Medicine Stand Alone","","46d5d396-6d31-4c20-9f1f-8da5dbe851de","2a7910a2-42d5-4dc3-82ce-d98a4cfe5a81","Updated and verified","address_line_1; address_town_city; address_county; address_post_code","address_line2; address_line_3; phone_number","Windmill Road","","","Gillingham","Kent","ME7 5NY",""
"114","Medway Maritime Hospital","Radiopharmacy","","a5852f5d-4d63-4b3a-83a6-6b216e4fb7ca","2a7910a2-42d5-4dc3-82ce-d98a4cfe5a81","Updated and verified","address_line_1; address_town_city; address_county; address_post_code","address_line2; address_line_3; phone_number","Windmill Road","","","Gillingham","Kent","ME7 5NY",""
"115","Midland Metropolitan University Hospital","Radiology based Nuclear Medicine","","197b6854-fdc8-4ea0-b78d-e61d346bd1fc","9c6835b0-c3be-4aa9-bbba-c8408eea6ab2","Updated and verified","address_line_1; address_town_city; address_county; address_post_code","address_line2; address_line_3; phone_number","Grove Lane","","","Smethwick","West Midlands","B66 2QT",""
"116","Midland Metropolitan University Hospital","Radiopharmacy","","591efcf1-6561-45ba-a78e-d93976319283","9c6835b0-c3be-4aa9-bbba-c8408eea6ab2","Updated and verified","address_line_1; address_town_city; address_county; address_post_code","address_line2; address_line_3; phone_number","Grove Lane","","","Smethwick","West Midlands","B66 2QT",""
"117","Midland Metropolitan University Hospital","Radiology based Nuclear Medicine","115","197b6854-fdc8-4ea0-b78d-e61d346bd1fc","9c6835b0-c3be-4aa9-bbba-c8408eea6ab2","Duplicate — included with row 115","address_line_1; address_town_city; address_county; address_post_code","address_line2; address_line_3; phone_number","Grove Lane","","","Smethwick","West Midlands","B66 2QT",""
"118","Molecular Imaging Centre","PET Centre","","7ceb69e2-741d-47b1-b3e1-3e7bb6cd4f90","cce4fdcd-bf7b-41cc-8903-4c9bd1395dd0","Updated and verified","address_line_1; address_town_city; address_post_code","address_line2; address_line_3; address_county; phone_number","152-154 Harley Street","","","London","","W1G 7LQ",""
"119","Morriston Hospital","Radiology based Nuclear Medicine","","8d771f15-02d4-4895-9e27-ced44f438c78","18d46505-865b-4c3d-898e-1691b797688a","Updated and verified","address_line_1; address_town_city; address_post_code","address_line2; address_line_3; address_county; phone_number","Heol Maes Eglwys","","","Swansea","","SA6 6NL",""
"120","Mount Vernon Cancer Centre","Radiopharmacy","","05184011-0d5e-4ba8-82af-beab61b437a9","68408876-931b-4306-bdf2-c5b79a6690b3","Updated and verified","address_line_1; address_town_city; address_county; address_post_code","address_line2; address_line_3; phone_number","Rickmansworth Road","","","Northwood","Middlesex","HA6 2RN",""
"121","Mount Vernon Hospital","Nuclear Medicine Stand Alone","","478c448e-3b67-4dac-bdbc-9dc40189fa09","c59f6ae5-c7e5-49a9-b94c-e3e044cc55b5","Updated and verified","address_line_1; address_town_city; address_county; address_post_code","address_line2; address_line_3; phone_number","Rickmansworth Road","","","Northwood","Middlesex","HA6 2RN",""
"122","Musgrove Park Hospital","Nuclear Medicine - Physics based","","6553ec38-f4e8-4877-91e9-94defc639fb0","cbc2dc44-ac46-4459-b7f0-2c6c9ce8b9c9","Updated and verified","address_line_1; address_town_city; address_county; address_post_code","address_line2; address_line_3; phone_number","Parkfield Drive","","","Taunton","Somerset","TA1 5DA",""
"123","Musgrove Park Hospital","Radiopharmacy","","a384ebf4-1968-4cb5-bba3-8453f9bff462","cbc2dc44-ac46-4459-b7f0-2c6c9ce8b9c9","Updated and verified","address_line_1; address_town_city; address_county; address_post_code","address_line2; address_line_3; phone_number","Parkfield Drive","","","Taunton","Somerset","TA1 5DA",""
"124","Nevill Hall Hospital","Radiology based Nuclear Medicine","","1edc5ea0-f97b-4642-91e9-4dd117d54c48","81a12845-581d-4487-b117-1d031bd3c25b","Updated and verified","address_line_1; address_town_city; address_post_code","address_line2; address_line_3; address_county; phone_number","Brecon Road","","","Abergavenny","","NP7 7EG",""
"125","New Cross Hospital","Radiopharmacy","","7d38a8d3-9848-4021-9584-4cd6a762302c","59c029cd-c466-478c-b4d0-36fcbfc9ecb2","Updated and verified","address_line_1; address_line2; address_town_city; address_county; address_post_code","address_line_3; phone_number","Wolverhampton Road","Heath Town","","Wolverhampton","West Midlands","WV10 0QP",""
"126","New Cross Hospital","Nuclear Medicine - Physics based","","f06a49b7-3e33-44cf-8631-0383f17c9178","59c029cd-c466-478c-b4d0-36fcbfc9ecb2","Updated and verified","address_line_1; address_line2; address_town_city; address_county; address_post_code","address_line_3; phone_number","Wolverhampton Road","Heath Town","","Wolverhampton","West Midlands","WV10 0QP",""
"127","New Victoria Hospital","Nuclear Medicine Stand Alone","","f5dbcfad-a875-4092-a147-6e38fbc223e6","4ee11311-5c9b-4c59-a9eb-ba42519bbd7e","Updated and verified","address_line_1; address_town_city; address_post_code","address_line2; address_line_3; address_county; phone_number","Grange Road","","","Glasgow","","G42 9LF",""
"128","Newham Hospital","Radiology based Nuclear Medicine","","eed52f2a-20d3-489f-8146-bb1e7742263c","f6c10aaf-0c0a-47fd-b208-0a2def7cdee0","Updated and verified","address_line_1; address_line2; address_town_city; address_post_code","address_line_3; address_county; phone_number","Glen Road","Plaistow","","London","","E13 8SL",""
"129","Ninewells Hospital","Nuclear Medicine Stand Alone","","26327362-f80e-4180-89ae-0e019da63d63","40fe310b-015c-4570-ae13-0f3b54a0329c","Updated and verified","address_line_1; address_town_city; address_post_code","address_line2; address_line_3; address_county; phone_number","Ninewells Hospital and Medical School","","","Dundee","","DD1 9SY",""
"130","Ninewells Hospital","Radiopharmacy","","a996c109-2b7e-4269-9460-9b1ea71bb614","40fe310b-015c-4570-ae13-0f3b54a0329c","Updated and verified","address_line_1; address_town_city; address_post_code","address_line2; address_line_3; address_county; phone_number","Ninewells Hospital and Medical School","","","Dundee","","DD1 9SY",""
"131","Noble's Hospital","Radiology based Nuclear Medicine","","6ad3668e-50e7-4f68-bab4-2e61784b5b78","5b40de14-85d4-49e4-9ba4-5c51489323d7","Updated and verified","address_line_1; address_town_city; address_county; address_post_code","address_line2; address_line_3; phone_number","Strang","","","Braddan","Isle of Man","IM4 4RJ",""
"132","Noble's Hospital","Radiopharmacy","","e4f642c7-3e8d-48ee-bf2d-741d8ab2e44c","5b40de14-85d4-49e4-9ba4-5c51489323d7","Updated and verified","address_line_1; address_town_city; address_county; address_post_code","address_line2; address_line_3; phone_number","Strang","","","Braddan","Isle of Man","IM4 4RJ",""
"133","Norfolk and Norwich University Hospital","Radiopharmacy","","7a084f8e-3672-40ab-bb94-d52fa3226110","27bf2b55-b8d8-4044-8daf-7576e1c46811","Updated and verified","address_line_1; address_town_city; address_county; address_post_code","address_line2; address_line_3; phone_number","Colney Lane","","","Norwich","Norfolk","NR4 7UY",""
"134","Norfolk and Norwich University Hospital","Radiology based Nuclear Medicine","","867b67a2-7d9d-4431-bb68-e172328b0336","27bf2b55-b8d8-4044-8daf-7576e1c46811","Updated and verified","address_line_1; address_town_city; address_county; address_post_code","address_line2; address_line_3; phone_number","Colney Lane","","","Norwich","Norfolk","NR4 7UY",""
"135","North Manchester General Hospital","Radiology based Nuclear Medicine","","94296436-87cf-4198-a53b-62db95cd735e","416743d6-1cc0-47cb-96cd-c4a88534c41c","Updated and verified","address_line_1; address_line2; address_town_city; address_post_code","address_line_3; address_county; phone_number","Delaunays Road","Crumpsall","","Manchester","","M8 5RB",""
"136","North Middlesex University Hospital","Nuclear Medicine Stand Alone","","c1d03f4b-db80-4f60-8d9a-fde47a973b4e","6a1ba72a-6607-4931-aa3a-ee6c1e612c98","Updated and verified","address_line_1; address_town_city; address_post_code","address_line2; address_line_3; address_county; phone_number","Sterling Way","","","London","","N18 1QX",""
"137","Northampton General Hospital","Nuclear Medicine Stand Alone","","0aa5e702-1240-4aac-a4f3-f5d0aff4c1d2","dc0b184a-5281-4ba7-99f4-3472ff1f24cd","Updated and verified","address_line_1; address_town_city; address_county; address_post_code","address_line2; address_line_3; phone_number","Cliftonville","","","Northampton","Northamptonshire","NN1 5BD",""
"138","Northampton General Hospital","Radiopharmacy","","5379efa6-4e5f-4fba-8c5a-fac0679566d4","dc0b184a-5281-4ba7-99f4-3472ff1f24cd","Updated and verified","address_line_1; address_town_city; address_county; address_post_code","address_line2; address_line_3; phone_number","Cliftonville","","","Northampton","Northamptonshire","NN1 5BD",""
"139","Northern General Hospital","Nuclear Medicine - Physics based","","42ff2358-a27e-4abd-92df-6f6a3f406819","530b06c6-2642-486a-9733-ec28ed08d825","Updated and verified","address_line_1; address_town_city; address_county; address_post_code","address_line2; address_line_3; phone_number","Herries Road","","","Sheffield","South Yorkshire","S5 7AU",""
"140","Northern General Hospital","Radiopharmacy","","cff206cf-93fb-4aa8-9884-8730673b60d2","530b06c6-2642-486a-9733-ec28ed08d825","Updated and verified","address_line_1; address_town_city; address_county; address_post_code","address_line2; address_line_3; phone_number","Herries Road","","","Sheffield","South Yorkshire","S5 7AU",""
"141","Northern Ireland Cancer Centre","PET Centre","","12fb0601-2d8b-4444-a17d-ddca2613135b","2f95a188-81db-40da-a375-bf24acff707b","Updated and verified","address_line_1; address_line2; address_town_city; address_post_code","address_line_3; address_county; phone_number","Belfast City Hospital","Lisburn Road","","Belfast","","BT9 7AB",""
"142","Northern Ireland Cancer Centre","Nuclear Medicine - Physics based","","c97d2a31-2bed-453c-abc4-644bc0898bf7","2f95a188-81db-40da-a375-bf24acff707b","Updated and verified","address_line_1; address_line2; address_town_city; address_post_code","address_line_3; address_county; phone_number","Belfast City Hospital","Lisburn Road","","Belfast","","BT9 7AB",""
"143","Northwick Park Hospital","Radiology based Nuclear Medicine","","24130a8e-1a60-4cc4-b4e6-cf5280bfa245","07ecdf5e-beea-4dea-a397-c9b9f1229f0b","Updated and verified","address_line_1; address_town_city; address_county; address_post_code; phone_number","address_line2; address_line_3","Watford Road","","","Harrow","Middlesex","HA1 3UJ","020 8869 3891"
"144","Northwick Park Hospital","Radiopharmacy","","9cad0de3-343a-4054-ab0e-27ef5b213f49","07ecdf5e-beea-4dea-a397-c9b9f1229f0b","Updated and verified","address_line_1; address_town_city; address_county; address_post_code","address_line2; address_line_3; phone_number","Watford Road","","","Harrow","Middlesex","HA1 3UJ",""
"145","Nottingham City Hospital","Nuclear Medicine - Physics based","","ec0fa664-e48b-43c6-af05-51bef7a623d4","2805f4d0-7beb-40b5-b7a4-b87d951ee693","Updated and verified","address_line_1; address_line2; address_town_city; address_county; address_post_code; phone_number","address_line_3","Nottingham City Hospital","Hucknall Road","","Nottingham","Nottinghamshire","NG5 1PB","0115 9691169 x55497"
"146","Parkside Hospital","Nuclear Medicine Stand Alone","","1acceeb8-3bd8-4aaf-a562-e8641d55eefb","5d37f624-1883-473e-afd2-39f43cf533af","Updated and verified","address_line_1; address_line2; address_town_city; address_post_code","address_line_3; address_county; phone_number","53 Parkside","Wimbledon","","London","","SW19 5NX",""
"147","Perth Royal Infirmary","Nuclear Medicine Stand Alone","","f3cb59b2-cde3-4ec9-acec-5965ded6f97b","bfcc3f1d-09fb-4f08-abcd-31030173c187","Updated and verified","address_line_1; address_town_city; address_post_code","address_line2; address_line_3; address_county; phone_number","Taymount Terrace","","","Perth","","PH1 1NX",""
"148","Peterborough City Hospital","Nuclear Medicine Stand Alone","","8959439d-52b0-49b7-97c0-0d60113f3e63","f244e3e8-3de0-4b74-ac3e-d4b151b166cf","Updated and verified","address_line_1; address_line2; address_town_city; address_county; address_post_code","address_line_3; phone_number","Bretton Gate","Edith Cavell Campus","","Peterborough","Cambridgeshire","PE3 9GZ",""
"149","Poole Hospital","Nuclear Medicine Stand Alone","","84188c83-b53c-45e6-abfe-67a45d2ea77b","d07d0e2c-a8a0-435c-8c1f-be275a05bc7d","Updated and verified","address_line_1; address_town_city; address_county; address_post_code","address_line2; address_line_3; phone_number","Longfleet Road","","","Poole","Dorset","BH15 2JB",""
"150","Princess Alexandra Hospital","Radiology based Nuclear Medicine","","a20c76d4-f6bd-4959-8f29-6c7545eabd1b","8aff56ec-015e-4a9f-ad32-4abdab21d4b6","Updated and verified","address_line_1; address_town_city; address_county; address_post_code","address_line2; address_line_3; phone_number","Hamstel Road","","","Harlow","Essex","CM20 1QX",""
"151","Princess of Wales Hospital","Radiology based Nuclear Medicine","","4defc862-c378-4bbf-aca2-c3511060a38f","3f6bcee1-f5b2-43c4-8ab1-f4745756a13f","Updated and verified","address_line_1; address_town_city; address_county; address_post_code","address_line2; address_line_3; phone_number","Coity Road","","","Bridgend","Mid Glamorgan","CF31 1RQ",""
"152","Princess Royal Hospital","Radiology based Nuclear Medicine","","b21e7412-3b42-42d3-9668-59022e685413","62de487e-25db-4099-899b-64f2824fdf09","Updated and verified","address_line_1; address_town_city; address_county; address_post_code","address_line2; address_line_3; phone_number","Lewes Road","","","Haywards Heath","West Sussex","RH16 4EX",""
"153","Princess Royal University Hospital","Radiology based Nuclear Medicine","","9243504a-b34d-4ef9-8827-2b90d68c8593","e125792a-bd34-4b2b-83ad-595001fb08d1","Updated and verified","address_line_1; address_town_city; address_county; address_post_code","address_line2; address_line_3; phone_number","Farnborough Common","","","Orpington","Kent","BR6 8ND",""
"154","Queen Alexandra Hospital","Radiology based Nuclear Medicine","","a1828a09-8040-4927-b4ce-c492544b958f","ae4a1735-b727-45fe-b718-556cca0d97d9","Updated and verified","address_line_1; address_line2; address_town_city; address_county; address_post_code","address_line_3; phone_number","Southwick Hill Road","Cosham","","Portsmouth","Hampshire","PO6 3LY",""
"155","Queen Elizabeth Hospital (Woolwich)","Radiology based Nuclear Medicine","","30ffba61-6800-4090-8a2a-e386b344263b","b12d5bf8-a469-46d9-933f-fc948c28170f","Updated and verified","address_line_1; address_line2; address_town_city; address_post_code","address_line_3; address_county; phone_number","Stadium Road","Woolwich","","London","","SE18 4QH",""
"156","Queen Elizabeth Hospital Birmingham","Nuclear Medicine - Physics based","","196331b7-31fe-4f1a-8b9f-ee391e33f8c8","987ecf99-2f58-4c0d-9f88-ea6d170c60aa","Updated and verified","address_line_1; address_line2; address_town_city; address_county; address_post_code","address_line_3; phone_number","Mindelsohn Way","Edgbaston","","Birmingham","West Midlands","B15 2WB",""
"157","Queen Elizabeth Hospital Birmingham","PET Centre","","7d3dc0d2-3458-49ba-aaea-025b0e36b2d5","987ecf99-2f58-4c0d-9f88-ea6d170c60aa","Updated and verified","address_line_1; address_line2; address_town_city; address_county; address_post_code","address_line_3; phone_number","Mindelsohn Way","Edgbaston","","Birmingham","West Midlands","B15 2WB",""
"158","Queen Elizabeth Hospital Birmingham","Radiopharmacy","","f5d997ae-d13a-49d6-a1bf-4651d9f42c3e","987ecf99-2f58-4c0d-9f88-ea6d170c60aa","Updated and verified","address_line_1; address_line2; address_town_city; address_county; address_post_code","address_line_3; phone_number","Mindelsohn Way","Edgbaston","","Birmingham","West Midlands","B15 2WB",""
"159","Queen Elizabeth Hospital Gateshead","Nuclear Medicine Stand Alone","","6beff018-bad5-42a5-bdc4-e206ad7bd2f7","346d7094-4da6-48aa-91af-10e4ac0cf0b4","Updated and verified","address_line_1; address_town_city; address_county; address_post_code","address_line2; address_line_3; phone_number","Sheriff Hill","","","Gateshead","Tyne and Wear","NE9 6SX",""
"160","Queen Elizabeth Hospital King's Lynn","Radiology based Nuclear Medicine","","40fc4d3d-2ad5-41b1-8aea-b3f453440328","a666407c-e476-451f-9679-a8e3a1f06128","Updated and verified","address_line_1; address_town_city; address_county; address_post_code","address_line2; address_line_3; phone_number","Gayton Road","","","King's Lynn","Norfolk","PE30 4ET",""
"161","Queen Elizabeth University Hospital","Nuclear Medicine Stand Alone","","00db11e8-dcf6-407c-a24f-99428fe3c3ce","a2203eac-b1c8-4134-970c-943eafea3315","Updated and verified","address_line_1; address_town_city; address_post_code","address_line2; address_line_3; address_county; phone_number","1345 Govan Road","","","Glasgow","","G51 4TF",""
"162","Queen Elizabeth University Hospital","Radiopharmacy","","19530035-11f3-4d8c-bcf8-6b93f58cab34","a2203eac-b1c8-4134-970c-943eafea3315","Updated and verified","address_line_1; address_town_city; address_post_code","address_line2; address_line_3; address_county; phone_number","1345 Govan Road","","","Glasgow","","G51 4TF",""
"163","Queen's Hospital","Radiopharmacy","","aea9e070-48c9-40fc-b190-25424f45713e","9532bab7-3f99-4a4c-bd1b-780312591dd9","Updated and verified","address_line_1; address_town_city; address_county; address_post_code","address_line2; address_line_3; phone_number","Rom Valley Way","","","Romford","Essex","RM7 0AG",""
"164","Queen's Hospital","Nuclear Medicine Stand Alone","","d33387fe-cd3e-4e0f-98b7-0f7501b8eba0","9532bab7-3f99-4a4c-bd1b-780312591dd9","Updated and verified","address_line_1; address_town_city; address_county; address_post_code","address_line2; address_line_3; phone_number","Rom Valley Way","","","Romford","Essex","RM7 0AG",""
"165","Queen's Medical Centre","Radiopharmacy","","907bacc2-733f-4ae3-9140-680b895d8063","640961b5-6520-4295-b582-7142dd326850","Updated and verified","address_line_1; address_town_city; address_county; address_post_code","address_line2; address_line_3; phone_number","Derby Road","","","Nottingham","Nottinghamshire","NG7 2UH",""
"166","Queen's Medical Centre","Nuclear Medicine - Physics based","","d79b782a-eef2-4b32-a865-d1b44384ceef","640961b5-6520-4295-b582-7142dd326850","Updated and verified","address_line_1; address_town_city; address_county; address_post_code","address_line2; address_line_3; phone_number","Derby Road","","","Nottingham","Nottinghamshire","NG7 2UH",""
"167","Raigmore Hospital","Radiopharmacy","","33c31ccb-9081-401c-a98d-4a2e1f922f1a","5dc9ee93-2306-4070-b1b6-2c12218bf3d7","Updated and verified","address_line_1; address_town_city; address_post_code","address_line2; address_line_3; address_county; phone_number","Old Perth Road","","","Inverness","","IV2 3UJ",""
"168","Raigmore Hospital","Nuclear Medicine Stand Alone","","4104c4c9-2328-493b-9b8b-2c8ac5f2c102","5dc9ee93-2306-4070-b1b6-2c12218bf3d7","Updated and verified","address_line_1; address_town_city; address_post_code","address_line2; address_line_3; address_county; phone_number","Old Perth Road","","","Inverness","","IV2 3UJ",""
"169","Rotherham Hospital","Radiopharmacy","","51a4e2a5-4832-4138-bde8-d6ef429426d3","96678185-0e0f-49e5-8896-29c551192e10","Updated and verified","address_line_1; address_town_city; address_county; address_post_code","address_line2; address_line_3; phone_number","Moorgate Road","","","Rotherham","South Yorkshire","S60 2UD",""
"170","Rotherham Hospital","Nuclear Medicine - Physics based","","b2440b77-51ef-4c70-b270-f969e9fb44c9","96678185-0e0f-49e5-8896-29c551192e10","Updated and verified","address_line_1; address_town_city; address_county; address_post_code","address_line2; address_line_3; phone_number","Moorgate Road","","","Rotherham","South Yorkshire","S60 2UD",""
"171","Royal Albert Edward Infirmary Wigan","Nuclear Medicine Stand Alone","","b7cae21b-8bdf-436f-baa3-88c8a753e798","dec3c12f-1149-4c2a-ba8f-d578e78360c5","Updated and verified","address_line_1; address_town_city; address_county; address_post_code","address_line2; address_line_3; phone_number","Wigan Lane","","","Wigan","Lancashire","WN1 2NN",""
"172","Royal Alexandra Hospital","Nuclear Medicine - Physics based","","0243228c-0eac-472e-84f9-ff18f0639751","c6ec8b54-a026-49ef-8797-cbdce4b8c0b5","Updated and verified","address_line_1; address_town_city; address_post_code","address_line2; address_line_3; address_county; phone_number","Corsebar Road","","","Paisley","","PA2 9PN",""
"173","Royal Belfast Hospital for Sick Children","Nuclear Medicine Stand Alone","","55f69338-bb94-4a97-91e6-3bea3410a707","ea9159ab-7524-4c10-b674-4551f5e39c8b","Updated and verified","address_line_1; address_town_city; address_post_code","address_line2; address_line_3; address_county; phone_number","274 Grosvenor Road","","","Belfast","","BT12 6BA",""
"174","Royal Berkshire Hospital","Nuclear Medicine - Physics based","","b0eae3f2-b9fd-4ac8-9275-b5e1cbe7c13d","ba8ef7be-17d0-4200-a2f7-dfd4d273b3d1","Updated and verified","address_line_1; address_town_city; address_county; address_post_code","address_line2; address_line_3; phone_number","Craven Road","","","Reading","Berkshire","RG1 5AN",""
"175","Royal Blackburn Hospital","Nuclear Medicine Stand Alone","","045f3eb2-34f2-4267-ae9d-64402b161bb9","f9944d3d-823c-411a-bc41-d31d2b75684a","Updated and verified","address_line_1; address_town_city; address_county; address_post_code; phone_number","address_line2; address_line_3","Haslingden Road","","","Blackburn","Lancashire","BB2 3HH","01254 734452"
"176","Royal Bolton Hospital","Nuclear Medicine Stand Alone","","6b19d8ec-be51-4cb1-83c2-4bc09e22ae5c","d532a037-aa98-4d0b-8f05-e36c9bca837a","Updated and verified","address_line_1; address_line2; address_town_city; address_county; address_post_code","address_line_3; phone_number","Minerva Road","Farnworth","","Bolton","Lancashire","BL4 0JR",""
"177","Royal Brompton Hospital","Nuclear Medicine Stand Alone","","c15a4e36-43e4-4213-ad21-d1f11692f5bc","25f7addb-2d57-44f7-ae85-f643fa77131f","Updated and verified","address_line_1; address_town_city; address_post_code","address_line2; address_line_3; address_county; phone_number","Sydney Street","","","London","","SW3 6NP",""
"178","Royal Cornwall Hospital","Radiopharmacy","","96180d37-ff00-49c6-a878-86147f278dec","b2831e2c-0dfb-4089-838d-268cef32299f","Updated and verified","address_line_1; address_town_city; address_county; address_post_code","address_line2; address_line_3; phone_number","Treliske","","","Truro","Cornwall","TR1 3LJ",""
"179","Royal Cornwall Hospital","Radiology based Nuclear Medicine","","c6d567b0-d4f7-48a6-bfd5-8917bfb2e88f","b2831e2c-0dfb-4089-838d-268cef32299f","Updated and verified","address_line_1; address_town_city; address_county; address_post_code","address_line2; address_line_3; phone_number","Treliske","","","Truro","Cornwall","TR1 3LJ",""
"180","Royal Derby Hospital","Nuclear Medicine Stand Alone","","b0e8f25d-452e-422d-aa34-f92920a18616","70d60ce9-14cb-4f8a-8d76-15d5fbc19142","Updated and verified","address_line_1; address_town_city; address_county; address_post_code","address_line2; address_line_3; phone_number","Uttoxeter Road","","","Derby","Derbyshire","DE22 3NE",""
"181","Royal Derby Hospital","Radiopharmacy","","e5597565-4186-4730-a321-bcc104a8e4b5","70d60ce9-14cb-4f8a-8d76-15d5fbc19142","Updated and verified","address_line_1; address_town_city; address_county; address_post_code","address_line2; address_line_3; phone_number","Uttoxeter Road","","","Derby","Derbyshire","DE22 3NE",""
"182","Royal Devon and Exeter Hospital (Wonford)","Radiology based Nuclear Medicine","","04110cda-8682-4d31-b8b3-6592259bb65c","43d50448-ab10-4735-ba7f-10910d9f7469","Updated and verified","address_line_1; address_town_city; address_county; address_post_code; phone_number","address_line2; address_line_3","Barrack Road","","","Exeter","Devon","EX2 5DW","01392 402124"
"183","Royal Devon and Exeter Hospital (Wonford)","Radiopharmacy","","caa42065-9d63-4ab9-a20e-44603a937830","43d50448-ab10-4735-ba7f-10910d9f7469","Updated and verified","address_line_1; address_town_city; address_county; address_post_code","address_line2; address_line_3; phone_number","Barrack Road","","","Exeter","Devon","EX2 5DW",""
"184","Royal Free Hospital","PET Centre","","74301813-97fe-447c-aef0-91260b08cec1","ca985841-fc7a-457c-9a85-ce7eb8d9cc61","Updated and verified","address_line_1; address_town_city; address_post_code","address_line2; address_line_3; address_county; phone_number","Pond Street","","","London","","NW3 2QG",""
"185","Royal Free Hospital","Radiopharmacy","","9bdeef75-ef29-4e71-8453-0ef1669888c6","ca985841-fc7a-457c-9a85-ce7eb8d9cc61","Updated and verified","address_line_1; address_town_city; address_post_code","address_line2; address_line_3; address_county; phone_number","Pond Street","","","London","","NW3 2QG",""
"186","Royal Glamorgan Hospital","Radiology based Nuclear Medicine","","e4264d51-2c20-4fb9-b316-f52e6afb15db","d7ae9a91-d9e9-4cad-8ded-b5a341f022ba","Updated and verified","address_line_1; address_town_city; address_post_code","address_line2; address_line_3; address_county; phone_number","Ynysmaerdy","","","Llantrisant","","CF72 8XR",""
"187","Royal Gwent Hospital","Radiology based Nuclear Medicine","","fa109997-28d5-462e-b27f-a13c4a7c552f","72dede8e-3d4d-4b2a-9a98-a29a7c8b3f85","Updated and verified","address_line_1; address_town_city; address_post_code","address_line2; address_line_3; address_county; phone_number","Cardiff Road","","","Newport","","NP20 2UB",""
"188","Royal Hospital for Children and Young People","Nuclear Medicine Stand Alone","","464b579d-b25d-4a13-9463-9a4d50d766e1","3f1324d9-e1b7-4936-a8e6-a0157e6356e6","Updated and verified","address_line_1; address_town_city; address_post_code","address_line2; address_line_3; address_county; phone_number","50 Little France Crescent","","","Edinburgh","","EH16 4TJ",""
"189","Royal Hospital for Children Glasgow","Nuclear Medicine Stand Alone","","f11023c5-9ab8-4479-a3e2-9283fee04ace","795aaf82-8670-4565-a8b1-a55195d3f766","Updated and verified","address_line_1; address_line2; address_town_city; address_post_code","address_line_3; address_county; phone_number","1345 Govan Road","Govan","","Glasgow","","G51 4TF",""
"190","Royal Infirmary of Edinburgh","Nuclear Medicine Stand Alone","","7f215990-e1bd-45b2-bf7f-c0ee074daea8","998ee353-f67e-4dd3-a457-f80b5f8f75e6","Updated and verified","address_line_1; address_town_city; address_post_code","address_line2; address_line_3; address_county; phone_number","51 Little France Crescent","","","Edinburgh","","EH16 4SA",""
"191","Royal Infirmary of Edinburgh","Radiopharmacy","","d8fb9d5a-a6c7-409e-9281-48f5be0c7da0","998ee353-f67e-4dd3-a457-f80b5f8f75e6","Updated and verified","address_line_1; address_town_city; address_post_code","address_line2; address_line_3; address_county; phone_number","51 Little France Crescent","","","Edinburgh","","EH16 4SA",""
"192","Royal Lancaster Infirmary","Radiology based Nuclear Medicine","","8a1a5689-df92-4199-8b67-72c85c8c9bcb","f9aa9734-6006-49dd-8d10-1a19779ce72a","Updated and verified","address_line_1; address_town_city; address_county; address_post_code","address_line2; address_line_3; phone_number","Ashton Road","","","Lancaster","Lancashire","LA1 4RP",""
"193","Royal Liverpool University Hospital","Radiopharmacy","","322d6749-373f-49f9-b254-35caff98a5f1","344d2c03-124e-4b52-9cb1-c0da9a69e594","Updated and verified","address_line_1; address_town_city; address_county; address_post_code","address_line2; address_line_3; phone_number","Prescot Street","","","Liverpool","Merseyside","L7 8XP",""
"194","Royal Liverpool University Hospital","Nuclear Medicine Stand Alone","","5f04092b-615d-43e4-9e0f-5d9c78841785","344d2c03-124e-4b52-9cb1-c0da9a69e594","Updated and verified","address_line_1; address_town_city; address_county; address_post_code","address_line2; address_line_3; phone_number","Prescot Street","","","Liverpool","Merseyside","L7 8XP",""
"195","Royal Liverpool University Hospital","PET Centre","","6a111a71-4374-49d2-bccf-b0e15fbc8623","344d2c03-124e-4b52-9cb1-c0da9a69e594","Updated and verified","address_line_1; address_town_city; address_county; address_post_code","address_line2; address_line_3; phone_number","Prescot Street","","","Liverpool","Merseyside","L7 8XP",""
"196","Royal Manchester Children's Hospital","Nuclear Medicine - Physics based","","5cf9c371-e4de-4a74-bd42-6e26bb724884","79455630-e4c3-44ec-aa64-454f4b288161","Updated and verified","address_line_1; address_town_city; address_county; address_post_code","address_line2; address_line_3; phone_number","Oxford Road","","","Manchester","Greater Manchester","M13 9WL",""
"197","Royal National Orthopaedic Hospital","Nuclear Medicine Stand Alone","","ae23f96d-91cf-4545-b4ea-7c1b23b59f74","190af422-1acb-40bd-b838-68dc5640093d","Updated and verified","address_line_1; address_town_city; address_county; address_post_code","address_line2; address_line_3; phone_number","Brockley Hill","","","Stanmore","Middlesex","HA7 4LP",""
"198","Royal Papworth Hospital","Radiology based Nuclear Medicine","","d6cb3208-672c-496f-b519-c3cbf50602cb","87cc3280-2b42-4579-b57f-c4aa2a49c8db","Updated and verified","address_line_1; address_line2; address_town_city; address_county; address_post_code","address_line_3; phone_number","Papworth Road","Cambridge Biomedical Campus","","Cambridge","Cambridgeshire","CB2 0AY",""
"199","Royal Preston Hospital","Nuclear Medicine Stand Alone","","4ae089ec-172c-4fed-8c9d-2da38a6c5058","b1437051-564b-4237-94cc-aedc2ac4354d","Updated and verified","address_line_1; address_town_city; address_county; address_post_code; phone_number","address_line2; address_line_3","Sharoe Green Lane","","","Preston","Lancashire","PR2 9HT","01772 522381"
"200","Royal Preston Hospital","Radiopharmacy","","562f5b69-dd4f-4042-b76b-87629f6f26bc","b1437051-564b-4237-94cc-aedc2ac4354d","Updated and verified","address_line_1; address_town_city; address_county; address_post_code","address_line2; address_line_3; phone_number","Sharoe Green Lane","","","Preston","Lancashire","PR2 9HT",""
"201","Royal Preston Hospital","PET Centre","","5ab68dbe-4da2-4ff0-b75a-d5422c8ff32b","b1437051-564b-4237-94cc-aedc2ac4354d","Updated and verified","address_line_1; address_town_city; address_county; address_post_code; phone_number","address_line2; address_line_3","Sharoe Green Lane","","","Preston","Lancashire","PR2 9HT","01772 524100"
"202","Royal Shrewsbury Hospital","Radiology based Nuclear Medicine","","0b6f3187-973b-4c53-9dc0-5cb548721700","8fb9cefa-13c6-4633-84cf-54c1ba3fa8b5","Updated and verified","address_line_1; address_town_city; address_county; address_post_code","address_line2; address_line_3; phone_number","Mytton Oak Road","","","Shrewsbury","Shropshire","SY3 8XQ",""
"203","Royal Shrewsbury Hospital","Radiopharmacy","","6fc1c8bd-eec0-49dd-8413-ed71511da3f8","8fb9cefa-13c6-4633-84cf-54c1ba3fa8b5","Updated and verified","address_line_1; address_town_city; address_county; address_post_code","address_line2; address_line_3; phone_number","Mytton Oak Road","","","Shrewsbury","Shropshire","SY3 8XQ",""
"204","Royal Stoke Hospital","Radiology based Nuclear Medicine","","f62ebfe6-64a8-4ea6-8b0f-96e213494c53","54b0a9cc-4484-454e-9090-3c0f364cfc55","Updated and verified","address_line_1; address_town_city; address_county; address_post_code","address_line2; address_line_3; phone_number","Newcastle Road","","","Stoke-on-Trent","Staffordshire","ST4 6QG",""
"205","Royal Surrey County Hospital","Nuclear Medicine Stand Alone","","521d3f68-07fb-407a-8961-63015fa37442","e7f4f792-48da-4d7b-8918-526e7227f450","Updated and verified","address_line_1; address_town_city; address_county; address_post_code","address_line2; address_line_3; phone_number","Egerton Road","","","Guildford","Surrey","GU2 7XX",""
"206","Royal Sussex County Hospital","Nuclear Medicine Stand Alone","","0d3f9ff3-8b1a-4db9-b906-57b786664dbe","8c6b7161-ea4b-4e29-8438-99fa7f362a8f","Updated and verified","address_line_1; address_town_city; address_county; address_post_code","address_line2; address_line_3; phone_number","Eastern Road","","","Brighton","East Sussex","BN2 5BE",""
"207","Royal Sussex County Hospital","Radiopharmacy","","16f0be08-0105-4b1f-9bee-dd6dfe619362","8c6b7161-ea4b-4e29-8438-99fa7f362a8f","Updated and verified","address_line_1; address_town_city; address_county; address_post_code","address_line2; address_line_3; phone_number","Eastern Road","","","Brighton","East Sussex","BN2 5BE",""
"208","Royal United Hospital","Radiopharmacy","","5fbce29c-213a-48bc-8a8c-e2d891e42c95","e6840819-4d9f-41c8-b2e4-189de51f8e68","Updated and verified","address_line_1; address_town_city; address_county; address_post_code","address_line2; address_line_3; phone_number","Combe Park","","","Bath","Somerset","BA1 3NG",""
"209","Royal United Hospital","Nuclear Medicine - Physics based","","e2633069-3409-4146-b28c-148263acb7b3","e6840819-4d9f-41c8-b2e4-189de51f8e68","Updated and verified","address_line_1; address_town_city; address_county; address_post_code","address_line2; address_line_3; phone_number","Combe Park","","","Bath","Somerset","BA1 3NG",""
"210","Royal United Hospital","Nuclear Medicine - Physics based","209","e2633069-3409-4146-b28c-148263acb7b3","e6840819-4d9f-41c8-b2e4-189de51f8e68","Duplicate — included with row 209","address_line_1; address_town_city; address_county; address_post_code","address_line2; address_line_3; phone_number","Combe Park","","","Bath","Somerset","BA1 3NG",""
"211","Royal Victoria Hospital","Nuclear Medicine Stand Alone","","7696ba9c-dc20-48d0-84a8-c63d70f1a86a","84a86e0f-e6b3-4303-adb9-aa3418383677","Updated and verified","address_line_1; address_town_city; address_post_code","address_line2; address_line_3; address_county; phone_number","274 Grosvenor Road","","","Belfast","","BT12 6BA",""
"212","Royal Victoria Hospital","Radiopharmacy","","d5f83907-93db-4caf-84e6-f55887603881","84a86e0f-e6b3-4303-adb9-aa3418383677","Updated and verified","address_line_1; address_town_city; address_post_code","address_line2; address_line_3; address_county; phone_number","274 Grosvenor Road","","","Belfast","","BT12 6BA",""
"213","Russells Hall Hospital","Radiology based Nuclear Medicine","","346ec7c6-4b82-492d-bf22-7f6e92fbb79a","195f3e64-8e3b-4621-b4be-45a6e45a0e11","Updated and verified","address_line_1; address_town_city; address_county; address_post_code","address_line2; address_line_3; phone_number","Pensnett Road","","","Dudley","West Midlands","DY1 2HQ",""
"214","Salford Royal Hospital","Radiopharmacy","","103cb9fc-b83b-4ce5-99e9-f2d808698da4","04422e5c-095d-4b3b-b025-6c38261d87d5","Updated and verified","address_line_1; address_town_city; address_county; address_post_code","address_line2; address_line_3; phone_number","Stott Lane","","","Salford","Greater Manchester","M6 8HD",""
"215","Salford Royal Hospital","Nuclear Medicine Stand Alone","","b291c95e-142c-463f-b9c5-e41ed8b149a0","04422e5c-095d-4b3b-b025-6c38261d87d5","Updated and verified","address_line_1; address_town_city; address_county; address_post_code","address_line2; address_line_3; phone_number","Stott Lane","","","Salford","Greater Manchester","M6 8HD",""
"216","Salisbury District Hospital","Radiology based Nuclear Medicine","","8a13beeb-cafb-4818-9fea-b2a0096d5639","7e6a074c-33c2-44bb-b923-ed337d45d798","Updated and verified","address_line_1; address_town_city; address_county; address_post_code","address_line2; address_line_3; phone_number","Odstock Road","","","Salisbury","Wiltshire","SP2 8BJ",""
"217","Scarborough Hospital","Nuclear Medicine Stand Alone","","ad731b3d-c4bb-4f21-a58d-9ef85800a3ff","17b1300a-e17a-41a7-bd87-c9b53deedb32","Updated and verified","address_line_1; address_town_city; address_county; address_post_code","address_line2; address_line_3; phone_number","Woodlands Drive","","","Scarborough","North Yorkshire","YO12 6QL",""
"218","Scarborough Hospital","Nuclear Medicine Stand Alone","217","ad731b3d-c4bb-4f21-a58d-9ef85800a3ff","17b1300a-e17a-41a7-bd87-c9b53deedb32","Duplicate — included with row 217","address_line_1; address_town_city; address_county; address_post_code","address_line2; address_line_3; phone_number","Woodlands Drive","","","Scarborough","North Yorkshire","YO12 6QL",""
"219","Scarborough Hospital","Radiopharmacy","","fc381e7b-5eb5-4d05-8dcb-ede8ba50e271","17b1300a-e17a-41a7-bd87-c9b53deedb32","Updated and verified","address_line_1; address_town_city; address_county; address_post_code","address_line2; address_line_3; phone_number","Woodlands Drive","","","Scarborough","North Yorkshire","YO12 6QL",""
"220","Sheffield Children's Hospital","Radiology based Nuclear Medicine","","09f6f695-7773-4d27-8938-d526bfa83615","11b4eef3-43f1-4724-94cb-b7baeb27bbcf","Updated and verified","address_line_1; address_town_city; address_county; address_post_code","address_line2; address_line_3; phone_number","Western Bank","","","Sheffield","South Yorkshire","S10 2TH",""
"221","Simbec-Orion Clinical Pharmacology Unit","Nuclear Medicine Stand Alone","","301fb8dd-08fc-4e72-98d5-b1efbf3e1e9f","0ed5d4bc-4309-4dd5-95d7-a3c9d300166f","Updated and verified","address_line_1; address_line2; address_line_3; address_town_city; address_post_code","address_county; phone_number","Merthyr Tydfil Industrial Park","Merthyr Road","Pentrebach","Merthyr Tydfil","","CF48 4DR",""
"222","Singleton Hospital","Nuclear Medicine - Physics based","","f5e51cc5-d52e-40e2-b3ca-ec4ff1a946c5","802c59c2-6d44-4ee2-a22b-39045ae2c7f4","Updated and verified","address_line_1; address_town_city; address_post_code","address_line2; address_line_3; address_county; phone_number","Sketty Lane","","","Swansea","","SA2 8QA",""
"223","South Tyneside District Hospital","Radiology based Nuclear Medicine","","0af9fa59-350a-45c7-a585-1764e37935e2","e3606f21-9bc2-44aa-b7b5-6de7c427a859","Updated and verified","address_line_1; address_town_city; address_county; address_post_code","address_line2; address_line_3; phone_number","Harton Lane","","","South Shields","Tyne and Wear","NE34 0PL",""
"224","South Tyneside District Hospital","Radiopharmacy","","ef4d27a3-14d6-44b4-853c-a20d22c58e02","e3606f21-9bc2-44aa-b7b5-6de7c427a859","Updated and verified","address_line_1; address_town_city; address_county; address_post_code","address_line2; address_line_3; phone_number","Harton Lane","","","South Shields","Tyne and Wear","NE34 0PL",""
"225","Southampton General Hospital","Radiopharmacy","","a161f139-ab00-4492-ab6a-865892eea5a1","26fde922-6cef-42d9-99ee-a0fdc29d72a1","Updated and verified","address_line_1; address_town_city; address_post_code","address_line2; address_line_3; address_county; phone_number","Tremona Road","","","Southampton","","SO16 6YD",""
"226","Southampton General Hospital","Nuclear Medicine Stand Alone","","a744f9a8-a504-48f5-ad5f-9b9591561842","26fde922-6cef-42d9-99ee-a0fdc29d72a1","Updated and verified","address_line_1; address_line2; address_line_3; address_town_city; address_post_code; phone_number","address_county","Mailpoint 26","D Level, Centre Block","Tremona Road","Southampton","","SO16 6YD","023 8120 6627"
"227","Southend University Hospital","Nuclear Medicine Stand Alone","","43ac3e61-7f75-4fb0-8da3-2bc3991cc127","eb007411-7cfa-463b-a085-0b6ee8b9fdf5","Updated and verified","address_line_1; address_town_city; address_county; address_post_code","address_line2; address_line_3; phone_number","Prittlewell Chase","","","Westcliff-on-Sea","Essex","SS0 0RY",""
"228","Southend University Hospital","Radiopharmacy","","d79eea9d-85ec-47c7-a72d-169de2c0f6da","eb007411-7cfa-463b-a085-0b6ee8b9fdf5","Updated and verified","address_line_1; address_town_city; address_county; address_post_code","address_line2; address_line_3; phone_number","Prittlewell Chase","","","Westcliff-on-Sea","Essex","SS0 0RY",""
"229","Southmead Hospital","Nuclear Medicine Stand Alone","","5e6c0755-3e40-4de6-82b7-74f96dd76389","592b3af9-b805-422e-ad95-5bf28d8cde4a","Updated and verified","address_line_1; address_line2; address_town_city; address_post_code","address_line_3; address_county; phone_number","Southmead Road","Westbury-on-Trym","","Bristol","","BS10 5NB",""
"230","St Bartholomew's Hospital","Nuclear Medicine Stand Alone","","5e32819e-67ee-4c31-8542-0c827332679f","1194b295-a383-402b-a637-b7c9aadd1cf5","Updated and verified","address_line_1; address_town_city; address_post_code","address_line2; address_line_3; address_county; phone_number","West Smithfield","","","London","","EC1A 7BE",""
"231","St Bartholomew's Hospital","PET Centre","","7e3ef7db-42af-44ca-97fc-8972b4b66c13","1194b295-a383-402b-a637-b7c9aadd1cf5","Updated and verified","address_line_1; address_town_city; address_post_code","address_line2; address_line_3; address_county; phone_number","West Smithfield","","","London","","EC1A 7BE",""
"232","St Bartholomew's Hospital","Radiopharmacy","","a3fc6746-460b-4a3b-a871-83cd8f7e243b","1194b295-a383-402b-a637-b7c9aadd1cf5","Updated and verified","address_line_1; address_town_city; address_post_code","address_line2; address_line_3; address_county; phone_number","West Smithfield","","","London","","EC1A 7BE",""
"233","St David's Hospital","Radiology based Nuclear Medicine","","05c225db-0383-4a7f-a999-40a6c5ffe64b","f925057f-2474-4c87-ad94-5983e79f3ed5","Updated and verified","address_line_1; address_line2; address_town_city; address_post_code","address_line_3; address_county; phone_number","Cowbridge Road East","Canton","","Cardiff","","CF11 9XB",""
"234","St George's Hospital","Radiology based Nuclear Medicine","","a23cb64f-5bbe-4728-90a0-0b3cae3ee960","9d400268-bedb-4f32-8616-8d2e21e344ec","Updated and verified","address_line_1; address_line2; address_town_city; address_post_code","address_line_3; address_county; phone_number","Blackshaw Road","Tooting","","London","","SW17 0QT",""
"235","St George's Hospital","Radiopharmacy","","c3125b87-f9c9-45eb-87d3-9f4a12a841be","9d400268-bedb-4f32-8616-8d2e21e344ec","Updated and verified","address_line_1; address_line2; address_town_city; address_post_code","address_line_3; address_county; phone_number","Blackshaw Road","Tooting","","London","","SW17 0QT",""
"236","St Helier Hospital","Nuclear Medicine Stand Alone","","c730192c-7a43-4d3a-9fe0-df1514abb134","9370c7c8-d994-4fb2-b1b6-89f721c155f3","Updated and verified","address_line_1; address_town_city; address_county; address_post_code","address_line2; address_line_3; phone_number","Wrythe Lane","","","Carshalton","Surrey","SM5 1AA",""
"237","St James's University Hospital","Radiopharmacy","","0c8f1d26-9030-48d5-8f04-5f2307add4e0","4c006135-241d-4b7f-b755-10d7066b9d20","Updated and verified","address_line_1; address_town_city; address_county; address_post_code","address_line2; address_line_3; phone_number","Beckett Street","","","Leeds","West Yorkshire","LS9 7TF",""
"238","St James's University Hospital","Radiology based Nuclear Medicine","","b3589bdf-9fab-4d68-b1c7-bf0dcd26f573","4c006135-241d-4b7f-b755-10d7066b9d20","Updated and verified","address_line_1; address_town_city; address_county; address_post_code","address_line2; address_line_3; phone_number","Beckett Street","","","Leeds","West Yorkshire","LS9 7TF",""
"239","St Mary's Hospital (London)","Radiopharmacy","","34f7a2ca-3432-43d9-bf02-56f93f504bc3","efabeb87-8759-4243-8bc3-5d5c9cdb11b7","Updated and verified","address_line_1; address_town_city; address_post_code","address_line2; address_line_3; address_county; phone_number","Praed Street","","","London","","W2 1NY",""
"240","St Mary's Hospital (London)","Radiology based Nuclear Medicine","","58b20719-5d46-495c-be7b-603901c319be","efabeb87-8759-4243-8bc3-5d5c9cdb11b7","Updated and verified","address_line_1; address_town_city; address_post_code","address_line2; address_line_3; address_county; phone_number","Praed Street","","","London","","W2 1NY",""
"241","St Peter's Hospital","Radiology based Nuclear Medicine","","5381cb9a-fd08-4b6b-8507-ceccf6cada0c","4f5b6a3c-927c-41a3-aba3-6fa8a98736ea","Updated and verified","address_line_1; address_town_city; address_county; address_post_code","address_line2; address_line_3; phone_number","Guildford Road","","","Chertsey","Surrey","KT16 0PZ",""
"242","St Richard's Hospital Chichester","Radiology based Nuclear Medicine","","168bd772-c4f9-40ef-a4fc-f0c3eea0ab34","56b21482-c150-4f2f-9d3e-767012209714","Updated and verified","address_line_1; address_town_city; address_county; address_post_code","address_line2; address_line_3; phone_number","Spitalfield Lane","","","Chichester","West Sussex","PO19 6SE",""
"243","St Thomas' Hospital","Nuclear Medicine Stand Alone","","f29e5907-2e86-4798-8a91-2170f83ffae2","f607f226-9fd1-43b7-8340-0d2d8a1f20e9","Updated and verified","address_line_1; address_town_city; address_post_code; phone_number","address_line2; address_line_3; address_county","Westminster Bridge Road","","","London","","SE1 7EH","020 7188 4084"
"244","Stepping Hill Hospital","Radiology based Nuclear Medicine","","4df71cb4-e01d-4603-8be1-b196a4a9926b","008fefce-6b2b-46b1-b42f-b4af60236fe4","Updated and verified","address_line_1; address_town_city; address_county; address_post_code","address_line2; address_line_3; phone_number","Poplar Grove","","","Stockport","Cheshire","SK2 7JE",""
"245","Stobhill Hospital Glasgow","Nuclear Medicine - Physics based","","79726fd8-8e0d-4d03-88bb-d4bee47cc91f","ac5589e4-8c34-4151-8175-adca5b18c916","Updated and verified","address_line_1; address_town_city; address_post_code","address_line2; address_line_3; address_county; phone_number","133 Balornock Road","","","Glasgow","","G21 3UW",""
"246","Sunderland Royal Hospital","Radiology based Nuclear Medicine","","63cae3ed-cfd1-4957-a486-1a8ca0f6bc9a","a60488ac-8fec-4751-9aaa-5a8e67488b5b","Updated and verified","address_line_1; address_town_city; address_county; address_post_code","address_line2; address_line_3; phone_number","Kayll Road","","","Sunderland","Tyne and Wear","SR4 7TP",""
"247","Sunderland Royal Hospital","Radiopharmacy","","ffa33dad-94db-4c34-922a-b24facee62b2","a60488ac-8fec-4751-9aaa-5a8e67488b5b","Updated and verified","address_line_1; address_town_city; address_county; address_post_code","address_line2; address_line_3; phone_number","Kayll Road","","","Sunderland","Tyne and Wear","SR4 7TP",""
"248","Tameside General Hospital","Nuclear Medicine Stand Alone","","721d5d20-01f5-402a-b46a-f2f553427a31","dec09e0f-3823-4944-beaf-de77231228c2","Updated and verified","address_line_1; address_town_city; address_county; address_post_code","address_line2; address_line_3; phone_number","Fountain Street","","","Ashton-under-Lyne","Lancashire","OL6 9RW",""
"249","The Alexandra Hospital","Nuclear Medicine Stand Alone","","9a2bc833-afb0-41f8-a260-ac0fa703bdbf","69a1a5ff-0ff8-4921-8e11-7604430f7b80","Updated and verified","address_line_1; address_town_city; address_county; address_post_code","address_line2; address_line_3; phone_number","Mill Lane","","","Cheadle","Cheshire","SK8 2PX",""
"250","The Cancer Centre Wimbledon","Radiology based Nuclear Medicine","","3dcfecb8-37b3-4a3a-86e0-5aef3734e30a","227af740-d474-4d1f-b3c0-d2f4671beb04","Updated and verified","address_line_1; address_line2; address_town_city; address_post_code","address_line_3; address_county; phone_number","49 Parkside","Wimbledon","","London","","SW19 5NB",""
"251","The Christie Hospital","Nuclear Medicine Stand Alone","","94633fb2-19ee-42f8-be94-98a69f556ad1","75df674e-5202-43e3-bf9f-d380a3caafab","Updated and verified","address_line_1; address_line2; address_town_city; address_county; address_post_code","address_line_3; phone_number","550 Wilmslow Road","Withington","","Manchester","Greater Manchester","M20 4BX",""
"252","The Christie Hospital","Radiopharmacy","","e02f0526-7323-485c-a148-ba28fb33791f","75df674e-5202-43e3-bf9f-d380a3caafab","Updated and verified","address_line_1; address_line2; address_town_city; address_county; address_post_code","address_line_3; phone_number","550 Wilmslow Road","Withington","","Manchester","Greater Manchester","M20 4BX",""
"253","The Harley Street Clinic","Radiology based Nuclear Medicine","","341dd89e-ce14-4445-b89b-d923cec1683f","7f037648-d1d6-48fd-b5c7-fa15596ba48e","Updated and verified","address_line_1; address_town_city; address_post_code","address_line2; address_line_3; address_county; phone_number","35 Weymouth Street","","","London","","W1G 8BJ",""
"254","The James Cook University Hospital","Nuclear Medicine - Physics based","","1874a218-ecdc-42e4-98b3-87f4e7ac6761","ab14f948-f1f7-4317-8ad4-f3bcdd14fe10","Updated and verified","address_line_1; address_town_city; address_post_code","address_line2; address_line_3; address_county; phone_number","Marton Road","","","Middlesbrough","","TS4 3BW",""
"255","The James Cook University Hospital","Radiopharmacy","","2bd8bebd-d195-4159-94d3-1e98479fea14","ab14f948-f1f7-4317-8ad4-f3bcdd14fe10","Updated and verified","address_line_1; address_town_city; address_post_code","address_line2; address_line_3; address_county; phone_number","Marton Road","","","Middlesbrough","","TS4 3BW",""
"256","The London Clinic","PET Centre","","5efa5cfa-374a-44c4-bf29-bc1880db8c7f","30765e1c-f993-4ec2-8f17-9c239c505342","Updated and verified","address_line_1; address_town_city; address_post_code","address_line2; address_line_3; address_county; phone_number","20 Devonshire Place","","","London","","W1G 6BW",""
"257","The London Independent Hospital","Nuclear Medicine Stand Alone","","a1381eb2-9cb4-4230-824d-1086453d82aa","bae078c5-f669-4ec1-8863-75145a4f14aa","Updated and verified","address_line_1; address_line2; address_town_city; address_post_code","address_line_3; address_county; phone_number","1 Beaumont Square","Stepney Green","","London","","E1 4NL",""
"258","The Royal London Hospital","Radiology based Nuclear Medicine","","b13edc45-7c9a-4510-b193-0d180b121451","6b3b683a-fba0-4865-b8fc-60994ae69bf2","Updated and verified","address_line_1; address_line2; address_town_city; address_post_code","address_line_3; address_county; phone_number","Whitechapel Road","Whitechapel","","London","","E1 1FR",""
"259","The Royal Marsden, Chelsea","PET Centre","","2ec95556-0147-4964-b5da-902a5865ef77","0f0ee8ec-2323-44e9-9677-74737df5931f","Updated and verified","address_line_1; address_town_city; address_post_code","address_line2; address_line_3; address_county; phone_number","Fulham Road","","","London","","SW3 6JJ",""
"260","The Royal Marsden, Sutton","PET Centre","","146c2712-3faa-4296-9bc8-54d808fe01c7","c15cd6bd-ca8c-49c0-b7e5-58a0ff80dd3d","Updated and verified","address_line_1; address_town_city; address_county; address_post_code","address_line2; address_line_3; phone_number","Downs Road","","","Sutton","Surrey","SM2 5PT",""
"261","The Royal Marsden, Sutton","Radiopharmacy","","f2ef82c4-de57-4241-813d-461814d1f857","c15cd6bd-ca8c-49c0-b7e5-58a0ff80dd3d","Updated and verified","address_line_1; address_town_city; address_county; address_post_code","address_line2; address_line_3; phone_number","Downs Road","","","Sutton","Surrey","SM2 5PT",""
"262","The Wellington Hospital","Radiology based Nuclear Medicine","","fff7b6ae-6584-4d21-80df-6e749f6ac9b3","d5b992ed-c486-4b02-9ac6-e7bc0270d28d","Updated and verified","address_line_1; address_line2; address_town_city; address_post_code","address_line_3; address_county; phone_number","8A Wellington Place","St John's Wood","","London","","NW8 9LE",""
"263","Torbay Hospital","Nuclear Medicine Stand Alone","","36f60835-cb8e-428f-8dd0-c1dfe5e37d11","c23ee6aa-a09a-474c-8f66-cdc5b2103886","Updated and verified","address_line_1; address_town_city; address_county; address_post_code","address_line2; address_line_3; phone_number","Lowes Bridge","","","Torquay","Devon","TQ2 7AA",""
"264","Torbay Hospital","Radiopharmacy","","95d8e042-e104-4716-9584-b7497601afa7","c23ee6aa-a09a-474c-8f66-cdc5b2103886","Updated and verified","address_line_1; address_town_city; address_county; address_post_code","address_line2; address_line_3; phone_number","Lowes Bridge","","","Torquay","Devon","TQ2 7AA",""
"265","Tunbridge Wells Hospital","Radiology based Nuclear Medicine","","715654cf-44b7-4893-885c-1dddd707a4fe","0178e432-c01e-46f3-aa22-0b61d5068a31","Updated and verified","address_line_1; address_line2; address_town_city; address_county; address_post_code","address_line_3; phone_number","Tonbridge Road","Pembury","","Tunbridge Wells","Kent","TN2 4QJ",""
"266","University College Hospital","PET Centre","","4b87d12c-af1a-40c7-a5b6-b240a60ecca7","044ec481-4314-436a-908f-f716d864c139","Updated and verified","address_line_1; address_town_city; address_post_code","address_line2; address_line_3; address_county; phone_number","235 Euston Road","","","London","","NW1 2BU",""
"267","University College Hospital","Radiopharmacy","","4c3ac5b2-bc34-4c79-85fa-437b7a106a86","044ec481-4314-436a-908f-f716d864c139","Updated and verified","address_line_1; address_town_city; address_post_code","address_line2; address_line_3; address_county; phone_number","235 Euston Road","","","London","","NW1 2BU",""
"268","University Hospital Ayr","Nuclear Medicine - Physics based","","fd830413-cea6-4276-9c9a-25dcd8b08f1f","8b37a6c3-66c0-4937-8b50-8c91c6d23d88","Updated and verified","address_line_1; address_town_city; address_post_code","address_line2; address_line_3; address_county; phone_number","Dalmellington Road","","","Ayr","","KA6 6DX",""
"269","University Hospital Coventry","Nuclear Medicine Stand Alone","","4cd68788-5333-45d5-ab3e-88fcea4b9293","bd2b845b-a8b7-49f8-ad1b-17c466c94f2f","Updated and verified","address_line_1; address_town_city; address_county; address_post_code","address_line2; address_line_3; phone_number","Clifford Bridge Road","","","Coventry","West Midlands","CV2 2DX",""
"270","University Hospital Coventry","Radiopharmacy","","6cab6cb9-2a26-4a1f-9292-b5112fc71e54","bd2b845b-a8b7-49f8-ad1b-17c466c94f2f","Updated and verified","address_line_1; address_town_city; address_county; address_post_code","address_line2; address_line_3; phone_number","Clifford Bridge Road","","","Coventry","West Midlands","CV2 2DX",""
"271","University Hospital Coventry","PET Centre","","ad920974-8272-435e-af15-4a1c5631c6fc","bd2b845b-a8b7-49f8-ad1b-17c466c94f2f","Updated and verified","address_line_1; address_town_city; address_county; address_post_code","address_line2; address_line_3; phone_number","Clifford Bridge Road","","","Coventry","West Midlands","CV2 2DX",""
"272","University Hospital Lewisham","Radiology based Nuclear Medicine","","77fa1f5a-7af0-44e4-ad29-55b390f0f0ef","6aed68a4-28c7-42ac-9747-ab530570611d","Updated and verified","address_line_1; address_town_city; address_post_code","address_line2; address_line_3; address_county; phone_number","Lewisham High Street","","","London","","SE13 6LH",""
"273","University Hospital Llandough","Radiology based Nuclear Medicine","","df43a675-4bc3-4295-80de-bc0d8af9e7e3","703e038c-a211-45b7-a60b-be3225c51d9c","Updated and verified","address_line_1; address_line2; address_town_city; address_post_code","address_line_3; address_county; phone_number","Penlan Road","Llandough","","Penarth","","CF64 2XX",""
"274","University Hospital Monklands","Nuclear Medicine Stand Alone","","790c3adf-0bb8-4279-8cc7-e001215c9041","5cd15c91-5dd5-45cf-acf6-bcf4663c8dfe","Updated and verified","address_line_1; address_town_city; address_post_code","address_line2; address_line_3; address_county; phone_number","Monkscourt Avenue","","","Airdrie","","ML6 0JS",""
"275","University Hospital North Durham","Nuclear Medicine - Physics based","","3fcf77c9-7f9e-44f7-a9e0-5fe5297fba59","305de5da-03ac-48a3-9a3e-328821a3fa06","Updated and verified","address_line_1; address_town_city; address_post_code","address_line2; address_line_3; address_county; phone_number","North Road","","","Durham","","DH1 5TW",""
"276","University Hospital of Hartlepool","Radiopharmacy","","3951038a-a53c-4ef2-9e02-dfbb21043ae2","41d6fa27-b04e-45be-b002-afe9ae14d798","Updated and verified","address_line_1; address_town_city; address_post_code","address_line2; address_line_3; address_county; phone_number","Holdforth Road","","","Hartlepool","","TS24 9AH",""
"277","University Hospital of Hartlepool","Nuclear Medicine - Physics based","","f861f963-a29f-4789-a470-c8affdd40672","41d6fa27-b04e-45be-b002-afe9ae14d798","Updated and verified","address_line_1; address_town_city; address_post_code","address_line2; address_line_3; address_county; phone_number","Holdforth Road","","","Hartlepool","","TS24 9AH",""
"278","University Hospital of Wales","PET Centre","","694b5272-a2b0-42b2-984c-d7016c508a00","740557c7-ceb7-4aab-aa8a-4966bab0c216","Updated and verified","address_line_1; address_town_city; address_post_code","address_line2; address_line_3; address_county; phone_number","Heath Park","","","Cardiff","","CF14 4XW",""
"279","University Hospital of Wales","Radiology based Nuclear Medicine","","8b862069-0a07-4556-a26d-6832c94665ac","740557c7-ceb7-4aab-aa8a-4966bab0c216","Updated and verified","address_line_1; address_town_city; address_post_code","address_line2; address_line_3; address_county; phone_number","Heath Park","","","Cardiff","","CF14 4XW",""
"280","University Hospital of Wales","Radiopharmacy","","99acb0a5-45d6-49ef-8e83-481b5e6df774","740557c7-ceb7-4aab-aa8a-4966bab0c216","Updated and verified","address_line_1; address_town_city; address_post_code","address_line2; address_line_3; address_county; phone_number","Heath Park","","","Cardiff","","CF14 4XW",""
"281","University Hospital of Wales","Nuclear Medicine - Physics based","","a10b3d9a-51ec-44b4-b0bc-22ad38e25825","740557c7-ceb7-4aab-aa8a-4966bab0c216","Updated and verified","address_line_1; address_town_city; address_post_code","address_line2; address_line_3; address_county; phone_number","Heath Park","","","Cardiff","","CF14 4XW",""
"282","Velindre Hospital","Nuclear Medicine - Physics based","","08174792-e727-474f-b0a9-932844c4a1de","f71d54b8-dea1-403c-ac7c-032c0c8e9141","Updated and verified","address_line_1; address_line2; address_town_city; address_post_code","address_line_3; address_county; phone_number","Velindre Road","Whitchurch","","Cardiff","","CF14 2TL",""
"283","Victoria Hospital Kirkcaldy","Nuclear Medicine Stand Alone","","7a622e90-0397-45c9-ad66-ac80c5a74108","9a51a25b-6d42-47f2-b7a5-174db3c98e77","Updated and verified","address_line_1; address_town_city; address_post_code","address_line2; address_line_3; address_county; phone_number","Hayfield Road","","","Kirkcaldy","","KY2 5AH",""
"284","Wales Research & Diagnostic PET Imaging Centre","PET Centre","","1e4ff7a8-4907-4fb2-a7b2-03685a9aa7a3","44507250-4ee5-4773-8b39-d786a91b937c","Updated and verified","address_line_1; address_town_city; address_post_code; phone_number","address_line2; address_line_3; address_county","Heath Park","","","Cardiff","","CF14 4XN","029 2074 6880"
"285","West Cumberland Hospital","Radiology based Nuclear Medicine","","f093fbd2-8781-4a1d-930d-794985bb097b","336b1a93-d973-45b7-913f-c40f7932f67a","Updated and verified","address_line_1; address_town_city; address_county; address_post_code","address_line2; address_line_3; phone_number","Homewood Road","","","Whitehaven","Cumbria","CA28 8JG",""
"286","West Glasgow Ambulatory Care Hospital","PET Centre","","d50e4df5-3ed0-4a69-bb9c-e8df6ee7d879","85ca50c0-b614-41a8-a6e2-f8128a0e92da","Updated and verified","address_line_1; address_line2; address_town_city; address_post_code","address_line_3; address_county; phone_number","Dalnair Street","Yorkhill","","Glasgow","","G3 8SJ",""
"287","West Suffolk Hospital","Radiology based Nuclear Medicine","","600732a9-08ae-409d-af71-7ada750e671e","3eef5c87-60c6-48c7-9291-c9899bda4622","Updated and verified","address_line_1; address_town_city; address_county; address_post_code","address_line2; address_line_3; phone_number","Hardwick Lane","","","Bury St Edmunds","Suffolk","IP33 2QZ",""
"288","Western General Hospital","Radiology based Nuclear Medicine","","f84b55b0-9641-4395-81d5-f3786381b08e","d6cefdc2-435c-472a-a785-1320188a0747","Updated and verified","address_line_1; address_town_city; address_post_code","address_line2; address_line_3; address_county; phone_number","Crewe Road South","","","Edinburgh","","EH4 2XU",""
"289","Weston Park Cancer Centre","Nuclear Medicine - Physics based","","8054fa8a-78c5-453b-a528-0785a371ca07","b9bf914b-d3c4-45af-8adc-7d4532b6ffde","Updated and verified","address_line_1; address_town_city; address_county; address_post_code","address_line2; address_line_3; phone_number","Whitham Road","","","Sheffield","South Yorkshire","S10 2SJ",""
"290","Whipps Cross University Hospital","Radiology based Nuclear Medicine","","b7ef3d21-cc0d-48ba-9e22-17e4395e21e6","7c2a04f0-9740-46d8-a2fb-c28c3f18ade5","Updated and verified","address_line_1; address_line2; address_town_city; address_post_code","address_line_3; address_county; phone_number","Whipps Cross Road","Leytonstone","","London","","E11 1NR",""
"291","Whiston Hospital","Radiology based Nuclear Medicine","","77ef6c83-d0de-4af4-9a52-8d84f5234a19","f85a9bf4-044c-48db-89f7-10878f6cd3f3","Updated and verified","address_line_1; address_town_city; address_county; address_post_code","address_line2; address_line_3; phone_number","Warrington Road","","","Prescot","Merseyside","L35 5DR",""
"292","Whittington Hospital","Nuclear Medicine Stand Alone","","907541b9-d8b7-4aee-9c26-6ed91f9a11b1","267546f2-c55c-4909-93ab-dbafa74db3bc","Updated and verified","address_line_1; address_town_city; address_post_code","address_line2; address_line_3; address_county; phone_number","Magdala Avenue","","","London","","N19 5NF",""
"293","William Harvey Hospital","Nuclear Medicine Stand Alone","","fa05d50d-a29a-43e0-9f83-cb32169529d8","da46fe5f-5ee6-49f5-a340-8e6990c80448","Updated and verified","address_line_1; address_line2; address_town_city; address_county; address_post_code","address_line_3; phone_number","Kennington Road","Willesborough","","Ashford","Kent","TN24 0LZ",""
"294","Withybush General Hospital","Radiology based Nuclear Medicine","","ecfd9ace-5197-4913-a0e3-c773e28e619a","40ba22e6-a485-4fc0-8346-167053f91be0","Updated and verified","address_line_1; address_town_city; address_county; address_post_code","address_line2; address_line_3; phone_number","Fishguard Road","","","Haverfordwest","Pembrokeshire","SA61 2PZ",""
"295","Worcestershire Royal Hospital","Radiology based Nuclear Medicine","","94015172-df64-49e1-a693-fb6c90711683","9ef4aa85-f117-4e17-b712-98ccc81e20d8","Updated and verified","address_line_1; address_town_city; address_county; address_post_code","address_line2; address_line_3; phone_number","Charles Hastings Way","","","Worcester","Worcestershire","WR5 1DD",""
"296","Wrexham Maelor Hospital","Radiopharmacy","","761b60e1-389d-4997-a03f-440dfe89f9a2","88ae52a9-e43c-4e60-b966-84ae16c7ece0","Updated and verified","address_line_1; address_town_city; address_post_code","address_line2; address_line_3; address_county; phone_number","Croesnewydd Road","","","Wrexham","","LL13 7TD",""
"297","Wrexham Maelor Hospital","Radiology based Nuclear Medicine","","7cc3774f-aaa4-44bd-a50a-9c8acb8e554a","88ae52a9-e43c-4e60-b966-84ae16c7ece0","Updated and verified","address_line_1; address_town_city; address_post_code","address_line2; address_line_3; address_county; phone_number","Croesnewydd Road","","","Wrexham","","LL13 7TD",""
"298","Wycombe Hospital","Radiology based Nuclear Medicine","","c4eb53a5-a052-421d-a9bc-e281445468e4","758b2370-c539-4738-8ffa-8965f4bd0194","Updated and verified","address_line_1; address_town_city; address_county; address_post_code","address_line2; address_line_3; phone_number","Queen Alexandra Road","","","High Wycombe","Buckinghamshire","HP11 2TT",""
"299","Wythenshawe Hospital","Radiology based Nuclear Medicine","","82361c78-bd8c-4ca7-9d7b-4a00479ac03b","5c16940d-cfc5-4457-8973-91edafd2f057","Updated and verified","address_line_1; address_line2; address_town_city; address_county; address_post_code","address_line_3; phone_number","Southmoor Road","Wythenshawe","","Manchester","Greater Manchester","M23 9LT",""
"300","York Hospital","Radiology based Nuclear Medicine","","37398088-08fa-41a4-bd9b-04d95782736e","24d9562c-ebaa-4afe-a4ae-d6224dbb80c1","Updated and verified","address_line_1; address_town_city; address_county; address_post_code","address_line2; address_line_3; phone_number","Wigginton Road","","","York","North Yorkshire","YO31 8HE",""
"301","York Hospital","Radiopharmacy","","f1f246e3-16a4-45ab-9ff8-ee357d55b552","24d9562c-ebaa-4afe-a4ae-d6224dbb80c1","Updated and verified","address_line_1; address_town_city; address_county; address_post_code","address_line2; address_line_3; phone_number","Wigginton Road","","","York","North Yorkshire","YO31 8HE",""
"302","Ysbyty Gwynedd","Nuclear Medicine Stand Alone","","0c9c264e-9056-43f5-be51-8d584af94368","4ea2c885-d96f-40ef-8099-8b6febc6ebdb","Updated and verified","address_line_1; address_town_city; address_county; address_post_code","address_line2; address_line_3; phone_number","Penrhosgarnedd","","","Bangor","Gwynedd","LL57 2PW",""
